solid OpenSCAD_Model
  facet normal 0.8314696151574067 0.555570228747 0
    outer loop
      vertex -10.872688673436642 -13.569637574255466 0
      vertex -10.952627941966057 -13.450000002980232 0
      vertex -10.952627941966057 -13.450000002980232 9
    endloop
  endfacet
  facet normal 0.8968727403064517 0.4422886927055634 0
    outer loop
      vertex -10.952627941966057 -13.450000002980232 0
      vertex -11.016267485916615 -13.320951774716377 0
      vertex -11.016267485916615 -13.320951774716377 9
    endloop
  endfacet
  facet normal 0.7518397899395236 0.6593458350999823 0
    outer loop
      vertex -10.777817457914352 -13.677817456424236 0
      vertex -10.872688673436642 -13.569637574255466 0
      vertex -10.872688673436642 -13.569637574255466 9
    endloop
  endfacet
  facet normal 0.6593458094310691 0.7518398124505568 0
    outer loop
      vertex -10.669637568295002 -13.772688671946526 0
      vertex -10.777817457914352 -13.677817456424236 0
      vertex -10.777817457914352 -13.677817456424236 9
    endloop
  endfacet
  facet normal 0.555570228747 0.8314696151574067 0
    outer loop
      vertex -10.549999997019768 -13.85262794047594 0
      vertex -10.669637568295002 -13.772688671946526 0
      vertex -10.669637568295002 -13.772688671946526 9
    endloop
  endfacet
  facet normal 0.9469301251010733 0.3214394782475631 0
    outer loop
      vertex -11.016267485916615 -13.320951774716377 0
      vertex -11.062518410384655 -13.184700950980186 0
      vertex -11.062518410384655 -13.184700950980186 9
    endloop
  endfacet
  facet normal 0.980785286837259 0.19509028967008044 0
    outer loop
      vertex -11.062518410384655 -13.184700950980186 0
      vertex -11.090589344501495 -13.043578810989857 0
      vertex -11.090589344501495 -13.043578810989857 9
    endloop
  endfacet
  facet normal 0.9978589212284691 0.06540315989886114 0
    outer loop
      vertex -11.090589344501495 -13.043578810989857 0
      vertex -11.100000001490116 -12.899999998509884 0
      vertex -11.100000001490116 -12.899999998509884 9
    endloop
  endfacet
  facet normal 0.44228871324580626 0.8968727301771245 0
    outer loop
      vertex -10.420951776206493 -13.916267484426498 0
      vertex -10.549999997019768 -13.85262794047594 0
      vertex -10.549999997019768 -13.85262794047594 9
    endloop
  endfacet
  facet normal 0.3214394782475631 0.9469301251010733 0
    outer loop
      vertex -10.284700952470303 -13.962518408894539 0
      vertex -10.420951776206493 -13.916267484426498 0
      vertex -10.420951776206493 -13.916267484426498 9
    endloop
  endfacet
  facet normal 0.19509033948010815 0.9807852769294286 0
    outer loop
      vertex -10.143578812479973 -13.99058935046196 0
      vertex -10.284700952470303 -13.962518408894539 0
      vertex -10.284700952470303 -13.962518408894539 9
    endloop
  endfacet
  facet normal 0.0654031083395394 0.9978589246078458 0
    outer loop
      vertex -10 -14 0
      vertex -10.143578812479973 -13.99058935046196 0
      vertex -10.143578812479973 -13.99058935046196 9
    endloop
  endfacet
  facet normal -0.0654031083395394 0.9978589246078458 0
    outer loop
      vertex -9.856421187520027 -13.99058935046196 0
      vertex -10 -14 0
      vertex -10 -14 9
    endloop
  endfacet
  facet normal -0.19509033948010815 0.9807852769294286 0
    outer loop
      vertex -9.715299047529697 -13.962518408894539 0
      vertex -9.856421187520027 -13.99058935046196 0
      vertex -9.856421187520027 -13.99058935046196 9
    endloop
  endfacet
  facet normal -0.3214394782475631 0.9469301251010733 0
    outer loop
      vertex -9.579048223793507 -13.916267484426498 0
      vertex -9.715299047529697 -13.962518408894539 0
      vertex -9.715299047529697 -13.962518408894539 9
    endloop
  endfacet
  facet normal -0.44228871324580626 0.8968727301771245 0
    outer loop
      vertex -9.450000002980232 -13.85262794047594 0
      vertex -9.579048223793507 -13.916267484426498 0
      vertex -9.579048223793507 -13.916267484426498 9
    endloop
  endfacet
  facet normal -0.555570228747 0.8314696151574067 0
    outer loop
      vertex -9.330362431704998 -13.772688671946526 0
      vertex -9.450000002980232 -13.85262794047594 0
      vertex -9.450000002980232 -13.85262794047594 9
    endloop
  endfacet
  facet normal -0.6593458094310691 0.7518398124505568 0
    outer loop
      vertex -9.222182542085648 -13.677817456424236 0
      vertex -9.330362431704998 -13.772688671946526 0
      vertex -9.330362431704998 -13.772688671946526 9
    endloop
  endfacet
  facet normal -0.7518397899395236 0.6593458350999823 0
    outer loop
      vertex -9.127311326563358 -13.569637574255466 0
      vertex -9.222182542085648 -13.677817456424236 0
      vertex -9.222182542085648 -13.677817456424236 9
    endloop
  endfacet
  facet normal -0.8314696151574067 0.555570228747 0
    outer loop
      vertex -9.047372058033943 -13.450000002980232 0
      vertex -9.127311326563358 -13.569637574255466 0
      vertex -9.127311326563358 -13.569637574255466 9
    endloop
  endfacet
  facet normal -0.8968727403064517 0.4422886927055634 0
    outer loop
      vertex -8.983732514083385 -13.320951774716377 0
      vertex -9.047372058033943 -13.450000002980232 0
      vertex -9.047372058033943 -13.450000002980232 9
    endloop
  endfacet
  facet normal -0.9469301251010733 0.3214394782475631 0
    outer loop
      vertex -8.937481589615345 -13.184700950980186 0
      vertex -8.983732514083385 -13.320951774716377 0
      vertex -8.983732514083385 -13.320951774716377 9
    endloop
  endfacet
  facet normal -0.980785286837259 0.19509028967008044 0
    outer loop
      vertex -8.909410655498505 -13.043578810989857 0
      vertex -8.937481589615345 -13.184700950980186 0
      vertex -8.937481589615345 -13.184700950980186 9
    endloop
  endfacet
  facet normal -0.9978589212284691 0.06540315989886114 0
    outer loop
      vertex -8.899999998509884 -12.899999998509884 0
      vertex -8.909410655498505 -13.043578810989857 0
      vertex -8.909410655498505 -13.043578810989857 9
    endloop
  endfacet
  facet normal 1 0 0
    outer loop
      vertex -11.100000001490116 -12.899999998509884 0
      vertex -11.100000001490116 -7.100000001490116 0
      vertex -11.100000001490116 -7.100000001490116 9
    endloop
  endfacet
  facet normal -1 0 0
    outer loop
      vertex -8.899999998509884 -7.100000001490116 0
      vertex -8.899999998509884 -12.899999998509884 0
      vertex -8.899999998509884 -12.899999998509884 9
    endloop
  endfacet
  facet normal 0.9978589212284691 -0.06540315989886114 0
    outer loop
      vertex -11.100000001490116 -7.100000001490116 0
      vertex -11.090589344501495 -6.956421189010143 0
      vertex -11.090589344501495 -6.956421189010143 9
    endloop
  endfacet
  facet normal 0.980785286837259 -0.19509028967008044 0
    outer loop
      vertex -11.090589344501495 -6.956421189010143 0
      vertex -11.062518410384655 -6.8152990490198135 0
      vertex -11.062518410384655 -6.8152990490198135 9
    endloop
  endfacet
  facet normal 0.9469301251010733 -0.3214394782475631 0
    outer loop
      vertex -11.062518410384655 -6.8152990490198135 0
      vertex -11.016267485916615 -6.679048225283623 0
      vertex -11.016267485916615 -6.679048225283623 9
    endloop
  endfacet
  facet normal 0.8968727403064517 -0.4422886927055634 0
    outer loop
      vertex -11.016267485916615 -6.679048225283623 0
      vertex -10.952627941966057 -6.549999997019768 0
      vertex -10.952627941966057 -6.549999997019768 9
    endloop
  endfacet
  facet normal 0.8314696151574067 -0.555570228747 0
    outer loop
      vertex -10.952627941966057 -6.549999997019768 0
      vertex -10.872688673436642 -6.4303624257445335 0
      vertex -10.872688673436642 -6.4303624257445335 9
    endloop
  endfacet
  facet normal 0.7518397899395236 -0.6593458350999823 0
    outer loop
      vertex -10.872688673436642 -6.4303624257445335 0
      vertex -10.777817457914352 -6.322182543575764 0
      vertex -10.777817457914352 -6.322182543575764 9
    endloop
  endfacet
  facet normal 0.6593458094310691 -0.7518398124505568 0
    outer loop
      vertex -10.777817457914352 -6.322182543575764 0
      vertex -10.669637568295002 -6.227311328053474 0
      vertex -10.669637568295002 -6.227311328053474 9
    endloop
  endfacet
  facet normal -0.8314696151574067 -0.555570228747 0
    outer loop
      vertex -9.127311326563358 -6.4303624257445335 0
      vertex -9.047372058033943 -6.549999997019768 0
      vertex -9.047372058033943 -6.549999997019768 9
    endloop
  endfacet
  facet normal -0.7518397899395236 -0.6593458350999823 0
    outer loop
      vertex -9.222182542085648 -6.322182543575764 0
      vertex -9.127311326563358 -6.4303624257445335 0
      vertex -9.127311326563358 -6.4303624257445335 9
    endloop
  endfacet
  facet normal -0.9978589212284691 -0.06540315989886114 0
    outer loop
      vertex -8.909410655498505 -6.956421189010143 0
      vertex -8.899999998509884 -7.100000001490116 0
      vertex -8.899999998509884 -7.100000001490116 9
    endloop
  endfacet
  facet normal -0.980785286837259 -0.19509028967008044 0
    outer loop
      vertex -8.937481589615345 -6.8152990490198135 0
      vertex -8.909410655498505 -6.956421189010143 0
      vertex -8.909410655498505 -6.956421189010143 9
    endloop
  endfacet
  facet normal -0.9469301251010733 -0.3214394782475631 0
    outer loop
      vertex -8.983732514083385 -6.679048225283623 0
      vertex -8.937481589615345 -6.8152990490198135 0
      vertex -8.937481589615345 -6.8152990490198135 9
    endloop
  endfacet
  facet normal -0.8968727403064517 -0.4422886927055634 0
    outer loop
      vertex -9.047372058033943 -6.549999997019768 0
      vertex -8.983732514083385 -6.679048225283623 0
      vertex -8.983732514083385 -6.679048225283623 9
    endloop
  endfacet
  facet normal 0.555570228747 -0.8314696151574067 0
    outer loop
      vertex -10.669637568295002 -6.227311328053474 0
      vertex -10.549999997019768 -6.147372059524059 0
      vertex -10.549999997019768 -6.147372059524059 9
    endloop
  endfacet
  facet normal 0.44228871324580626 -0.8968727301771245 0
    outer loop
      vertex -10.549999997019768 -6.147372059524059 0
      vertex -10.420951776206493 -6.083732515573502 0
      vertex -10.420951776206493 -6.083732515573502 9
    endloop
  endfacet
  facet normal 0.3214394782475631 -0.9469301251010733 0
    outer loop
      vertex -10.420951776206493 -6.083732515573502 0
      vertex -10.284700952470303 -6.037481591105461 0
      vertex -10.284700952470303 -6.037481591105461 9
    endloop
  endfacet
  facet normal 0.19509033948010815 -0.9807852769294286 0
    outer loop
      vertex -10.284700952470303 -6.037481591105461 0
      vertex -10.143578812479973 -6.00941064953804 0
      vertex -10.143578812479973 -6.00941064953804 9
    endloop
  endfacet
  facet normal 0.0654031083395394 -0.9978589246078458 0
    outer loop
      vertex -10.143578812479973 -6.00941064953804 0
      vertex -10 -6 0
      vertex -10 -6 9
    endloop
  endfacet
  facet normal -0.0654031083395394 -0.9978589246078458 0
    outer loop
      vertex -10 -6 0
      vertex -9.856421187520027 -6.00941064953804 0
      vertex -9.856421187520027 -6.00941064953804 9
    endloop
  endfacet
  facet normal -0.19509033948010815 -0.9807852769294286 0
    outer loop
      vertex -9.856421187520027 -6.00941064953804 0
      vertex -9.715299047529697 -6.037481591105461 0
      vertex -9.715299047529697 -6.037481591105461 9
    endloop
  endfacet
  facet normal -0.3214394782475631 -0.9469301251010733 0
    outer loop
      vertex -9.715299047529697 -6.037481591105461 0
      vertex -9.579048223793507 -6.083732515573502 0
      vertex -9.579048223793507 -6.083732515573502 9
    endloop
  endfacet
  facet normal -0.44228871324580626 -0.8968727301771245 0
    outer loop
      vertex -9.579048223793507 -6.083732515573502 0
      vertex -9.450000002980232 -6.147372059524059 0
      vertex -9.450000002980232 -6.147372059524059 9
    endloop
  endfacet
  facet normal -0.555570228747 -0.8314696151574067 0
    outer loop
      vertex -9.450000002980232 -6.147372059524059 0
      vertex -9.330362431704998 -6.227311328053474 0
      vertex -9.330362431704998 -6.227311328053474 9
    endloop
  endfacet
  facet normal -0.6593458094310691 -0.7518398124505568 0
    outer loop
      vertex -9.330362431704998 -6.227311328053474 0
      vertex -9.222182542085648 -6.322182543575764 0
      vertex -9.222182542085648 -6.322182543575764 9
    endloop
  endfacet
  facet normal 0.8314696151574067 0.555570228747 0
    outer loop
      vertex -10.872688673436642 -13.569637574255466 0
      vertex -10.952627941966057 -13.450000002980232 9
      vertex -10.872688673436642 -13.569637574255466 9
    endloop
  endfacet
  facet normal 0.8968727403064517 0.4422886927055634 0
    outer loop
      vertex -10.952627941966057 -13.450000002980232 0
      vertex -11.016267485916615 -13.320951774716377 9
      vertex -10.952627941966057 -13.450000002980232 9
    endloop
  endfacet
  facet normal 0.7518397899395236 0.6593458350999823 0
    outer loop
      vertex -10.777817457914352 -13.677817456424236 0
      vertex -10.872688673436642 -13.569637574255466 9
      vertex -10.777817457914352 -13.677817456424236 9
    endloop
  endfacet
  facet normal 0.6593458094310691 0.7518398124505568 0
    outer loop
      vertex -10.669637568295002 -13.772688671946526 0
      vertex -10.777817457914352 -13.677817456424236 9
      vertex -10.669637568295002 -13.772688671946526 9
    endloop
  endfacet
  facet normal 0.9469301251010733 0.3214394782475631 0
    outer loop
      vertex -11.016267485916615 -13.320951774716377 0
      vertex -11.062518410384655 -13.184700950980186 9
      vertex -11.016267485916615 -13.320951774716377 9
    endloop
  endfacet
  facet normal 0.980785286837259 0.19509028967008044 0
    outer loop
      vertex -11.062518410384655 -13.184700950980186 0
      vertex -11.090589344501495 -13.043578810989857 9
      vertex -11.062518410384655 -13.184700950980186 9
    endloop
  endfacet
  facet normal 0.9978589212284691 0.06540315989886114 0
    outer loop
      vertex -11.090589344501495 -13.043578810989857 0
      vertex -11.100000001490116 -12.899999998509884 9
      vertex -11.090589344501495 -13.043578810989857 9
    endloop
  endfacet
  facet normal 0.555570228747 0.8314696151574067 0
    outer loop
      vertex -10.549999997019768 -13.85262794047594 0
      vertex -10.669637568295002 -13.772688671946526 9
      vertex -10.549999997019768 -13.85262794047594 9
    endloop
  endfacet
  facet normal 0.44228871324580626 0.8968727301771245 0
    outer loop
      vertex -10.420951776206493 -13.916267484426498 0
      vertex -10.549999997019768 -13.85262794047594 9
      vertex -10.420951776206493 -13.916267484426498 9
    endloop
  endfacet
  facet normal 0.3214394782475631 0.9469301251010733 0
    outer loop
      vertex -10.284700952470303 -13.962518408894539 0
      vertex -10.420951776206493 -13.916267484426498 9
      vertex -10.284700952470303 -13.962518408894539 9
    endloop
  endfacet
  facet normal 0.19509033948010815 0.9807852769294286 0
    outer loop
      vertex -10.143578812479973 -13.99058935046196 0
      vertex -10.284700952470303 -13.962518408894539 9
      vertex -10.143578812479973 -13.99058935046196 9
    endloop
  endfacet
  facet normal 0.0654031083395394 0.9978589246078458 0
    outer loop
      vertex -10 -14 0
      vertex -10.143578812479973 -13.99058935046196 9
      vertex -10 -14 9
    endloop
  endfacet
  facet normal -0.0654031083395394 0.9978589246078458 0
    outer loop
      vertex -9.856421187520027 -13.99058935046196 0
      vertex -10 -14 9
      vertex -9.856421187520027 -13.99058935046196 9
    endloop
  endfacet
  facet normal -0.19509033948010815 0.9807852769294286 0
    outer loop
      vertex -9.715299047529697 -13.962518408894539 0
      vertex -9.856421187520027 -13.99058935046196 9
      vertex -9.715299047529697 -13.962518408894539 9
    endloop
  endfacet
  facet normal -0.3214394782475631 0.9469301251010733 0
    outer loop
      vertex -9.579048223793507 -13.916267484426498 0
      vertex -9.715299047529697 -13.962518408894539 9
      vertex -9.579048223793507 -13.916267484426498 9
    endloop
  endfacet
  facet normal -0.44228871324580626 0.8968727301771245 0
    outer loop
      vertex -9.450000002980232 -13.85262794047594 0
      vertex -9.579048223793507 -13.916267484426498 9
      vertex -9.450000002980232 -13.85262794047594 9
    endloop
  endfacet
  facet normal -0.555570228747 0.8314696151574067 0
    outer loop
      vertex -9.330362431704998 -13.772688671946526 0
      vertex -9.450000002980232 -13.85262794047594 9
      vertex -9.330362431704998 -13.772688671946526 9
    endloop
  endfacet
  facet normal -0.6593458094310691 0.7518398124505568 0
    outer loop
      vertex -9.222182542085648 -13.677817456424236 0
      vertex -9.330362431704998 -13.772688671946526 9
      vertex -9.222182542085648 -13.677817456424236 9
    endloop
  endfacet
  facet normal -0.7518397899395236 0.6593458350999823 0
    outer loop
      vertex -9.127311326563358 -13.569637574255466 0
      vertex -9.222182542085648 -13.677817456424236 9
      vertex -9.127311326563358 -13.569637574255466 9
    endloop
  endfacet
  facet normal -0.8314696151574067 0.555570228747 0
    outer loop
      vertex -9.047372058033943 -13.450000002980232 0
      vertex -9.127311326563358 -13.569637574255466 9
      vertex -9.047372058033943 -13.450000002980232 9
    endloop
  endfacet
  facet normal -0.8968727403064517 0.4422886927055634 0
    outer loop
      vertex -8.983732514083385 -13.320951774716377 0
      vertex -9.047372058033943 -13.450000002980232 9
      vertex -8.983732514083385 -13.320951774716377 9
    endloop
  endfacet
  facet normal -0.9469301251010733 0.3214394782475631 0
    outer loop
      vertex -8.937481589615345 -13.184700950980186 0
      vertex -8.983732514083385 -13.320951774716377 9
      vertex -8.937481589615345 -13.184700950980186 9
    endloop
  endfacet
  facet normal -0.980785286837259 0.19509028967008044 0
    outer loop
      vertex -8.909410655498505 -13.043578810989857 0
      vertex -8.937481589615345 -13.184700950980186 9
      vertex -8.909410655498505 -13.043578810989857 9
    endloop
  endfacet
  facet normal -0.9978589212284691 0.06540315989886114 0
    outer loop
      vertex -8.899999998509884 -12.899999998509884 0
      vertex -8.909410655498505 -13.043578810989857 9
      vertex -8.899999998509884 -12.899999998509884 9
    endloop
  endfacet
  facet normal 1 0 0
    outer loop
      vertex -11.100000001490116 -12.899999998509884 0
      vertex -11.100000001490116 -7.100000001490116 9
      vertex -11.100000001490116 -12.899999998509884 9
    endloop
  endfacet
  facet normal -1 0 0
    outer loop
      vertex -8.899999998509884 -7.100000001490116 0
      vertex -8.899999998509884 -12.899999998509884 9
      vertex -8.899999998509884 -7.100000001490116 9
    endloop
  endfacet
  facet normal 0.9978589212284691 -0.06540315989886114 0
    outer loop
      vertex -11.100000001490116 -7.100000001490116 0
      vertex -11.090589344501495 -6.956421189010143 9
      vertex -11.100000001490116 -7.100000001490116 9
    endloop
  endfacet
  facet normal 0.980785286837259 -0.19509028967008044 0
    outer loop
      vertex -11.090589344501495 -6.956421189010143 0
      vertex -11.062518410384655 -6.8152990490198135 9
      vertex -11.090589344501495 -6.956421189010143 9
    endloop
  endfacet
  facet normal 0.9469301251010733 -0.3214394782475631 0
    outer loop
      vertex -11.062518410384655 -6.8152990490198135 0
      vertex -11.016267485916615 -6.679048225283623 9
      vertex -11.062518410384655 -6.8152990490198135 9
    endloop
  endfacet
  facet normal 0.8968727403064517 -0.4422886927055634 0
    outer loop
      vertex -11.016267485916615 -6.679048225283623 0
      vertex -10.952627941966057 -6.549999997019768 9
      vertex -11.016267485916615 -6.679048225283623 9
    endloop
  endfacet
  facet normal 0.8314696151574067 -0.555570228747 0
    outer loop
      vertex -10.952627941966057 -6.549999997019768 0
      vertex -10.872688673436642 -6.4303624257445335 9
      vertex -10.952627941966057 -6.549999997019768 9
    endloop
  endfacet
  facet normal 0.7518397899395236 -0.6593458350999823 0
    outer loop
      vertex -10.872688673436642 -6.4303624257445335 0
      vertex -10.777817457914352 -6.322182543575764 9
      vertex -10.872688673436642 -6.4303624257445335 9
    endloop
  endfacet
  facet normal 0.6593458094310691 -0.7518398124505568 0
    outer loop
      vertex -10.777817457914352 -6.322182543575764 0
      vertex -10.669637568295002 -6.227311328053474 9
      vertex -10.777817457914352 -6.322182543575764 9
    endloop
  endfacet
  facet normal 0.555570228747 -0.8314696151574067 0
    outer loop
      vertex -10.669637568295002 -6.227311328053474 0
      vertex -10.549999997019768 -6.147372059524059 9
      vertex -10.669637568295002 -6.227311328053474 9
    endloop
  endfacet
  facet normal -0.8314696151574067 -0.555570228747 0
    outer loop
      vertex -9.127311326563358 -6.4303624257445335 0
      vertex -9.047372058033943 -6.549999997019768 9
      vertex -9.127311326563358 -6.4303624257445335 9
    endloop
  endfacet
  facet normal -0.9978589212284691 -0.06540315989886114 0
    outer loop
      vertex -8.909410655498505 -6.956421189010143 0
      vertex -8.899999998509884 -7.100000001490116 9
      vertex -8.909410655498505 -6.956421189010143 9
    endloop
  endfacet
  facet normal -0.980785286837259 -0.19509028967008044 0
    outer loop
      vertex -8.937481589615345 -6.8152990490198135 0
      vertex -8.909410655498505 -6.956421189010143 9
      vertex -8.937481589615345 -6.8152990490198135 9
    endloop
  endfacet
  facet normal -0.9469301251010733 -0.3214394782475631 0
    outer loop
      vertex -8.983732514083385 -6.679048225283623 0
      vertex -8.937481589615345 -6.8152990490198135 9
      vertex -8.983732514083385 -6.679048225283623 9
    endloop
  endfacet
  facet normal -0.8968727403064517 -0.4422886927055634 0
    outer loop
      vertex -9.047372058033943 -6.549999997019768 0
      vertex -8.983732514083385 -6.679048225283623 9
      vertex -9.047372058033943 -6.549999997019768 9
    endloop
  endfacet
  facet normal 0.44228871324580626 -0.8968727301771245 0
    outer loop
      vertex -10.549999997019768 -6.147372059524059 0
      vertex -10.420951776206493 -6.083732515573502 9
      vertex -10.549999997019768 -6.147372059524059 9
    endloop
  endfacet
  facet normal 0.3214394782475631 -0.9469301251010733 0
    outer loop
      vertex -10.420951776206493 -6.083732515573502 0
      vertex -10.284700952470303 -6.037481591105461 9
      vertex -10.420951776206493 -6.083732515573502 9
    endloop
  endfacet
  facet normal 0.19509033948010815 -0.9807852769294286 0
    outer loop
      vertex -10.284700952470303 -6.037481591105461 0
      vertex -10.143578812479973 -6.00941064953804 9
      vertex -10.284700952470303 -6.037481591105461 9
    endloop
  endfacet
  facet normal 0.0654031083395394 -0.9978589246078458 0
    outer loop
      vertex -10.143578812479973 -6.00941064953804 0
      vertex -10 -6 9
      vertex -10.143578812479973 -6.00941064953804 9
    endloop
  endfacet
  facet normal -0.0654031083395394 -0.9978589246078458 0
    outer loop
      vertex -10 -6 0
      vertex -9.856421187520027 -6.00941064953804 9
      vertex -10 -6 9
    endloop
  endfacet
  facet normal -0.19509033948010815 -0.9807852769294286 0
    outer loop
      vertex -9.856421187520027 -6.00941064953804 0
      vertex -9.715299047529697 -6.037481591105461 9
      vertex -9.856421187520027 -6.00941064953804 9
    endloop
  endfacet
  facet normal -0.3214394782475631 -0.9469301251010733 0
    outer loop
      vertex -9.715299047529697 -6.037481591105461 0
      vertex -9.579048223793507 -6.083732515573502 9
      vertex -9.715299047529697 -6.037481591105461 9
    endloop
  endfacet
  facet normal -0.555570228747 -0.8314696151574067 0
    outer loop
      vertex -9.450000002980232 -6.147372059524059 0
      vertex -9.330362431704998 -6.227311328053474 9
      vertex -9.450000002980232 -6.147372059524059 9
    endloop
  endfacet
  facet normal -0.44228871324580626 -0.8968727301771245 0
    outer loop
      vertex -9.579048223793507 -6.083732515573502 0
      vertex -9.450000002980232 -6.147372059524059 9
      vertex -9.579048223793507 -6.083732515573502 9
    endloop
  endfacet
  facet normal -0.6593458094310691 -0.7518398124505568 0
    outer loop
      vertex -9.330362431704998 -6.227311328053474 0
      vertex -9.222182542085648 -6.322182543575764 9
      vertex -9.330362431704998 -6.227311328053474 9
    endloop
  endfacet
  facet normal -0.7518397899395236 -0.6593458350999823 0
    outer loop
      vertex -9.222182542085648 -6.322182543575764 0
      vertex -9.127311326563358 -6.4303624257445335 9
      vertex -9.222182542085648 -6.322182543575764 9
    endloop
  endfacet
  facet normal 0.555570228747 0.8314696151574067 0
    outer loop
      vertex -10.549999997019768 6.147372059524059 0
      vertex -10.669637568295002 6.227311328053474 0
      vertex -10.669637568295002 6.227311328053474 9
    endloop
  endfacet
  facet normal 0.6593458094310691 0.7518398124505568 0
    outer loop
      vertex -10.669637568295002 6.227311328053474 0
      vertex -10.777817457914352 6.322182543575764 0
      vertex -10.777817457914352 6.322182543575764 9
    endloop
  endfacet
  facet normal 0.8968727403064517 0.4422886927055634 0
    outer loop
      vertex -10.952627941966057 6.549999997019768 0
      vertex -11.016267485916615 6.679048225283623 0
      vertex -11.016267485916615 6.679048225283623 9
    endloop
  endfacet
  facet normal 0.8314696151574067 0.555570228747 0
    outer loop
      vertex -10.872688673436642 6.4303624257445335 0
      vertex -10.952627941966057 6.549999997019768 0
      vertex -10.952627941966057 6.549999997019768 9
    endloop
  endfacet
  facet normal 0.9469301251010733 0.3214394782475631 0
    outer loop
      vertex -11.016267485916615 6.679048225283623 0
      vertex -11.062518410384655 6.8152990490198135 0
      vertex -11.062518410384655 6.8152990490198135 9
    endloop
  endfacet
  facet normal 0.7518397899395236 0.6593458350999823 0
    outer loop
      vertex -10.777817457914352 6.322182543575764 0
      vertex -10.872688673436642 6.4303624257445335 0
      vertex -10.872688673436642 6.4303624257445335 9
    endloop
  endfacet
  facet normal 0.980785286837259 0.19509028967008044 0
    outer loop
      vertex -11.062518410384655 6.8152990490198135 0
      vertex -11.090589344501495 6.956421189010143 0
      vertex -11.090589344501495 6.956421189010143 9
    endloop
  endfacet
  facet normal 0.9978589212284691 0.06540315989886114 0
    outer loop
      vertex -11.090589344501495 6.956421189010143 0
      vertex -11.100000001490116 7.100000001490116 0
      vertex -11.100000001490116 7.100000001490116 9
    endloop
  endfacet
  facet normal 0.3214394782475631 0.9469301251010733 0
    outer loop
      vertex -10.284700952470303 6.037481591105461 0
      vertex -10.420951776206493 6.083732515573502 0
      vertex -10.420951776206493 6.083732515573502 9
    endloop
  endfacet
  facet normal 0.44228871324580626 0.8968727301771245 0
    outer loop
      vertex -10.420951776206493 6.083732515573502 0
      vertex -10.549999997019768 6.147372059524059 0
      vertex -10.549999997019768 6.147372059524059 9
    endloop
  endfacet
  facet normal 0.19509033948010815 0.9807852769294286 0
    outer loop
      vertex -10.143578812479973 6.00941064953804 0
      vertex -10.284700952470303 6.037481591105461 0
      vertex -10.284700952470303 6.037481591105461 9
    endloop
  endfacet
  facet normal 0.0654031083395394 0.9978589246078458 0
    outer loop
      vertex -10 6 0
      vertex -10.143578812479973 6.00941064953804 0
      vertex -10.143578812479973 6.00941064953804 9
    endloop
  endfacet
  facet normal -0.0654031083395394 0.9978589246078458 0
    outer loop
      vertex -9.856421187520027 6.00941064953804 0
      vertex -10 6 0
      vertex -10 6 9
    endloop
  endfacet
  facet normal -0.19509033948010815 0.9807852769294286 0
    outer loop
      vertex -9.715299047529697 6.037481591105461 0
      vertex -9.856421187520027 6.00941064953804 0
      vertex -9.856421187520027 6.00941064953804 9
    endloop
  endfacet
  facet normal -0.3214394782475631 0.9469301251010733 0
    outer loop
      vertex -9.579048223793507 6.083732515573502 0
      vertex -9.715299047529697 6.037481591105461 0
      vertex -9.715299047529697 6.037481591105461 9
    endloop
  endfacet
  facet normal -0.44228871324580626 0.8968727301771245 0
    outer loop
      vertex -9.450000002980232 6.147372059524059 0
      vertex -9.579048223793507 6.083732515573502 0
      vertex -9.579048223793507 6.083732515573502 9
    endloop
  endfacet
  facet normal -0.555570228747 0.8314696151574067 0
    outer loop
      vertex -9.330362431704998 6.227311328053474 0
      vertex -9.450000002980232 6.147372059524059 0
      vertex -9.450000002980232 6.147372059524059 9
    endloop
  endfacet
  facet normal -0.6593458094310691 0.7518398124505568 0
    outer loop
      vertex -9.222182542085648 6.322182543575764 0
      vertex -9.330362431704998 6.227311328053474 0
      vertex -9.330362431704998 6.227311328053474 9
    endloop
  endfacet
  facet normal -0.7518397899395236 0.6593458350999823 0
    outer loop
      vertex -9.127311326563358 6.4303624257445335 0
      vertex -9.222182542085648 6.322182543575764 0
      vertex -9.222182542085648 6.322182543575764 9
    endloop
  endfacet
  facet normal -0.8314696151574067 0.555570228747 0
    outer loop
      vertex -9.047372058033943 6.549999997019768 0
      vertex -9.127311326563358 6.4303624257445335 0
      vertex -9.127311326563358 6.4303624257445335 9
    endloop
  endfacet
  facet normal -0.8968727403064517 0.4422886927055634 0
    outer loop
      vertex -8.983732514083385 6.679048225283623 0
      vertex -9.047372058033943 6.549999997019768 0
      vertex -9.047372058033943 6.549999997019768 9
    endloop
  endfacet
  facet normal -0.9469301251010733 0.3214394782475631 0
    outer loop
      vertex -8.937481589615345 6.8152990490198135 0
      vertex -8.983732514083385 6.679048225283623 0
      vertex -8.983732514083385 6.679048225283623 9
    endloop
  endfacet
  facet normal -0.980785286837259 0.19509028967008044 0
    outer loop
      vertex -8.909410655498505 6.956421189010143 0
      vertex -8.937481589615345 6.8152990490198135 0
      vertex -8.937481589615345 6.8152990490198135 9
    endloop
  endfacet
  facet normal -0.9978589212284691 0.06540315989886114 0
    outer loop
      vertex -8.899999998509884 7.100000001490116 0
      vertex -8.909410655498505 6.956421189010143 0
      vertex -8.909410655498505 6.956421189010143 9
    endloop
  endfacet
  facet normal 1 0 0
    outer loop
      vertex -11.100000001490116 7.100000001490116 0
      vertex -11.100000001490116 12.899999998509884 0
      vertex -11.100000001490116 12.899999998509884 9
    endloop
  endfacet
  facet normal -1 0 0
    outer loop
      vertex -8.899999998509884 12.899999998509884 0
      vertex -8.899999998509884 7.100000001490116 0
      vertex -8.899999998509884 7.100000001490116 9
    endloop
  endfacet
  facet normal 0.9978589212284691 -0.06540315989886114 0
    outer loop
      vertex -11.100000001490116 12.899999998509884 0
      vertex -11.090589344501495 13.043578810989857 0
      vertex -11.090589344501495 13.043578810989857 9
    endloop
  endfacet
  facet normal 0.980785286837259 -0.19509028967008044 0
    outer loop
      vertex -11.090589344501495 13.043578810989857 0
      vertex -11.062518410384655 13.184700950980186 0
      vertex -11.062518410384655 13.184700950980186 9
    endloop
  endfacet
  facet normal 0.9469301251010733 -0.3214394782475631 0
    outer loop
      vertex -11.062518410384655 13.184700950980186 0
      vertex -11.016267485916615 13.320951774716377 0
      vertex -11.016267485916615 13.320951774716377 9
    endloop
  endfacet
  facet normal 0.8968727403064517 -0.4422886927055634 0
    outer loop
      vertex -11.016267485916615 13.320951774716377 0
      vertex -10.952627941966057 13.450000002980232 0
      vertex -10.952627941966057 13.450000002980232 9
    endloop
  endfacet
  facet normal 0.8314696151574067 -0.555570228747 0
    outer loop
      vertex -10.952627941966057 13.450000002980232 0
      vertex -10.872688673436642 13.569637574255466 0
      vertex -10.872688673436642 13.569637574255466 9
    endloop
  endfacet
  facet normal 0.7518397899395236 -0.6593458350999823 0
    outer loop
      vertex -10.872688673436642 13.569637574255466 0
      vertex -10.777817457914352 13.677817456424236 0
      vertex -10.777817457914352 13.677817456424236 9
    endloop
  endfacet
  facet normal 0.6593458094310691 -0.7518398124505568 0
    outer loop
      vertex -10.777817457914352 13.677817456424236 0
      vertex -10.669637568295002 13.772688671946526 0
      vertex -10.669637568295002 13.772688671946526 9
    endloop
  endfacet
  facet normal 0.555570228747 -0.8314696151574067 0
    outer loop
      vertex -10.669637568295002 13.772688671946526 0
      vertex -10.549999997019768 13.85262794047594 0
      vertex -10.549999997019768 13.85262794047594 9
    endloop
  endfacet
  facet normal 0.44228871324580626 -0.8968727301771245 0
    outer loop
      vertex -10.549999997019768 13.85262794047594 0
      vertex -10.420951776206493 13.916267484426498 0
      vertex -10.420951776206493 13.916267484426498 9
    endloop
  endfacet
  facet normal 0.3214394782475631 -0.9469301251010733 0
    outer loop
      vertex -10.420951776206493 13.916267484426498 0
      vertex -10.284700952470303 13.962518408894539 0
      vertex -10.284700952470303 13.962518408894539 9
    endloop
  endfacet
  facet normal 0.19509033948010815 -0.9807852769294286 0
    outer loop
      vertex -10.284700952470303 13.962518408894539 0
      vertex -10.143578812479973 13.99058935046196 0
      vertex -10.143578812479973 13.99058935046196 9
    endloop
  endfacet
  facet normal 0.0654031083395394 -0.9978589246078458 0
    outer loop
      vertex -10.143578812479973 13.99058935046196 0
      vertex -10 14 0
      vertex -10 14 9
    endloop
  endfacet
  facet normal -0.0654031083395394 -0.9978589246078458 0
    outer loop
      vertex -10 14 0
      vertex -9.856421187520027 13.99058935046196 0
      vertex -9.856421187520027 13.99058935046196 9
    endloop
  endfacet
  facet normal -0.19509033948010815 -0.9807852769294286 0
    outer loop
      vertex -9.856421187520027 13.99058935046196 0
      vertex -9.715299047529697 13.962518408894539 0
      vertex -9.715299047529697 13.962518408894539 9
    endloop
  endfacet
  facet normal -0.3214394782475631 -0.9469301251010733 0
    outer loop
      vertex -9.715299047529697 13.962518408894539 0
      vertex -9.579048223793507 13.916267484426498 0
      vertex -9.579048223793507 13.916267484426498 9
    endloop
  endfacet
  facet normal -0.555570228747 -0.8314696151574067 0
    outer loop
      vertex -9.450000002980232 13.85262794047594 0
      vertex -9.330362431704998 13.772688671946526 0
      vertex -9.330362431704998 13.772688671946526 9
    endloop
  endfacet
  facet normal -0.8314696151574067 -0.555570228747 0
    outer loop
      vertex -9.127311326563358 13.569637574255466 0
      vertex -9.047372058033943 13.450000002980232 0
      vertex -9.047372058033943 13.450000002980232 9
    endloop
  endfacet
  facet normal -0.6593458094310691 -0.7518398124505568 0
    outer loop
      vertex -9.330362431704998 13.772688671946526 0
      vertex -9.222182542085648 13.677817456424236 0
      vertex -9.222182542085648 13.677817456424236 9
    endloop
  endfacet
  facet normal -0.7518397899395236 -0.6593458350999823 0
    outer loop
      vertex -9.222182542085648 13.677817456424236 0
      vertex -9.127311326563358 13.569637574255466 0
      vertex -9.127311326563358 13.569637574255466 9
    endloop
  endfacet
  facet normal -0.9978589212284691 -0.06540315989886114 0
    outer loop
      vertex -8.909410655498505 13.043578810989857 0
      vertex -8.899999998509884 12.899999998509884 0
      vertex -8.899999998509884 12.899999998509884 9
    endloop
  endfacet
  facet normal -0.980785286837259 -0.19509028967008044 0
    outer loop
      vertex -8.937481589615345 13.184700950980186 0
      vertex -8.909410655498505 13.043578810989857 0
      vertex -8.909410655498505 13.043578810989857 9
    endloop
  endfacet
  facet normal -0.9469301251010733 -0.3214394782475631 0
    outer loop
      vertex -8.983732514083385 13.320951774716377 0
      vertex -8.937481589615345 13.184700950980186 0
      vertex -8.937481589615345 13.184700950980186 9
    endloop
  endfacet
  facet normal -0.8968727403064517 -0.4422886927055634 0
    outer loop
      vertex -9.047372058033943 13.450000002980232 0
      vertex -8.983732514083385 13.320951774716377 0
      vertex -8.983732514083385 13.320951774716377 9
    endloop
  endfacet
  facet normal -0.44228871324580626 -0.8968727301771245 0
    outer loop
      vertex -9.579048223793507 13.916267484426498 0
      vertex -9.450000002980232 13.85262794047594 0
      vertex -9.450000002980232 13.85262794047594 9
    endloop
  endfacet
  facet normal 0.7518397899395236 0.6593458350999823 0
    outer loop
      vertex -10.777817457914352 6.322182543575764 0
      vertex -10.872688673436642 6.4303624257445335 9
      vertex -10.777817457914352 6.322182543575764 9
    endloop
  endfacet
  facet normal 0.6593458094310691 0.7518398124505568 0
    outer loop
      vertex -10.669637568295002 6.227311328053474 0
      vertex -10.777817457914352 6.322182543575764 9
      vertex -10.669637568295002 6.227311328053474 9
    endloop
  endfacet
  facet normal 0.8314696151574067 0.555570228747 0
    outer loop
      vertex -10.872688673436642 6.4303624257445335 0
      vertex -10.952627941966057 6.549999997019768 9
      vertex -10.872688673436642 6.4303624257445335 9
    endloop
  endfacet
  facet normal 0.8968727403064517 0.4422886927055634 0
    outer loop
      vertex -10.952627941966057 6.549999997019768 0
      vertex -11.016267485916615 6.679048225283623 9
      vertex -10.952627941966057 6.549999997019768 9
    endloop
  endfacet
  facet normal 0.9469301251010733 0.3214394782475631 0
    outer loop
      vertex -11.016267485916615 6.679048225283623 0
      vertex -11.062518410384655 6.8152990490198135 9
      vertex -11.016267485916615 6.679048225283623 9
    endloop
  endfacet
  facet normal 0.980785286837259 0.19509028967008044 0
    outer loop
      vertex -11.062518410384655 6.8152990490198135 0
      vertex -11.090589344501495 6.956421189010143 9
      vertex -11.062518410384655 6.8152990490198135 9
    endloop
  endfacet
  facet normal 0.9978589212284691 0.06540315989886114 0
    outer loop
      vertex -11.090589344501495 6.956421189010143 0
      vertex -11.100000001490116 7.100000001490116 9
      vertex -11.090589344501495 6.956421189010143 9
    endloop
  endfacet
  facet normal 0.44228871324580626 0.8968727301771245 0
    outer loop
      vertex -10.420951776206493 6.083732515573502 0
      vertex -10.549999997019768 6.147372059524059 9
      vertex -10.420951776206493 6.083732515573502 9
    endloop
  endfacet
  facet normal 0.555570228747 0.8314696151574067 0
    outer loop
      vertex -10.549999997019768 6.147372059524059 0
      vertex -10.669637568295002 6.227311328053474 9
      vertex -10.549999997019768 6.147372059524059 9
    endloop
  endfacet
  facet normal 0.3214394782475631 0.9469301251010733 0
    outer loop
      vertex -10.284700952470303 6.037481591105461 0
      vertex -10.420951776206493 6.083732515573502 9
      vertex -10.284700952470303 6.037481591105461 9
    endloop
  endfacet
  facet normal 0.19509033948010815 0.9807852769294286 0
    outer loop
      vertex -10.143578812479973 6.00941064953804 0
      vertex -10.284700952470303 6.037481591105461 9
      vertex -10.143578812479973 6.00941064953804 9
    endloop
  endfacet
  facet normal 0.0654031083395394 0.9978589246078458 0
    outer loop
      vertex -10 6 0
      vertex -10.143578812479973 6.00941064953804 9
      vertex -10 6 9
    endloop
  endfacet
  facet normal -0.0654031083395394 0.9978589246078458 0
    outer loop
      vertex -9.856421187520027 6.00941064953804 0
      vertex -10 6 9
      vertex -9.856421187520027 6.00941064953804 9
    endloop
  endfacet
  facet normal -0.19509033948010815 0.9807852769294286 0
    outer loop
      vertex -9.715299047529697 6.037481591105461 0
      vertex -9.856421187520027 6.00941064953804 9
      vertex -9.715299047529697 6.037481591105461 9
    endloop
  endfacet
  facet normal -0.3214394782475631 0.9469301251010733 0
    outer loop
      vertex -9.579048223793507 6.083732515573502 0
      vertex -9.715299047529697 6.037481591105461 9
      vertex -9.579048223793507 6.083732515573502 9
    endloop
  endfacet
  facet normal -0.44228871324580626 0.8968727301771245 0
    outer loop
      vertex -9.450000002980232 6.147372059524059 0
      vertex -9.579048223793507 6.083732515573502 9
      vertex -9.450000002980232 6.147372059524059 9
    endloop
  endfacet
  facet normal -0.555570228747 0.8314696151574067 0
    outer loop
      vertex -9.330362431704998 6.227311328053474 0
      vertex -9.450000002980232 6.147372059524059 9
      vertex -9.330362431704998 6.227311328053474 9
    endloop
  endfacet
  facet normal -0.6593458094310691 0.7518398124505568 0
    outer loop
      vertex -9.222182542085648 6.322182543575764 0
      vertex -9.330362431704998 6.227311328053474 9
      vertex -9.222182542085648 6.322182543575764 9
    endloop
  endfacet
  facet normal -0.7518397899395236 0.6593458350999823 0
    outer loop
      vertex -9.127311326563358 6.4303624257445335 0
      vertex -9.222182542085648 6.322182543575764 9
      vertex -9.127311326563358 6.4303624257445335 9
    endloop
  endfacet
  facet normal -0.8314696151574067 0.555570228747 0
    outer loop
      vertex -9.047372058033943 6.549999997019768 0
      vertex -9.127311326563358 6.4303624257445335 9
      vertex -9.047372058033943 6.549999997019768 9
    endloop
  endfacet
  facet normal -0.8968727403064517 0.4422886927055634 0
    outer loop
      vertex -8.983732514083385 6.679048225283623 0
      vertex -9.047372058033943 6.549999997019768 9
      vertex -8.983732514083385 6.679048225283623 9
    endloop
  endfacet
  facet normal -0.9469301251010733 0.3214394782475631 0
    outer loop
      vertex -8.937481589615345 6.8152990490198135 0
      vertex -8.983732514083385 6.679048225283623 9
      vertex -8.937481589615345 6.8152990490198135 9
    endloop
  endfacet
  facet normal -0.980785286837259 0.19509028967008044 0
    outer loop
      vertex -8.909410655498505 6.956421189010143 0
      vertex -8.937481589615345 6.8152990490198135 9
      vertex -8.909410655498505 6.956421189010143 9
    endloop
  endfacet
  facet normal -0.9978589212284691 0.06540315989886114 0
    outer loop
      vertex -8.899999998509884 7.100000001490116 0
      vertex -8.909410655498505 6.956421189010143 9
      vertex -8.899999998509884 7.100000001490116 9
    endloop
  endfacet
  facet normal 1 0 0
    outer loop
      vertex -11.100000001490116 12.899999998509884 9
      vertex -11.100000001490116 7.100000001490116 9
      vertex -11.100000001490116 7.100000001490116 0
    endloop
  endfacet
  facet normal -1 0 0
    outer loop
      vertex -8.899999998509884 7.100000001490116 9
      vertex -8.899999998509884 12.899999998509884 9
      vertex -8.899999998509884 12.899999998509884 0
    endloop
  endfacet
  facet normal 0.9978589212284691 -0.06540315989886114 0
    outer loop
      vertex -11.100000001490116 12.899999998509884 0
      vertex -11.090589344501495 13.043578810989857 9
      vertex -11.100000001490116 12.899999998509884 9
    endloop
  endfacet
  facet normal 0.980785286837259 -0.19509028967008044 0
    outer loop
      vertex -11.090589344501495 13.043578810989857 0
      vertex -11.062518410384655 13.184700950980186 9
      vertex -11.090589344501495 13.043578810989857 9
    endloop
  endfacet
  facet normal 0.9469301251010733 -0.3214394782475631 0
    outer loop
      vertex -11.062518410384655 13.184700950980186 0
      vertex -11.016267485916615 13.320951774716377 9
      vertex -11.062518410384655 13.184700950980186 9
    endloop
  endfacet
  facet normal 0.8968727403064517 -0.4422886927055634 0
    outer loop
      vertex -11.016267485916615 13.320951774716377 0
      vertex -10.952627941966057 13.450000002980232 9
      vertex -11.016267485916615 13.320951774716377 9
    endloop
  endfacet
  facet normal 0.8314696151574067 -0.555570228747 0
    outer loop
      vertex -10.952627941966057 13.450000002980232 0
      vertex -10.872688673436642 13.569637574255466 9
      vertex -10.952627941966057 13.450000002980232 9
    endloop
  endfacet
  facet normal 0.7518397899395236 -0.6593458350999823 0
    outer loop
      vertex -10.872688673436642 13.569637574255466 0
      vertex -10.777817457914352 13.677817456424236 9
      vertex -10.872688673436642 13.569637574255466 9
    endloop
  endfacet
  facet normal 0.6593458094310691 -0.7518398124505568 0
    outer loop
      vertex -10.777817457914352 13.677817456424236 0
      vertex -10.669637568295002 13.772688671946526 9
      vertex -10.777817457914352 13.677817456424236 9
    endloop
  endfacet
  facet normal 0.555570228747 -0.8314696151574067 0
    outer loop
      vertex -10.669637568295002 13.772688671946526 0
      vertex -10.549999997019768 13.85262794047594 9
      vertex -10.669637568295002 13.772688671946526 9
    endloop
  endfacet
  facet normal 0.44228871324580626 -0.8968727301771245 0
    outer loop
      vertex -10.549999997019768 13.85262794047594 0
      vertex -10.420951776206493 13.916267484426498 9
      vertex -10.549999997019768 13.85262794047594 9
    endloop
  endfacet
  facet normal 0.3214394782475631 -0.9469301251010733 0
    outer loop
      vertex -10.420951776206493 13.916267484426498 0
      vertex -10.284700952470303 13.962518408894539 9
      vertex -10.420951776206493 13.916267484426498 9
    endloop
  endfacet
  facet normal 0.19509033948010815 -0.9807852769294286 0
    outer loop
      vertex -10.284700952470303 13.962518408894539 0
      vertex -10.143578812479973 13.99058935046196 9
      vertex -10.284700952470303 13.962518408894539 9
    endloop
  endfacet
  facet normal 0.0654031083395394 -0.9978589246078458 0
    outer loop
      vertex -10.143578812479973 13.99058935046196 0
      vertex -10 14 9
      vertex -10.143578812479973 13.99058935046196 9
    endloop
  endfacet
  facet normal -0.0654031083395394 -0.9978589246078458 0
    outer loop
      vertex -10 14 0
      vertex -9.856421187520027 13.99058935046196 9
      vertex -10 14 9
    endloop
  endfacet
  facet normal -0.19509033948010815 -0.9807852769294286 0
    outer loop
      vertex -9.856421187520027 13.99058935046196 0
      vertex -9.715299047529697 13.962518408894539 9
      vertex -9.856421187520027 13.99058935046196 9
    endloop
  endfacet
  facet normal -0.3214394782475631 -0.9469301251010733 0
    outer loop
      vertex -9.715299047529697 13.962518408894539 0
      vertex -9.579048223793507 13.916267484426498 9
      vertex -9.715299047529697 13.962518408894539 9
    endloop
  endfacet
  facet normal -0.8314696151574067 -0.555570228747 0
    outer loop
      vertex -9.127311326563358 13.569637574255466 0
      vertex -9.047372058033943 13.450000002980232 9
      vertex -9.127311326563358 13.569637574255466 9
    endloop
  endfacet
  facet normal -0.7518397899395236 -0.6593458350999823 0
    outer loop
      vertex -9.222182542085648 13.677817456424236 0
      vertex -9.127311326563358 13.569637574255466 9
      vertex -9.222182542085648 13.677817456424236 9
    endloop
  endfacet
  facet normal -0.6593458094310691 -0.7518398124505568 0
    outer loop
      vertex -9.330362431704998 13.772688671946526 0
      vertex -9.222182542085648 13.677817456424236 9
      vertex -9.330362431704998 13.772688671946526 9
    endloop
  endfacet
  facet normal -0.9978589212284691 -0.06540315989886114 0
    outer loop
      vertex -8.909410655498505 13.043578810989857 0
      vertex -8.899999998509884 12.899999998509884 9
      vertex -8.909410655498505 13.043578810989857 9
    endloop
  endfacet
  facet normal -0.980785286837259 -0.19509028967008044 0
    outer loop
      vertex -8.937481589615345 13.184700950980186 0
      vertex -8.909410655498505 13.043578810989857 9
      vertex -8.937481589615345 13.184700950980186 9
    endloop
  endfacet
  facet normal -0.9469301251010733 -0.3214394782475631 0
    outer loop
      vertex -8.983732514083385 13.320951774716377 0
      vertex -8.937481589615345 13.184700950980186 9
      vertex -8.983732514083385 13.320951774716377 9
    endloop
  endfacet
  facet normal -0.8968727403064517 -0.4422886927055634 0
    outer loop
      vertex -9.047372058033943 13.450000002980232 0
      vertex -8.983732514083385 13.320951774716377 9
      vertex -9.047372058033943 13.450000002980232 9
    endloop
  endfacet
  facet normal -0.44228871324580626 -0.8968727301771245 0
    outer loop
      vertex -9.579048223793507 13.916267484426498 0
      vertex -9.450000002980232 13.85262794047594 9
      vertex -9.579048223793507 13.916267484426498 9
    endloop
  endfacet
  facet normal -0.555570228747 -0.8314696151574067 0
    outer loop
      vertex -9.450000002980232 13.85262794047594 0
      vertex -9.330362431704998 13.772688671946526 9
      vertex -9.450000002980232 13.85262794047594 9
    endloop
  endfacet
  facet normal 0.44228871324580626 0.8968727301771245 0
    outer loop
      vertex 9.579048223793507 -13.916267484426498 0
      vertex 9.450000002980232 -13.85262794047594 0
      vertex 9.450000002980232 -13.85262794047594 9
    endloop
  endfacet
  facet normal 0.8968727403064517 0.4422886927055634 0
    outer loop
      vertex 9.047372058033943 -13.450000002980232 0
      vertex 8.983732514083385 -13.320951774716377 0
      vertex 8.983732514083385 -13.320951774716377 9
    endloop
  endfacet
  facet normal 0.9469301251010733 0.3214394782475631 0
    outer loop
      vertex 8.983732514083385 -13.320951774716377 0
      vertex 8.937481589615345 -13.184700950980186 0
      vertex 8.937481589615345 -13.184700950980186 9
    endloop
  endfacet
  facet normal 0.980785286837259 0.19509028967008044 0
    outer loop
      vertex 8.937481589615345 -13.184700950980186 0
      vertex 8.909410655498505 -13.043578810989857 0
      vertex 8.909410655498505 -13.043578810989857 9
    endloop
  endfacet
  facet normal 0.9978589212284691 0.06540315989886114 0
    outer loop
      vertex 8.909410655498505 -13.043578810989857 0
      vertex 8.899999998509884 -12.899999998509884 0
      vertex 8.899999998509884 -12.899999998509884 9
    endloop
  endfacet
  facet normal 0.7518397899395236 0.6593458350999823 0
    outer loop
      vertex 9.222182542085648 -13.677817456424236 0
      vertex 9.127311326563358 -13.569637574255466 0
      vertex 9.127311326563358 -13.569637574255466 9
    endloop
  endfacet
  facet normal 0.6593458094310691 0.7518398124505568 0
    outer loop
      vertex 9.330362431704998 -13.772688671946526 0
      vertex 9.222182542085648 -13.677817456424236 0
      vertex 9.222182542085648 -13.677817456424236 9
    endloop
  endfacet
  facet normal 0.8314696151574067 0.555570228747 0
    outer loop
      vertex 9.127311326563358 -13.569637574255466 0
      vertex 9.047372058033943 -13.450000002980232 0
      vertex 9.047372058033943 -13.450000002980232 9
    endloop
  endfacet
  facet normal 0.555570228747 0.8314696151574067 0
    outer loop
      vertex 9.450000002980232 -13.85262794047594 0
      vertex 9.330362431704998 -13.772688671946526 0
      vertex 9.330362431704998 -13.772688671946526 9
    endloop
  endfacet
  facet normal 0.3214394782475631 0.9469301251010733 0
    outer loop
      vertex 9.715299047529697 -13.962518408894539 0
      vertex 9.579048223793507 -13.916267484426498 0
      vertex 9.579048223793507 -13.916267484426498 9
    endloop
  endfacet
  facet normal 0.19509033948010815 0.9807852769294286 0
    outer loop
      vertex 9.856421187520027 -13.99058935046196 0
      vertex 9.715299047529697 -13.962518408894539 0
      vertex 9.715299047529697 -13.962518408894539 9
    endloop
  endfacet
  facet normal 0.0654031083395394 0.9978589246078458 0
    outer loop
      vertex 10 -14 0
      vertex 9.856421187520027 -13.99058935046196 0
      vertex 9.856421187520027 -13.99058935046196 9
    endloop
  endfacet
  facet normal -0.0654031083395394 0.9978589246078458 0
    outer loop
      vertex 10.143578812479973 -13.99058935046196 0
      vertex 10 -14 0
      vertex 10 -14 9
    endloop
  endfacet
  facet normal -0.19509033948010815 0.9807852769294286 0
    outer loop
      vertex 10.284700952470303 -13.962518408894539 0
      vertex 10.143578812479973 -13.99058935046196 0
      vertex 10.143578812479973 -13.99058935046196 9
    endloop
  endfacet
  facet normal -0.3214394782475631 0.9469301251010733 0
    outer loop
      vertex 10.420951776206493 -13.916267484426498 0
      vertex 10.284700952470303 -13.962518408894539 0
      vertex 10.284700952470303 -13.962518408894539 9
    endloop
  endfacet
  facet normal -0.44228871324580626 0.8968727301771245 0
    outer loop
      vertex 10.549999997019768 -13.85262794047594 0
      vertex 10.420951776206493 -13.916267484426498 0
      vertex 10.420951776206493 -13.916267484426498 9
    endloop
  endfacet
  facet normal -0.555570228747 0.8314696151574067 0
    outer loop
      vertex 10.669637568295002 -13.772688671946526 0
      vertex 10.549999997019768 -13.85262794047594 0
      vertex 10.549999997019768 -13.85262794047594 9
    endloop
  endfacet
  facet normal -0.6593458094310691 0.7518398124505568 0
    outer loop
      vertex 10.777817457914352 -13.677817456424236 0
      vertex 10.669637568295002 -13.772688671946526 0
      vertex 10.669637568295002 -13.772688671946526 9
    endloop
  endfacet
  facet normal -0.7518397899395236 0.6593458350999823 0
    outer loop
      vertex 10.872688673436642 -13.569637574255466 0
      vertex 10.777817457914352 -13.677817456424236 0
      vertex 10.777817457914352 -13.677817456424236 9
    endloop
  endfacet
  facet normal -0.8314696151574067 0.555570228747 0
    outer loop
      vertex 10.952627941966057 -13.450000002980232 0
      vertex 10.872688673436642 -13.569637574255466 0
      vertex 10.872688673436642 -13.569637574255466 9
    endloop
  endfacet
  facet normal -0.8968727403064517 0.4422886927055634 0
    outer loop
      vertex 11.016267485916615 -13.320951774716377 0
      vertex 10.952627941966057 -13.450000002980232 0
      vertex 10.952627941966057 -13.450000002980232 9
    endloop
  endfacet
  facet normal -0.9469301251010733 0.3214394782475631 0
    outer loop
      vertex 11.062518410384655 -13.184700950980186 0
      vertex 11.016267485916615 -13.320951774716377 0
      vertex 11.016267485916615 -13.320951774716377 9
    endloop
  endfacet
  facet normal -0.980785286837259 0.19509028967008044 0
    outer loop
      vertex 11.090589344501495 -13.043578810989857 0
      vertex 11.062518410384655 -13.184700950980186 0
      vertex 11.062518410384655 -13.184700950980186 9
    endloop
  endfacet
  facet normal -0.9978589212284691 0.06540315989886114 0
    outer loop
      vertex 11.100000001490116 -12.899999998509884 0
      vertex 11.090589344501495 -13.043578810989857 0
      vertex 11.090589344501495 -13.043578810989857 9
    endloop
  endfacet
  facet normal 1 0 0
    outer loop
      vertex 8.899999998509884 -12.899999998509884 0
      vertex 8.899999998509884 -7.100000001490116 0
      vertex 8.899999998509884 -7.100000001490116 9
    endloop
  endfacet
  facet normal -1 0 0
    outer loop
      vertex 11.100000001490116 -7.100000001490116 0
      vertex 11.100000001490116 -12.899999998509884 0
      vertex 11.100000001490116 -12.899999998509884 9
    endloop
  endfacet
  facet normal 0.9978589212284691 -0.06540315989886114 0
    outer loop
      vertex 8.899999998509884 -7.100000001490116 0
      vertex 8.909410655498505 -6.956421189010143 0
      vertex 8.909410655498505 -6.956421189010143 9
    endloop
  endfacet
  facet normal 0.980785286837259 -0.19509028967008044 0
    outer loop
      vertex 8.909410655498505 -6.956421189010143 0
      vertex 8.937481589615345 -6.8152990490198135 0
      vertex 8.937481589615345 -6.8152990490198135 9
    endloop
  endfacet
  facet normal 0.9469301251010733 -0.3214394782475631 0
    outer loop
      vertex 8.937481589615345 -6.8152990490198135 0
      vertex 8.983732514083385 -6.679048225283623 0
      vertex 8.983732514083385 -6.679048225283623 9
    endloop
  endfacet
  facet normal 0.8968727403064517 -0.4422886927055634 0
    outer loop
      vertex 8.983732514083385 -6.679048225283623 0
      vertex 9.047372058033943 -6.549999997019768 0
      vertex 9.047372058033943 -6.549999997019768 9
    endloop
  endfacet
  facet normal 0.8314696151574067 -0.555570228747 0
    outer loop
      vertex 9.047372058033943 -6.549999997019768 0
      vertex 9.127311326563358 -6.4303624257445335 0
      vertex 9.127311326563358 -6.4303624257445335 9
    endloop
  endfacet
  facet normal 0.7518397899395236 -0.6593458350999823 0
    outer loop
      vertex 9.127311326563358 -6.4303624257445335 0
      vertex 9.222182542085648 -6.322182543575764 0
      vertex 9.222182542085648 -6.322182543575764 9
    endloop
  endfacet
  facet normal 0.6593458094310691 -0.7518398124505568 0
    outer loop
      vertex 9.222182542085648 -6.322182543575764 0
      vertex 9.330362431704998 -6.227311328053474 0
      vertex 9.330362431704998 -6.227311328053474 9
    endloop
  endfacet
  facet normal 0.555570228747 -0.8314696151574067 0
    outer loop
      vertex 9.330362431704998 -6.227311328053474 0
      vertex 9.450000002980232 -6.147372059524059 0
      vertex 9.450000002980232 -6.147372059524059 9
    endloop
  endfacet
  facet normal 0.44228871324580626 -0.8968727301771245 0
    outer loop
      vertex 9.450000002980232 -6.147372059524059 0
      vertex 9.579048223793507 -6.083732515573502 0
      vertex 9.579048223793507 -6.083732515573502 9
    endloop
  endfacet
  facet normal 0.3214394782475631 -0.9469301251010733 0
    outer loop
      vertex 9.579048223793507 -6.083732515573502 0
      vertex 9.715299047529697 -6.037481591105461 0
      vertex 9.715299047529697 -6.037481591105461 9
    endloop
  endfacet
  facet normal 0.19509033948010815 -0.9807852769294286 0
    outer loop
      vertex 9.715299047529697 -6.037481591105461 0
      vertex 9.856421187520027 -6.00941064953804 0
      vertex 9.856421187520027 -6.00941064953804 9
    endloop
  endfacet
  facet normal 0.0654031083395394 -0.9978589246078458 0
    outer loop
      vertex 9.856421187520027 -6.00941064953804 0
      vertex 10 -6 0
      vertex 10 -6 9
    endloop
  endfacet
  facet normal -0.0654031083395394 -0.9978589246078458 0
    outer loop
      vertex 10 -6 0
      vertex 10.143578812479973 -6.00941064953804 0
      vertex 10.143578812479973 -6.00941064953804 9
    endloop
  endfacet
  facet normal -0.19509033948010815 -0.9807852769294286 0
    outer loop
      vertex 10.143578812479973 -6.00941064953804 0
      vertex 10.284700952470303 -6.037481591105461 0
      vertex 10.284700952470303 -6.037481591105461 9
    endloop
  endfacet
  facet normal -0.44228871324580626 -0.8968727301771245 0
    outer loop
      vertex 10.420951776206493 -6.083732515573502 0
      vertex 10.549999997019768 -6.147372059524059 0
      vertex 10.549999997019768 -6.147372059524059 9
    endloop
  endfacet
  facet normal -0.3214394782475631 -0.9469301251010733 0
    outer loop
      vertex 10.284700952470303 -6.037481591105461 0
      vertex 10.420951776206493 -6.083732515573502 0
      vertex 10.420951776206493 -6.083732515573502 9
    endloop
  endfacet
  facet normal -0.9978589212284691 -0.06540315989886114 0
    outer loop
      vertex 11.090589344501495 -6.956421189010143 0
      vertex 11.100000001490116 -7.100000001490116 0
      vertex 11.100000001490116 -7.100000001490116 9
    endloop
  endfacet
  facet normal -0.980785286837259 -0.19509028967008044 0
    outer loop
      vertex 11.062518410384655 -6.8152990490198135 0
      vertex 11.090589344501495 -6.956421189010143 0
      vertex 11.090589344501495 -6.956421189010143 9
    endloop
  endfacet
  facet normal -0.7518397899395236 -0.6593458350999823 0
    outer loop
      vertex 10.777817457914352 -6.322182543575764 0
      vertex 10.872688673436642 -6.4303624257445335 0
      vertex 10.872688673436642 -6.4303624257445335 9
    endloop
  endfacet
  facet normal -0.9469301251010733 -0.3214394782475631 0
    outer loop
      vertex 11.016267485916615 -6.679048225283623 0
      vertex 11.062518410384655 -6.8152990490198135 0
      vertex 11.062518410384655 -6.8152990490198135 9
    endloop
  endfacet
  facet normal -0.8314696151574067 -0.555570228747 0
    outer loop
      vertex 10.872688673436642 -6.4303624257445335 0
      vertex 10.952627941966057 -6.549999997019768 0
      vertex 10.952627941966057 -6.549999997019768 9
    endloop
  endfacet
  facet normal -0.8968727403064517 -0.4422886927055634 0
    outer loop
      vertex 10.952627941966057 -6.549999997019768 0
      vertex 11.016267485916615 -6.679048225283623 0
      vertex 11.016267485916615 -6.679048225283623 9
    endloop
  endfacet
  facet normal -0.6593458094310691 -0.7518398124505568 0
    outer loop
      vertex 10.669637568295002 -6.227311328053474 0
      vertex 10.777817457914352 -6.322182543575764 0
      vertex 10.777817457914352 -6.322182543575764 9
    endloop
  endfacet
  facet normal -0.555570228747 -0.8314696151574067 0
    outer loop
      vertex 10.549999997019768 -6.147372059524059 0
      vertex 10.669637568295002 -6.227311328053474 0
      vertex 10.669637568295002 -6.227311328053474 9
    endloop
  endfacet
  facet normal 0.555570228747 0.8314696151574067 0
    outer loop
      vertex 9.450000002980232 -13.85262794047594 0
      vertex 9.330362431704998 -13.772688671946526 9
      vertex 9.450000002980232 -13.85262794047594 9
    endloop
  endfacet
  facet normal 0.44228871324580626 0.8968727301771245 0
    outer loop
      vertex 9.579048223793507 -13.916267484426498 0
      vertex 9.450000002980232 -13.85262794047594 9
      vertex 9.579048223793507 -13.916267484426498 9
    endloop
  endfacet
  facet normal 0.8968727403064517 0.4422886927055634 0
    outer loop
      vertex 9.047372058033943 -13.450000002980232 0
      vertex 8.983732514083385 -13.320951774716377 9
      vertex 9.047372058033943 -13.450000002980232 9
    endloop
  endfacet
  facet normal 0.9469301251010733 0.3214394782475631 0
    outer loop
      vertex 8.983732514083385 -13.320951774716377 0
      vertex 8.937481589615345 -13.184700950980186 9
      vertex 8.983732514083385 -13.320951774716377 9
    endloop
  endfacet
  facet normal 0.980785286837259 0.19509028967008044 0
    outer loop
      vertex 8.937481589615345 -13.184700950980186 0
      vertex 8.909410655498505 -13.043578810989857 9
      vertex 8.937481589615345 -13.184700950980186 9
    endloop
  endfacet
  facet normal 0.9978589212284691 0.06540315989886114 0
    outer loop
      vertex 8.909410655498505 -13.043578810989857 0
      vertex 8.899999998509884 -12.899999998509884 9
      vertex 8.909410655498505 -13.043578810989857 9
    endloop
  endfacet
  facet normal 0.6593458094310691 0.7518398124505568 0
    outer loop
      vertex 9.330362431704998 -13.772688671946526 0
      vertex 9.222182542085648 -13.677817456424236 9
      vertex 9.330362431704998 -13.772688671946526 9
    endloop
  endfacet
  facet normal 0.7518397899395236 0.6593458350999823 0
    outer loop
      vertex 9.222182542085648 -13.677817456424236 0
      vertex 9.127311326563358 -13.569637574255466 9
      vertex 9.222182542085648 -13.677817456424236 9
    endloop
  endfacet
  facet normal 0.8314696151574067 0.555570228747 0
    outer loop
      vertex 9.127311326563358 -13.569637574255466 0
      vertex 9.047372058033943 -13.450000002980232 9
      vertex 9.127311326563358 -13.569637574255466 9
    endloop
  endfacet
  facet normal 0.3214394782475631 0.9469301251010733 0
    outer loop
      vertex 9.715299047529697 -13.962518408894539 0
      vertex 9.579048223793507 -13.916267484426498 9
      vertex 9.715299047529697 -13.962518408894539 9
    endloop
  endfacet
  facet normal 0.19509033948010815 0.9807852769294286 0
    outer loop
      vertex 9.856421187520027 -13.99058935046196 0
      vertex 9.715299047529697 -13.962518408894539 9
      vertex 9.856421187520027 -13.99058935046196 9
    endloop
  endfacet
  facet normal 0.0654031083395394 0.9978589246078458 0
    outer loop
      vertex 10 -14 0
      vertex 9.856421187520027 -13.99058935046196 9
      vertex 10 -14 9
    endloop
  endfacet
  facet normal -0.0654031083395394 0.9978589246078458 0
    outer loop
      vertex 10.143578812479973 -13.99058935046196 0
      vertex 10 -14 9
      vertex 10.143578812479973 -13.99058935046196 9
    endloop
  endfacet
  facet normal -0.19509033948010815 0.9807852769294286 0
    outer loop
      vertex 10.284700952470303 -13.962518408894539 0
      vertex 10.143578812479973 -13.99058935046196 9
      vertex 10.284700952470303 -13.962518408894539 9
    endloop
  endfacet
  facet normal -0.3214394782475631 0.9469301251010733 0
    outer loop
      vertex 10.420951776206493 -13.916267484426498 0
      vertex 10.284700952470303 -13.962518408894539 9
      vertex 10.420951776206493 -13.916267484426498 9
    endloop
  endfacet
  facet normal -0.44228871324580626 0.8968727301771245 0
    outer loop
      vertex 10.549999997019768 -13.85262794047594 0
      vertex 10.420951776206493 -13.916267484426498 9
      vertex 10.549999997019768 -13.85262794047594 9
    endloop
  endfacet
  facet normal -0.555570228747 0.8314696151574067 0
    outer loop
      vertex 10.669637568295002 -13.772688671946526 0
      vertex 10.549999997019768 -13.85262794047594 9
      vertex 10.669637568295002 -13.772688671946526 9
    endloop
  endfacet
  facet normal -0.6593458094310691 0.7518398124505568 0
    outer loop
      vertex 10.777817457914352 -13.677817456424236 0
      vertex 10.669637568295002 -13.772688671946526 9
      vertex 10.777817457914352 -13.677817456424236 9
    endloop
  endfacet
  facet normal -0.7518397899395236 0.6593458350999823 0
    outer loop
      vertex 10.872688673436642 -13.569637574255466 0
      vertex 10.777817457914352 -13.677817456424236 9
      vertex 10.872688673436642 -13.569637574255466 9
    endloop
  endfacet
  facet normal -0.8314696151574067 0.555570228747 0
    outer loop
      vertex 10.952627941966057 -13.450000002980232 0
      vertex 10.872688673436642 -13.569637574255466 9
      vertex 10.952627941966057 -13.450000002980232 9
    endloop
  endfacet
  facet normal -0.8968727403064517 0.4422886927055634 0
    outer loop
      vertex 11.016267485916615 -13.320951774716377 0
      vertex 10.952627941966057 -13.450000002980232 9
      vertex 11.016267485916615 -13.320951774716377 9
    endloop
  endfacet
  facet normal -0.9469301251010733 0.3214394782475631 0
    outer loop
      vertex 11.062518410384655 -13.184700950980186 0
      vertex 11.016267485916615 -13.320951774716377 9
      vertex 11.062518410384655 -13.184700950980186 9
    endloop
  endfacet
  facet normal -0.980785286837259 0.19509028967008044 0
    outer loop
      vertex 11.090589344501495 -13.043578810989857 0
      vertex 11.062518410384655 -13.184700950980186 9
      vertex 11.090589344501495 -13.043578810989857 9
    endloop
  endfacet
  facet normal -0.9978589212284691 0.06540315989886114 0
    outer loop
      vertex 11.100000001490116 -12.899999998509884 0
      vertex 11.090589344501495 -13.043578810989857 9
      vertex 11.100000001490116 -12.899999998509884 9
    endloop
  endfacet
  facet normal 1 0 0
    outer loop
      vertex 8.899999998509884 -7.100000001490116 9
      vertex 8.899999998509884 -12.899999998509884 9
      vertex 8.899999998509884 -12.899999998509884 0
    endloop
  endfacet
  facet normal -1 0 0
    outer loop
      vertex 11.100000001490116 -12.899999998509884 9
      vertex 11.100000001490116 -7.100000001490116 9
      vertex 11.100000001490116 -7.100000001490116 0
    endloop
  endfacet
  facet normal 0.9978589212284691 -0.06540315989886114 0
    outer loop
      vertex 8.899999998509884 -7.100000001490116 0
      vertex 8.909410655498505 -6.956421189010143 9
      vertex 8.899999998509884 -7.100000001490116 9
    endloop
  endfacet
  facet normal 0.980785286837259 -0.19509028967008044 0
    outer loop
      vertex 8.909410655498505 -6.956421189010143 0
      vertex 8.937481589615345 -6.8152990490198135 9
      vertex 8.909410655498505 -6.956421189010143 9
    endloop
  endfacet
  facet normal 0.9469301251010733 -0.3214394782475631 0
    outer loop
      vertex 8.937481589615345 -6.8152990490198135 0
      vertex 8.983732514083385 -6.679048225283623 9
      vertex 8.937481589615345 -6.8152990490198135 9
    endloop
  endfacet
  facet normal 0.8968727403064517 -0.4422886927055634 0
    outer loop
      vertex 8.983732514083385 -6.679048225283623 0
      vertex 9.047372058033943 -6.549999997019768 9
      vertex 8.983732514083385 -6.679048225283623 9
    endloop
  endfacet
  facet normal 0.8314696151574067 -0.555570228747 0
    outer loop
      vertex 9.047372058033943 -6.549999997019768 0
      vertex 9.127311326563358 -6.4303624257445335 9
      vertex 9.047372058033943 -6.549999997019768 9
    endloop
  endfacet
  facet normal 0.7518397899395236 -0.6593458350999823 0
    outer loop
      vertex 9.127311326563358 -6.4303624257445335 0
      vertex 9.222182542085648 -6.322182543575764 9
      vertex 9.127311326563358 -6.4303624257445335 9
    endloop
  endfacet
  facet normal 0.6593458094310691 -0.7518398124505568 0
    outer loop
      vertex 9.222182542085648 -6.322182543575764 0
      vertex 9.330362431704998 -6.227311328053474 9
      vertex 9.222182542085648 -6.322182543575764 9
    endloop
  endfacet
  facet normal 0.555570228747 -0.8314696151574067 0
    outer loop
      vertex 9.330362431704998 -6.227311328053474 0
      vertex 9.450000002980232 -6.147372059524059 9
      vertex 9.330362431704998 -6.227311328053474 9
    endloop
  endfacet
  facet normal 0.44228871324580626 -0.8968727301771245 0
    outer loop
      vertex 9.450000002980232 -6.147372059524059 0
      vertex 9.579048223793507 -6.083732515573502 9
      vertex 9.450000002980232 -6.147372059524059 9
    endloop
  endfacet
  facet normal 0.3214394782475631 -0.9469301251010733 0
    outer loop
      vertex 9.579048223793507 -6.083732515573502 0
      vertex 9.715299047529697 -6.037481591105461 9
      vertex 9.579048223793507 -6.083732515573502 9
    endloop
  endfacet
  facet normal 0.19509033948010815 -0.9807852769294286 0
    outer loop
      vertex 9.715299047529697 -6.037481591105461 0
      vertex 9.856421187520027 -6.00941064953804 9
      vertex 9.715299047529697 -6.037481591105461 9
    endloop
  endfacet
  facet normal 0.0654031083395394 -0.9978589246078458 0
    outer loop
      vertex 9.856421187520027 -6.00941064953804 0
      vertex 10 -6 9
      vertex 9.856421187520027 -6.00941064953804 9
    endloop
  endfacet
  facet normal -0.0654031083395394 -0.9978589246078458 0
    outer loop
      vertex 10 -6 0
      vertex 10.143578812479973 -6.00941064953804 9
      vertex 10 -6 9
    endloop
  endfacet
  facet normal -0.19509033948010815 -0.9807852769294286 0
    outer loop
      vertex 10.143578812479973 -6.00941064953804 0
      vertex 10.284700952470303 -6.037481591105461 9
      vertex 10.143578812479973 -6.00941064953804 9
    endloop
  endfacet
  facet normal -0.3214394782475631 -0.9469301251010733 0
    outer loop
      vertex 10.284700952470303 -6.037481591105461 0
      vertex 10.420951776206493 -6.083732515573502 9
      vertex 10.284700952470303 -6.037481591105461 9
    endloop
  endfacet
  facet normal -0.555570228747 -0.8314696151574067 0
    outer loop
      vertex 10.549999997019768 -6.147372059524059 0
      vertex 10.669637568295002 -6.227311328053474 9
      vertex 10.549999997019768 -6.147372059524059 9
    endloop
  endfacet
  facet normal -0.44228871324580626 -0.8968727301771245 0
    outer loop
      vertex 10.420951776206493 -6.083732515573502 0
      vertex 10.549999997019768 -6.147372059524059 9
      vertex 10.420951776206493 -6.083732515573502 9
    endloop
  endfacet
  facet normal -0.9978589212284691 -0.06540315989886114 0
    outer loop
      vertex 11.090589344501495 -6.956421189010143 0
      vertex 11.100000001490116 -7.100000001490116 9
      vertex 11.090589344501495 -6.956421189010143 9
    endloop
  endfacet
  facet normal -0.980785286837259 -0.19509028967008044 0
    outer loop
      vertex 11.062518410384655 -6.8152990490198135 0
      vertex 11.090589344501495 -6.956421189010143 9
      vertex 11.062518410384655 -6.8152990490198135 9
    endloop
  endfacet
  facet normal -0.9469301251010733 -0.3214394782475631 0
    outer loop
      vertex 11.016267485916615 -6.679048225283623 0
      vertex 11.062518410384655 -6.8152990490198135 9
      vertex 11.016267485916615 -6.679048225283623 9
    endloop
  endfacet
  facet normal -0.8968727403064517 -0.4422886927055634 0
    outer loop
      vertex 10.952627941966057 -6.549999997019768 0
      vertex 11.016267485916615 -6.679048225283623 9
      vertex 10.952627941966057 -6.549999997019768 9
    endloop
  endfacet
  facet normal -0.8314696151574067 -0.555570228747 0
    outer loop
      vertex 10.872688673436642 -6.4303624257445335 0
      vertex 10.952627941966057 -6.549999997019768 9
      vertex 10.872688673436642 -6.4303624257445335 9
    endloop
  endfacet
  facet normal -0.6593458094310691 -0.7518398124505568 0
    outer loop
      vertex 10.669637568295002 -6.227311328053474 0
      vertex 10.777817457914352 -6.322182543575764 9
      vertex 10.669637568295002 -6.227311328053474 9
    endloop
  endfacet
  facet normal -0.7518397899395236 -0.6593458350999823 0
    outer loop
      vertex 10.777817457914352 -6.322182543575764 0
      vertex 10.872688673436642 -6.4303624257445335 9
      vertex 10.777817457914352 -6.322182543575764 9
    endloop
  endfacet
  facet normal 0.6593458094310691 0.7518398124505568 0
    outer loop
      vertex 9.330362431704998 6.227311328053474 0
      vertex 9.222182542085648 6.322182543575764 0
      vertex 9.222182542085648 6.322182543575764 9
    endloop
  endfacet
  facet normal 0.555570228747 0.8314696151574067 0
    outer loop
      vertex 9.450000002980232 6.147372059524059 0
      vertex 9.330362431704998 6.227311328053474 0
      vertex 9.330362431704998 6.227311328053474 9
    endloop
  endfacet
  facet normal 0.44228871324580626 0.8968727301771245 0
    outer loop
      vertex 9.579048223793507 6.083732515573502 0
      vertex 9.450000002980232 6.147372059524059 0
      vertex 9.450000002980232 6.147372059524059 9
    endloop
  endfacet
  facet normal 0.3214394782475631 0.9469301251010733 0
    outer loop
      vertex 9.715299047529697 6.037481591105461 0
      vertex 9.579048223793507 6.083732515573502 0
      vertex 9.579048223793507 6.083732515573502 9
    endloop
  endfacet
  facet normal 0.19509033948010815 0.9807852769294286 0
    outer loop
      vertex 9.856421187520027 6.00941064953804 0
      vertex 9.715299047529697 6.037481591105461 0
      vertex 9.715299047529697 6.037481591105461 9
    endloop
  endfacet
  facet normal 0.0654031083395394 0.9978589246078458 0
    outer loop
      vertex 10 6 0
      vertex 9.856421187520027 6.00941064953804 0
      vertex 9.856421187520027 6.00941064953804 9
    endloop
  endfacet
  facet normal -0.0654031083395394 0.9978589246078458 0
    outer loop
      vertex 10.143578812479973 6.00941064953804 0
      vertex 10 6 0
      vertex 10 6 9
    endloop
  endfacet
  facet normal -0.19509033948010815 0.9807852769294286 0
    outer loop
      vertex 10.284700952470303 6.037481591105461 0
      vertex 10.143578812479973 6.00941064953804 0
      vertex 10.143578812479973 6.00941064953804 9
    endloop
  endfacet
  facet normal -0.3214394782475631 0.9469301251010733 0
    outer loop
      vertex 10.420951776206493 6.083732515573502 0
      vertex 10.284700952470303 6.037481591105461 0
      vertex 10.284700952470303 6.037481591105461 9
    endloop
  endfacet
  facet normal -0.44228871324580626 0.8968727301771245 0
    outer loop
      vertex 10.549999997019768 6.147372059524059 0
      vertex 10.420951776206493 6.083732515573502 0
      vertex 10.420951776206493 6.083732515573502 9
    endloop
  endfacet
  facet normal -0.555570228747 0.8314696151574067 0
    outer loop
      vertex 10.669637568295002 6.227311328053474 0
      vertex 10.549999997019768 6.147372059524059 0
      vertex 10.549999997019768 6.147372059524059 9
    endloop
  endfacet
  facet normal 0.8968727403064517 0.4422886927055634 0
    outer loop
      vertex 9.047372058033943 6.549999997019768 0
      vertex 8.983732514083385 6.679048225283623 0
      vertex 8.983732514083385 6.679048225283623 9
    endloop
  endfacet
  facet normal 0.9469301251010733 0.3214394782475631 0
    outer loop
      vertex 8.983732514083385 6.679048225283623 0
      vertex 8.937481589615345 6.8152990490198135 0
      vertex 8.937481589615345 6.8152990490198135 9
    endloop
  endfacet
  facet normal 0.980785286837259 0.19509028967008044 0
    outer loop
      vertex 8.937481589615345 6.8152990490198135 0
      vertex 8.909410655498505 6.956421189010143 0
      vertex 8.909410655498505 6.956421189010143 9
    endloop
  endfacet
  facet normal 0.9978589212284691 0.06540315989886114 0
    outer loop
      vertex 8.909410655498505 6.956421189010143 0
      vertex 8.899999998509884 7.100000001490116 0
      vertex 8.899999998509884 7.100000001490116 9
    endloop
  endfacet
  facet normal 0.7518397899395236 0.6593458350999823 0
    outer loop
      vertex 9.222182542085648 6.322182543575764 0
      vertex 9.127311326563358 6.4303624257445335 0
      vertex 9.127311326563358 6.4303624257445335 9
    endloop
  endfacet
  facet normal 0.8314696151574067 0.555570228747 0
    outer loop
      vertex 9.127311326563358 6.4303624257445335 0
      vertex 9.047372058033943 6.549999997019768 0
      vertex 9.047372058033943 6.549999997019768 9
    endloop
  endfacet
  facet normal -0.6593458094310691 0.7518398124505568 0
    outer loop
      vertex 10.777817457914352 6.322182543575764 0
      vertex 10.669637568295002 6.227311328053474 0
      vertex 10.669637568295002 6.227311328053474 9
    endloop
  endfacet
  facet normal -0.7518397899395236 0.6593458350999823 0
    outer loop
      vertex 10.872688673436642 6.4303624257445335 0
      vertex 10.777817457914352 6.322182543575764 0
      vertex 10.777817457914352 6.322182543575764 9
    endloop
  endfacet
  facet normal -0.8314696151574067 0.555570228747 0
    outer loop
      vertex 10.952627941966057 6.549999997019768 0
      vertex 10.872688673436642 6.4303624257445335 0
      vertex 10.872688673436642 6.4303624257445335 9
    endloop
  endfacet
  facet normal -0.8968727403064517 0.4422886927055634 0
    outer loop
      vertex 11.016267485916615 6.679048225283623 0
      vertex 10.952627941966057 6.549999997019768 0
      vertex 10.952627941966057 6.549999997019768 9
    endloop
  endfacet
  facet normal -0.9469301251010733 0.3214394782475631 0
    outer loop
      vertex 11.062518410384655 6.8152990490198135 0
      vertex 11.016267485916615 6.679048225283623 0
      vertex 11.016267485916615 6.679048225283623 9
    endloop
  endfacet
  facet normal -0.980785286837259 0.19509028967008044 0
    outer loop
      vertex 11.090589344501495 6.956421189010143 0
      vertex 11.062518410384655 6.8152990490198135 0
      vertex 11.062518410384655 6.8152990490198135 9
    endloop
  endfacet
  facet normal -0.9978589212284691 0.06540315989886114 0
    outer loop
      vertex 11.100000001490116 7.100000001490116 0
      vertex 11.090589344501495 6.956421189010143 0
      vertex 11.090589344501495 6.956421189010143 9
    endloop
  endfacet
  facet normal 1 0 0
    outer loop
      vertex 8.899999998509884 7.100000001490116 0
      vertex 8.899999998509884 12.899999998509884 0
      vertex 8.899999998509884 12.899999998509884 9
    endloop
  endfacet
  facet normal -1 0 0
    outer loop
      vertex 11.100000001490116 12.899999998509884 0
      vertex 11.100000001490116 7.100000001490116 0
      vertex 11.100000001490116 7.100000001490116 9
    endloop
  endfacet
  facet normal 0.9978589212284691 -0.06540315989886114 0
    outer loop
      vertex 8.899999998509884 12.899999998509884 0
      vertex 8.909410655498505 13.043578810989857 0
      vertex 8.909410655498505 13.043578810989857 9
    endloop
  endfacet
  facet normal 0.980785286837259 -0.19509028967008044 0
    outer loop
      vertex 8.909410655498505 13.043578810989857 0
      vertex 8.937481589615345 13.184700950980186 0
      vertex 8.937481589615345 13.184700950980186 9
    endloop
  endfacet
  facet normal 0.9469301251010733 -0.3214394782475631 0
    outer loop
      vertex 8.937481589615345 13.184700950980186 0
      vertex 8.983732514083385 13.320951774716377 0
      vertex 8.983732514083385 13.320951774716377 9
    endloop
  endfacet
  facet normal 0.8968727403064517 -0.4422886927055634 0
    outer loop
      vertex 8.983732514083385 13.320951774716377 0
      vertex 9.047372058033943 13.450000002980232 0
      vertex 9.047372058033943 13.450000002980232 9
    endloop
  endfacet
  facet normal 0.8314696151574067 -0.555570228747 0
    outer loop
      vertex 9.047372058033943 13.450000002980232 0
      vertex 9.127311326563358 13.569637574255466 0
      vertex 9.127311326563358 13.569637574255466 9
    endloop
  endfacet
  facet normal 0.7518397899395236 -0.6593458350999823 0
    outer loop
      vertex 9.127311326563358 13.569637574255466 0
      vertex 9.222182542085648 13.677817456424236 0
      vertex 9.222182542085648 13.677817456424236 9
    endloop
  endfacet
  facet normal 0.6593458094310691 -0.7518398124505568 0
    outer loop
      vertex 9.222182542085648 13.677817456424236 0
      vertex 9.330362431704998 13.772688671946526 0
      vertex 9.330362431704998 13.772688671946526 9
    endloop
  endfacet
  facet normal 0.555570228747 -0.8314696151574067 0
    outer loop
      vertex 9.330362431704998 13.772688671946526 0
      vertex 9.450000002980232 13.85262794047594 0
      vertex 9.450000002980232 13.85262794047594 9
    endloop
  endfacet
  facet normal 0.44228871324580626 -0.8968727301771245 0
    outer loop
      vertex 9.450000002980232 13.85262794047594 0
      vertex 9.579048223793507 13.916267484426498 0
      vertex 9.579048223793507 13.916267484426498 9
    endloop
  endfacet
  facet normal 0.3214394782475631 -0.9469301251010733 0
    outer loop
      vertex 9.579048223793507 13.916267484426498 0
      vertex 9.715299047529697 13.962518408894539 0
      vertex 9.715299047529697 13.962518408894539 9
    endloop
  endfacet
  facet normal 0.19509033948010815 -0.9807852769294286 0
    outer loop
      vertex 9.715299047529697 13.962518408894539 0
      vertex 9.856421187520027 13.99058935046196 0
      vertex 9.856421187520027 13.99058935046196 9
    endloop
  endfacet
  facet normal 0.0654031083395394 -0.9978589246078458 0
    outer loop
      vertex 9.856421187520027 13.99058935046196 0
      vertex 10 14 0
      vertex 10 14 9
    endloop
  endfacet
  facet normal -0.0654031083395394 -0.9978589246078458 0
    outer loop
      vertex 10 14 0
      vertex 10.143578812479973 13.99058935046196 0
      vertex 10.143578812479973 13.99058935046196 9
    endloop
  endfacet
  facet normal -0.19509033948010815 -0.9807852769294286 0
    outer loop
      vertex 10.143578812479973 13.99058935046196 0
      vertex 10.284700952470303 13.962518408894539 0
      vertex 10.284700952470303 13.962518408894539 9
    endloop
  endfacet
  facet normal -0.3214394782475631 -0.9469301251010733 0
    outer loop
      vertex 10.284700952470303 13.962518408894539 0
      vertex 10.420951776206493 13.916267484426498 0
      vertex 10.420951776206493 13.916267484426498 9
    endloop
  endfacet
  facet normal -0.44228871324580626 -0.8968727301771245 0
    outer loop
      vertex 10.420951776206493 13.916267484426498 0
      vertex 10.549999997019768 13.85262794047594 0
      vertex 10.549999997019768 13.85262794047594 9
    endloop
  endfacet
  facet normal -0.9978589212284691 -0.06540315989886114 0
    outer loop
      vertex 11.090589344501495 13.043578810989857 0
      vertex 11.100000001490116 12.899999998509884 0
      vertex 11.100000001490116 12.899999998509884 9
    endloop
  endfacet
  facet normal -0.980785286837259 -0.19509028967008044 0
    outer loop
      vertex 11.062518410384655 13.184700950980186 0
      vertex 11.090589344501495 13.043578810989857 0
      vertex 11.090589344501495 13.043578810989857 9
    endloop
  endfacet
  facet normal -0.9469301251010733 -0.3214394782475631 0
    outer loop
      vertex 11.016267485916615 13.320951774716377 0
      vertex 11.062518410384655 13.184700950980186 0
      vertex 11.062518410384655 13.184700950980186 9
    endloop
  endfacet
  facet normal -0.555570228747 -0.8314696151574067 0
    outer loop
      vertex 10.549999997019768 13.85262794047594 0
      vertex 10.669637568295002 13.772688671946526 0
      vertex 10.669637568295002 13.772688671946526 9
    endloop
  endfacet
  facet normal -0.6593458094310691 -0.7518398124505568 0
    outer loop
      vertex 10.669637568295002 13.772688671946526 0
      vertex 10.777817457914352 13.677817456424236 0
      vertex 10.777817457914352 13.677817456424236 9
    endloop
  endfacet
  facet normal -0.7518397899395236 -0.6593458350999823 0
    outer loop
      vertex 10.777817457914352 13.677817456424236 0
      vertex 10.872688673436642 13.569637574255466 0
      vertex 10.872688673436642 13.569637574255466 9
    endloop
  endfacet
  facet normal -0.8968727403064517 -0.4422886927055634 0
    outer loop
      vertex 10.952627941966057 13.450000002980232 0
      vertex 11.016267485916615 13.320951774716377 0
      vertex 11.016267485916615 13.320951774716377 9
    endloop
  endfacet
  facet normal -0.8314696151574067 -0.555570228747 0
    outer loop
      vertex 10.872688673436642 13.569637574255466 0
      vertex 10.952627941966057 13.450000002980232 0
      vertex 10.952627941966057 13.450000002980232 9
    endloop
  endfacet
  facet normal 0.7518397899395236 0.6593458350999823 0
    outer loop
      vertex 9.222182542085648 6.322182543575764 0
      vertex 9.127311326563358 6.4303624257445335 9
      vertex 9.222182542085648 6.322182543575764 9
    endloop
  endfacet
  facet normal 0.6593458094310691 0.7518398124505568 0
    outer loop
      vertex 9.330362431704998 6.227311328053474 0
      vertex 9.222182542085648 6.322182543575764 9
      vertex 9.330362431704998 6.227311328053474 9
    endloop
  endfacet
  facet normal 0.44228871324580626 0.8968727301771245 0
    outer loop
      vertex 9.579048223793507 6.083732515573502 0
      vertex 9.450000002980232 6.147372059524059 9
      vertex 9.579048223793507 6.083732515573502 9
    endloop
  endfacet
  facet normal 0.555570228747 0.8314696151574067 0
    outer loop
      vertex 9.450000002980232 6.147372059524059 0
      vertex 9.330362431704998 6.227311328053474 9
      vertex 9.450000002980232 6.147372059524059 9
    endloop
  endfacet
  facet normal 0.3214394782475631 0.9469301251010733 0
    outer loop
      vertex 9.715299047529697 6.037481591105461 0
      vertex 9.579048223793507 6.083732515573502 9
      vertex 9.715299047529697 6.037481591105461 9
    endloop
  endfacet
  facet normal 0.19509033948010815 0.9807852769294286 0
    outer loop
      vertex 9.856421187520027 6.00941064953804 0
      vertex 9.715299047529697 6.037481591105461 9
      vertex 9.856421187520027 6.00941064953804 9
    endloop
  endfacet
  facet normal 0.0654031083395394 0.9978589246078458 0
    outer loop
      vertex 10 6 0
      vertex 9.856421187520027 6.00941064953804 9
      vertex 10 6 9
    endloop
  endfacet
  facet normal -0.0654031083395394 0.9978589246078458 0
    outer loop
      vertex 10.143578812479973 6.00941064953804 0
      vertex 10 6 9
      vertex 10.143578812479973 6.00941064953804 9
    endloop
  endfacet
  facet normal -0.19509033948010815 0.9807852769294286 0
    outer loop
      vertex 10.284700952470303 6.037481591105461 0
      vertex 10.143578812479973 6.00941064953804 9
      vertex 10.284700952470303 6.037481591105461 9
    endloop
  endfacet
  facet normal -0.3214394782475631 0.9469301251010733 0
    outer loop
      vertex 10.420951776206493 6.083732515573502 0
      vertex 10.284700952470303 6.037481591105461 9
      vertex 10.420951776206493 6.083732515573502 9
    endloop
  endfacet
  facet normal -0.44228871324580626 0.8968727301771245 0
    outer loop
      vertex 10.549999997019768 6.147372059524059 0
      vertex 10.420951776206493 6.083732515573502 9
      vertex 10.549999997019768 6.147372059524059 9
    endloop
  endfacet
  facet normal 0.8968727403064517 0.4422886927055634 0
    outer loop
      vertex 9.047372058033943 6.549999997019768 0
      vertex 8.983732514083385 6.679048225283623 9
      vertex 9.047372058033943 6.549999997019768 9
    endloop
  endfacet
  facet normal 0.9469301251010733 0.3214394782475631 0
    outer loop
      vertex 8.983732514083385 6.679048225283623 0
      vertex 8.937481589615345 6.8152990490198135 9
      vertex 8.983732514083385 6.679048225283623 9
    endloop
  endfacet
  facet normal 0.980785286837259 0.19509028967008044 0
    outer loop
      vertex 8.937481589615345 6.8152990490198135 0
      vertex 8.909410655498505 6.956421189010143 9
      vertex 8.937481589615345 6.8152990490198135 9
    endloop
  endfacet
  facet normal 0.9978589212284691 0.06540315989886114 0
    outer loop
      vertex 8.909410655498505 6.956421189010143 0
      vertex 8.899999998509884 7.100000001490116 9
      vertex 8.909410655498505 6.956421189010143 9
    endloop
  endfacet
  facet normal 0.8314696151574067 0.555570228747 0
    outer loop
      vertex 9.127311326563358 6.4303624257445335 0
      vertex 9.047372058033943 6.549999997019768 9
      vertex 9.127311326563358 6.4303624257445335 9
    endloop
  endfacet
  facet normal -0.555570228747 0.8314696151574067 0
    outer loop
      vertex 10.669637568295002 6.227311328053474 0
      vertex 10.549999997019768 6.147372059524059 9
      vertex 10.669637568295002 6.227311328053474 9
    endloop
  endfacet
  facet normal -0.6593458094310691 0.7518398124505568 0
    outer loop
      vertex 10.777817457914352 6.322182543575764 0
      vertex 10.669637568295002 6.227311328053474 9
      vertex 10.777817457914352 6.322182543575764 9
    endloop
  endfacet
  facet normal -0.7518397899395236 0.6593458350999823 0
    outer loop
      vertex 10.872688673436642 6.4303624257445335 0
      vertex 10.777817457914352 6.322182543575764 9
      vertex 10.872688673436642 6.4303624257445335 9
    endloop
  endfacet
  facet normal -0.8314696151574067 0.555570228747 0
    outer loop
      vertex 10.952627941966057 6.549999997019768 0
      vertex 10.872688673436642 6.4303624257445335 9
      vertex 10.952627941966057 6.549999997019768 9
    endloop
  endfacet
  facet normal -0.8968727403064517 0.4422886927055634 0
    outer loop
      vertex 11.016267485916615 6.679048225283623 0
      vertex 10.952627941966057 6.549999997019768 9
      vertex 11.016267485916615 6.679048225283623 9
    endloop
  endfacet
  facet normal -0.9469301251010733 0.3214394782475631 0
    outer loop
      vertex 11.062518410384655 6.8152990490198135 0
      vertex 11.016267485916615 6.679048225283623 9
      vertex 11.062518410384655 6.8152990490198135 9
    endloop
  endfacet
  facet normal -0.980785286837259 0.19509028967008044 0
    outer loop
      vertex 11.090589344501495 6.956421189010143 0
      vertex 11.062518410384655 6.8152990490198135 9
      vertex 11.090589344501495 6.956421189010143 9
    endloop
  endfacet
  facet normal -0.9978589212284691 0.06540315989886114 0
    outer loop
      vertex 11.100000001490116 7.100000001490116 0
      vertex 11.090589344501495 6.956421189010143 9
      vertex 11.100000001490116 7.100000001490116 9
    endloop
  endfacet
  facet normal 1 0 0
    outer loop
      vertex 8.899999998509884 7.100000001490116 0
      vertex 8.899999998509884 12.899999998509884 9
      vertex 8.899999998509884 7.100000001490116 9
    endloop
  endfacet
  facet normal -1 0 0
    outer loop
      vertex 11.100000001490116 12.899999998509884 0
      vertex 11.100000001490116 7.100000001490116 9
      vertex 11.100000001490116 12.899999998509884 9
    endloop
  endfacet
  facet normal 0.9978589212284691 -0.06540315989886114 0
    outer loop
      vertex 8.899999998509884 12.899999998509884 0
      vertex 8.909410655498505 13.043578810989857 9
      vertex 8.899999998509884 12.899999998509884 9
    endloop
  endfacet
  facet normal 0.980785286837259 -0.19509028967008044 0
    outer loop
      vertex 8.909410655498505 13.043578810989857 0
      vertex 8.937481589615345 13.184700950980186 9
      vertex 8.909410655498505 13.043578810989857 9
    endloop
  endfacet
  facet normal 0.9469301251010733 -0.3214394782475631 0
    outer loop
      vertex 8.937481589615345 13.184700950980186 0
      vertex 8.983732514083385 13.320951774716377 9
      vertex 8.937481589615345 13.184700950980186 9
    endloop
  endfacet
  facet normal 0.8968727403064517 -0.4422886927055634 0
    outer loop
      vertex 8.983732514083385 13.320951774716377 0
      vertex 9.047372058033943 13.450000002980232 9
      vertex 8.983732514083385 13.320951774716377 9
    endloop
  endfacet
  facet normal 0.8314696151574067 -0.555570228747 0
    outer loop
      vertex 9.047372058033943 13.450000002980232 0
      vertex 9.127311326563358 13.569637574255466 9
      vertex 9.047372058033943 13.450000002980232 9
    endloop
  endfacet
  facet normal 0.7518397899395236 -0.6593458350999823 0
    outer loop
      vertex 9.127311326563358 13.569637574255466 0
      vertex 9.222182542085648 13.677817456424236 9
      vertex 9.127311326563358 13.569637574255466 9
    endloop
  endfacet
  facet normal 0.6593458094310691 -0.7518398124505568 0
    outer loop
      vertex 9.222182542085648 13.677817456424236 0
      vertex 9.330362431704998 13.772688671946526 9
      vertex 9.222182542085648 13.677817456424236 9
    endloop
  endfacet
  facet normal 0.555570228747 -0.8314696151574067 0
    outer loop
      vertex 9.330362431704998 13.772688671946526 0
      vertex 9.450000002980232 13.85262794047594 9
      vertex 9.330362431704998 13.772688671946526 9
    endloop
  endfacet
  facet normal 0.44228871324580626 -0.8968727301771245 0
    outer loop
      vertex 9.450000002980232 13.85262794047594 0
      vertex 9.579048223793507 13.916267484426498 9
      vertex 9.450000002980232 13.85262794047594 9
    endloop
  endfacet
  facet normal 0.3214394782475631 -0.9469301251010733 0
    outer loop
      vertex 9.579048223793507 13.916267484426498 0
      vertex 9.715299047529697 13.962518408894539 9
      vertex 9.579048223793507 13.916267484426498 9
    endloop
  endfacet
  facet normal 0.19509033948010815 -0.9807852769294286 0
    outer loop
      vertex 9.715299047529697 13.962518408894539 0
      vertex 9.856421187520027 13.99058935046196 9
      vertex 9.715299047529697 13.962518408894539 9
    endloop
  endfacet
  facet normal 0.0654031083395394 -0.9978589246078458 0
    outer loop
      vertex 9.856421187520027 13.99058935046196 0
      vertex 10 14 9
      vertex 9.856421187520027 13.99058935046196 9
    endloop
  endfacet
  facet normal -0.0654031083395394 -0.9978589246078458 0
    outer loop
      vertex 10 14 0
      vertex 10.143578812479973 13.99058935046196 9
      vertex 10 14 9
    endloop
  endfacet
  facet normal -0.19509033948010815 -0.9807852769294286 0
    outer loop
      vertex 10.143578812479973 13.99058935046196 0
      vertex 10.284700952470303 13.962518408894539 9
      vertex 10.143578812479973 13.99058935046196 9
    endloop
  endfacet
  facet normal -0.3214394782475631 -0.9469301251010733 0
    outer loop
      vertex 10.284700952470303 13.962518408894539 0
      vertex 10.420951776206493 13.916267484426498 9
      vertex 10.284700952470303 13.962518408894539 9
    endloop
  endfacet
  facet normal -0.44228871324580626 -0.8968727301771245 0
    outer loop
      vertex 10.420951776206493 13.916267484426498 0
      vertex 10.549999997019768 13.85262794047594 9
      vertex 10.420951776206493 13.916267484426498 9
    endloop
  endfacet
  facet normal -0.555570228747 -0.8314696151574067 0
    outer loop
      vertex 10.549999997019768 13.85262794047594 0
      vertex 10.669637568295002 13.772688671946526 9
      vertex 10.549999997019768 13.85262794047594 9
    endloop
  endfacet
  facet normal -0.9978589212284691 -0.06540315989886114 0
    outer loop
      vertex 11.090589344501495 13.043578810989857 0
      vertex 11.100000001490116 12.899999998509884 9
      vertex 11.090589344501495 13.043578810989857 9
    endloop
  endfacet
  facet normal -0.980785286837259 -0.19509028967008044 0
    outer loop
      vertex 11.062518410384655 13.184700950980186 0
      vertex 11.090589344501495 13.043578810989857 9
      vertex 11.062518410384655 13.184700950980186 9
    endloop
  endfacet
  facet normal -0.9469301251010733 -0.3214394782475631 0
    outer loop
      vertex 11.016267485916615 13.320951774716377 0
      vertex 11.062518410384655 13.184700950980186 9
      vertex 11.016267485916615 13.320951774716377 9
    endloop
  endfacet
  facet normal -0.6593458094310691 -0.7518398124505568 0
    outer loop
      vertex 10.669637568295002 13.772688671946526 0
      vertex 10.777817457914352 13.677817456424236 9
      vertex 10.669637568295002 13.772688671946526 9
    endloop
  endfacet
  facet normal -0.7518397899395236 -0.6593458350999823 0
    outer loop
      vertex 10.777817457914352 13.677817456424236 0
      vertex 10.872688673436642 13.569637574255466 9
      vertex 10.777817457914352 13.677817456424236 9
    endloop
  endfacet
  facet normal -0.8968727403064517 -0.4422886927055634 0
    outer loop
      vertex 10.952627941966057 13.450000002980232 0
      vertex 11.016267485916615 13.320951774716377 9
      vertex 10.952627941966057 13.450000002980232 9
    endloop
  endfacet
  facet normal -0.8314696151574067 -0.555570228747 0
    outer loop
      vertex 10.872688673436642 13.569637574255466 0
      vertex 10.952627941966057 13.450000002980232 9
      vertex 10.872688673436642 13.569637574255466 9
    endloop
  endfacet
  facet normal 0 0 -1
    outer loop
      vertex -15 -17 0
      vertex -10.669637568295002 -13.772688671946526 0
      vertex -10.549999997019768 -13.85262794047594 0
    endloop
  endfacet
  facet normal 0 0 -1
    outer loop
      vertex -15 -17 0
      vertex -10.549999997019768 -13.85262794047594 0
      vertex -10.420951776206493 -13.916267484426498 0
    endloop
  endfacet
  facet normal 0 0 -1
    outer loop
      vertex -15 -17 0
      vertex -10.420951776206493 -13.916267484426498 0
      vertex -10.284700952470303 -13.962518408894539 0
    endloop
  endfacet
  facet normal 0 0 -1
    outer loop
      vertex -15 -17 0
      vertex -10.284700952470303 -13.962518408894539 0
      vertex -10.143578812479973 -13.99058935046196 0
    endloop
  endfacet
  facet normal 0 0 -1
    outer loop
      vertex -15 -17 0
      vertex -10.143578812479973 -13.99058935046196 0
      vertex -10 -14 0
    endloop
  endfacet
  facet normal 0 0 -1
    outer loop
      vertex -15 -17 0
      vertex -10.952627941966057 -13.450000002980232 0
      vertex -10.872688673436642 -13.569637574255466 0
    endloop
  endfacet
  facet normal 0 0 -1
    outer loop
      vertex -15 -17 0
      vertex -11.062518410384655 -13.184700950980186 0
      vertex -11.016267485916615 -13.320951774716377 0
    endloop
  endfacet
  facet normal 0 0 -1
    outer loop
      vertex -15 -17 0
      vertex -11.090589344501495 -13.043578810989857 0
      vertex -11.062518410384655 -13.184700950980186 0
    endloop
  endfacet
  facet normal 0 0 -1
    outer loop
      vertex -15 -17 0
      vertex -11.016267485916615 -13.320951774716377 0
      vertex -10.952627941966057 -13.450000002980232 0
    endloop
  endfacet
  facet normal 0 0 -1
    outer loop
      vertex -15 -17 0
      vertex -11.100000001490116 -12.899999998509884 0
      vertex -11.090589344501495 -13.043578810989857 0
    endloop
  endfacet
  facet normal 0 0 -1
    outer loop
      vertex -15 -17 0
      vertex -10.872688673436642 -13.569637574255466 0
      vertex -10.777817457914352 -13.677817456424236 0
    endloop
  endfacet
  facet normal 0 0 -1
    outer loop
      vertex -15 -17 0
      vertex -10.777817457914352 -13.677817456424236 0
      vertex -10.669637568295002 -13.772688671946526 0
    endloop
  endfacet
  facet normal 0 0 -1
    outer loop
      vertex -15 -17 0
      vertex -11.100000001490116 -7.100000001490116 0
      vertex -11.100000001490116 -12.899999998509884 0
    endloop
  endfacet
  facet normal -0.7518397936522605 -0.6593458308664174 0
    outer loop
      vertex -16.586706683039665 -16.217522859573364 0
      vertex -16.414213560521603 -16.414213560521603 0
      vertex -16.586706683039665 -16.217522859573364 9
    endloop
  endfacet
  facet normal -0.8314696207458843 -0.5555702203832522 0
    outer loop
      vertex -16.586706683039665 -16.217522859573364 0
      vertex -16.73205080628395 -16 9
      vertex -16.73205080628395 -16 0
    endloop
  endfacet
  facet normal -0.6593458308664174 -0.7518397936522605 0
    outer loop
      vertex -16.217522859573364 -16.586706683039665 0
      vertex -16.414213560521603 -16.414213560521603 9
      vertex -16.414213560521603 -16.414213560521603 0
    endloop
  endfacet
  facet normal -0.5555702203832522 -0.8314696207458843 0
    outer loop
      vertex -16.217522859573364 -16.586706683039665 0
      vertex -16 -16.73205080628395 0
      vertex -16.217522859573364 -16.586706683039665 9
    endloop
  endfacet
  facet normal -0.8968727332159228 -0.4422887070837332 0
    outer loop
      vertex -16.73205080628395 -16 0
      vertex -16.847759068012238 -15.765366867184639 9
      vertex -16.847759068012238 -15.765366867184639 0
    endloop
  endfacet
  facet normal -0.9469301319984066 -0.32143945792867507 0
    outer loop
      vertex -16.847759068012238 -15.765366867184639 0
      vertex -16.931851655244827 -15.517638087272644 9
      vertex -16.931851655244827 -15.517638087272644 0
    endloop
  endfacet
  facet normal -0.9807852843656898 -0.1950903020954995 0
    outer loop
      vertex -16.931851655244827 -15.517638087272644 0
      vertex -16.982889719307423 -15.261052384972572 9
      vertex -16.982889719307423 -15.261052384972572 0
    endloop
  endfacet
  facet normal -0.9978589223891016 -0.06540314219103631 0
    outer loop
      vertex -16.982889719307423 -15.261052384972572 0
      vertex -17 -15 9
      vertex -17 -15 0
    endloop
  endfacet
  facet normal -0.4422887070837332 -0.8968727332159228 0
    outer loop
      vertex -16 -16.73205080628395 0
      vertex -15.765366867184639 -16.847759068012238 0
      vertex -16 -16.73205080628395 9
    endloop
  endfacet
  facet normal -0.32143945792867507 -0.9469301319984066 0
    outer loop
      vertex -15.765366867184639 -16.847759068012238 0
      vertex -15.517638087272644 -16.931851655244827 0
      vertex -15.765366867184639 -16.847759068012238 9
    endloop
  endfacet
  facet normal -0.1950903020954995 -0.9807852843656898 0
    outer loop
      vertex -15.517638087272644 -16.931851655244827 0
      vertex -15.261052384972572 -16.982889719307423 0
      vertex -15.517638087272644 -16.931851655244827 9
    endloop
  endfacet
  facet normal -0.06540314219103631 -0.9978589223891016 0
    outer loop
      vertex -15.261052384972572 -16.982889719307423 0
      vertex -15 -17 0
      vertex -15.261052384972572 -16.982889719307423 9
    endloop
  endfacet
  facet normal 0 0 -1
    outer loop
      vertex -16.73205080628395 -16 0
      vertex -16.847759068012238 -15.765366867184639 0
      vertex -16.847759068012238 15.765366867184639 0
    endloop
  endfacet
  facet normal 0 0 -1
    outer loop
      vertex -16.586706683039665 -16.217522859573364 0
      vertex -16.73205080628395 -16 0
      vertex -16.73205080628395 16 0
    endloop
  endfacet
  facet normal 0 0 -1
    outer loop
      vertex -16.586706683039665 -16.217522859573364 0
      vertex -16.586706683039665 16.217522859573364 0
      vertex -16.414213560521603 -16.414213560521603 0
    endloop
  endfacet
  facet normal 0 0 -1
    outer loop
      vertex -16.217522859573364 -16.586706683039665 0
      vertex -16.414213560521603 -16.414213560521603 0
      vertex -16.414213560521603 16.414213560521603 0
    endloop
  endfacet
  facet normal 0 0 -1
    outer loop
      vertex -16.217522859573364 -16.586706683039665 0
      vertex -16.217522859573364 16.586706683039665 0
      vertex -16 -16.73205080628395 0
    endloop
  endfacet
  facet normal 0 0 -1
    outer loop
      vertex -16.847759068012238 -15.765366867184639 0
      vertex -16.931851655244827 -15.517638087272644 0
      vertex -16.931851655244827 15.517638087272644 0
    endloop
  endfacet
  facet normal 0 0 -1
    outer loop
      vertex -16.931851655244827 -15.517638087272644 0
      vertex -16.982889719307423 -15.261052384972572 0
      vertex -16.982889719307423 15.261052384972572 0
    endloop
  endfacet
  facet normal 0 0 -1
    outer loop
      vertex -16.982889719307423 -15.261052384972572 0
      vertex -17 -15 0
      vertex -17 15 0
    endloop
  endfacet
  facet normal 0 0 -1
    outer loop
      vertex -16 -16.73205080628395 0
      vertex -16 16.73205080628395 0
      vertex -15.765366867184639 -16.847759068012238 0
    endloop
  endfacet
  facet normal 0 0 -1
    outer loop
      vertex -15.765366867184639 -16.847759068012238 0
      vertex -15.765366867184639 16.847759068012238 0
      vertex -15.517638087272644 -16.931851655244827 0
    endloop
  endfacet
  facet normal 0 0 -1
    outer loop
      vertex -15.517638087272644 -16.931851655244827 0
      vertex -15.517638087272644 16.931851655244827 0
      vertex -15.261052384972572 -16.982889719307423 0
    endloop
  endfacet
  facet normal 0 0 -1
    outer loop
      vertex -15.261052384972572 -16.982889719307423 0
      vertex -15.261052384972572 16.982889719307423 0
      vertex -15 -17 0
    endloop
  endfacet
  facet normal 0 0 -1
    outer loop
      vertex -15 -17 0
      vertex -11.100000001490116 7.100000001490116 0
      vertex -11.100000001490116 -7.100000001490116 0
    endloop
  endfacet
  facet normal 0 0 -1
    outer loop
      vertex -11.100000001490116 -7.100000001490116 0
      vertex -11.090589344501495 6.956421189010143 0
      vertex -11.090589344501495 -6.956421189010143 0
    endloop
  endfacet
  facet normal 0 0 -1
    outer loop
      vertex -11.090589344501495 -6.956421189010143 0
      vertex -11.062518410384655 6.8152990490198135 0
      vertex -11.062518410384655 -6.8152990490198135 0
    endloop
  endfacet
  facet normal 0 0 -1
    outer loop
      vertex -11.062518410384655 -6.8152990490198135 0
      vertex -11.016267485916615 6.679048225283623 0
      vertex -11.016267485916615 -6.679048225283623 0
    endloop
  endfacet
  facet normal 0 0 -1
    outer loop
      vertex -11.016267485916615 -6.679048225283623 0
      vertex -10.952627941966057 6.549999997019768 0
      vertex -10.952627941966057 -6.549999997019768 0
    endloop
  endfacet
  facet normal 0 0 -1
    outer loop
      vertex -10.952627941966057 -6.549999997019768 0
      vertex -10.872688673436642 6.4303624257445335 0
      vertex -10.872688673436642 -6.4303624257445335 0
    endloop
  endfacet
  facet normal 0 0 -1
    outer loop
      vertex -10.872688673436642 -6.4303624257445335 0
      vertex -10.777817457914352 6.322182543575764 0
      vertex -10.777817457914352 -6.322182543575764 0
    endloop
  endfacet
  facet normal 0 0 -1
    outer loop
      vertex -10.777817457914352 -6.322182543575764 0
      vertex -10.669637568295002 6.227311328053474 0
      vertex -10.669637568295002 -6.227311328053474 0
    endloop
  endfacet
  facet normal 0 0 -1
    outer loop
      vertex -9.330362431704998 -6.227311328053474 0
      vertex -10.143578812479973 6.00941064953804 0
      vertex -9.222182542085648 -6.322182543575764 0
    endloop
  endfacet
  facet normal 0 0 -1
    outer loop
      vertex -8.937481589615345 -6.8152990490198135 0
      vertex -10.143578812479973 6.00941064953804 0
      vertex -8.909410655498505 -6.956421189010143 0
    endloop
  endfacet
  facet normal 0 0 -1
    outer loop
      vertex -9.047372058033943 -6.549999997019768 0
      vertex -10.143578812479973 6.00941064953804 0
      vertex -8.983732514083385 -6.679048225283623 0
    endloop
  endfacet
  facet normal 0 0 -1
    outer loop
      vertex -8.983732514083385 -6.679048225283623 0
      vertex -10.143578812479973 6.00941064953804 0
      vertex -8.937481589615345 -6.8152990490198135 0
    endloop
  endfacet
  facet normal 0 0 -1
    outer loop
      vertex -9.127311326563358 -6.4303624257445335 0
      vertex -10.143578812479973 6.00941064953804 0
      vertex -9.047372058033943 -6.549999997019768 0
    endloop
  endfacet
  facet normal 0 0 -1
    outer loop
      vertex -9.222182542085648 -6.322182543575764 0
      vertex -10.143578812479973 6.00941064953804 0
      vertex -9.127311326563358 -6.4303624257445335 0
    endloop
  endfacet
  facet normal 0 0 -1
    outer loop
      vertex -10.669637568295002 -6.227311328053474 0
      vertex -10.549999997019768 6.147372059524059 0
      vertex -10.549999997019768 -6.147372059524059 0
    endloop
  endfacet
  facet normal 0 0 -1
    outer loop
      vertex -10.549999997019768 -6.147372059524059 0
      vertex -10.420951776206493 6.083732515573502 0
      vertex -10.420951776206493 -6.083732515573502 0
    endloop
  endfacet
  facet normal 0 0 -1
    outer loop
      vertex -10.420951776206493 -6.083732515573502 0
      vertex -10.284700952470303 6.037481591105461 0
      vertex -10.284700952470303 -6.037481591105461 0
    endloop
  endfacet
  facet normal 0 0 -1
    outer loop
      vertex -10.284700952470303 -6.037481591105461 0
      vertex -10.143578812479973 6.00941064953804 0
      vertex -10.143578812479973 -6.00941064953804 0
    endloop
  endfacet
  facet normal 0 0 -1
    outer loop
      vertex -10.143578812479973 -6.00941064953804 0
      vertex -10.143578812479973 6.00941064953804 0
      vertex -10 -6 0
    endloop
  endfacet
  facet normal 0 0 -1
    outer loop
      vertex -10 -6 0
      vertex -10.143578812479973 6.00941064953804 0
      vertex -9.856421187520027 -6.00941064953804 0
    endloop
  endfacet
  facet normal 0 0 -1
    outer loop
      vertex -9.856421187520027 -6.00941064953804 0
      vertex -10.143578812479973 6.00941064953804 0
      vertex -9.715299047529697 -6.037481591105461 0
    endloop
  endfacet
  facet normal 0 0 -1
    outer loop
      vertex -9.715299047529697 -6.037481591105461 0
      vertex -10.143578812479973 6.00941064953804 0
      vertex -9.579048223793507 -6.083732515573502 0
    endloop
  endfacet
  facet normal 0 0 -1
    outer loop
      vertex -9.579048223793507 -6.083732515573502 0
      vertex -10.143578812479973 6.00941064953804 0
      vertex -9.450000002980232 -6.147372059524059 0
    endloop
  endfacet
  facet normal 0 0 -1
    outer loop
      vertex -9.450000002980232 -6.147372059524059 0
      vertex -10.143578812479973 6.00941064953804 0
      vertex -9.330362431704998 -6.227311328053474 0
    endloop
  endfacet
  facet normal 0 0 -1
    outer loop
      vertex -15 -17 0
      vertex -10 -14 0
      vertex 8.899999998509884 -12.899999998509884 0
    endloop
  endfacet
  facet normal 0 0 -1
    outer loop
      vertex -9.856421187520027 -13.99058935046196 0
      vertex 8.899999998509884 -12.899999998509884 0
      vertex -10 -14 0
    endloop
  endfacet
  facet normal 0 0 -1
    outer loop
      vertex -9.715299047529697 -13.962518408894539 0
      vertex 8.899999998509884 -12.899999998509884 0
      vertex -9.856421187520027 -13.99058935046196 0
    endloop
  endfacet
  facet normal 0 0 -1
    outer loop
      vertex -9.579048223793507 -13.916267484426498 0
      vertex 8.899999998509884 -12.899999998509884 0
      vertex -9.715299047529697 -13.962518408894539 0
    endloop
  endfacet
  facet normal 0 0 -1
    outer loop
      vertex -9.450000002980232 -13.85262794047594 0
      vertex 8.899999998509884 -12.899999998509884 0
      vertex -9.579048223793507 -13.916267484426498 0
    endloop
  endfacet
  facet normal 0 0 -1
    outer loop
      vertex -9.330362431704998 -13.772688671946526 0
      vertex 8.899999998509884 -12.899999998509884 0
      vertex -9.450000002980232 -13.85262794047594 0
    endloop
  endfacet
  facet normal 0 0 -1
    outer loop
      vertex -9.222182542085648 -13.677817456424236 0
      vertex 8.899999998509884 -12.899999998509884 0
      vertex -9.330362431704998 -13.772688671946526 0
    endloop
  endfacet
  facet normal 0 0 -1
    outer loop
      vertex -9.127311326563358 -13.569637574255466 0
      vertex 8.899999998509884 -12.899999998509884 0
      vertex -9.222182542085648 -13.677817456424236 0
    endloop
  endfacet
  facet normal 0 0 -1
    outer loop
      vertex -9.047372058033943 -13.450000002980232 0
      vertex 8.899999998509884 -12.899999998509884 0
      vertex -9.127311326563358 -13.569637574255466 0
    endloop
  endfacet
  facet normal 0 0 -1
    outer loop
      vertex -8.983732514083385 -13.320951774716377 0
      vertex 8.899999998509884 -12.899999998509884 0
      vertex -9.047372058033943 -13.450000002980232 0
    endloop
  endfacet
  facet normal 0 0 -1
    outer loop
      vertex -8.937481589615345 -13.184700950980186 0
      vertex 8.899999998509884 -12.899999998509884 0
      vertex -8.983732514083385 -13.320951774716377 0
    endloop
  endfacet
  facet normal 0 0 -1
    outer loop
      vertex -8.909410655498505 -13.043578810989857 0
      vertex 8.899999998509884 -12.899999998509884 0
      vertex -8.937481589615345 -13.184700950980186 0
    endloop
  endfacet
  facet normal 0 0 -1
    outer loop
      vertex -8.899999998509884 -12.899999998509884 0
      vertex 8.899999998509884 -12.899999998509884 0
      vertex -8.909410655498505 -13.043578810989857 0
    endloop
  endfacet
  facet normal 0 0 -1
    outer loop
      vertex -8.899999998509884 -7.100000001490116 0
      vertex 8.899999998509884 -12.899999998509884 0
      vertex -8.899999998509884 -12.899999998509884 0
    endloop
  endfacet
  facet normal 0 0 -1
    outer loop
      vertex -8.909410655498505 -6.956421189010143 0
      vertex 8.899999998509884 -12.899999998509884 0
      vertex -8.899999998509884 -7.100000001490116 0
    endloop
  endfacet
  facet normal 0 -1 0
    outer loop
      vertex -15 -17 0
      vertex 15 -17 0
      vertex -15 -17 9
    endloop
  endfacet
  facet normal 0 0 -1
    outer loop
      vertex -8.909410655498505 -6.956421189010143 0
      vertex -10.143578812479973 6.00941064953804 0
      vertex 8.899999998509884 -12.899999998509884 0
    endloop
  endfacet
  facet normal 0 0 -1
    outer loop
      vertex -10 6 0
      vertex 8.899999998509884 -12.899999998509884 0
      vertex -10.143578812479973 6.00941064953804 0
    endloop
  endfacet
  facet normal 0 0 -1
    outer loop
      vertex -9.856421187520027 6.00941064953804 0
      vertex 8.899999998509884 -12.899999998509884 0
      vertex -10 6 0
    endloop
  endfacet
  facet normal 0 0 -1
    outer loop
      vertex 8.899999998509884 -12.899999998509884 0
      vertex -9.856421187520027 6.00941064953804 0
      vertex -9.715299047529697 6.037481591105461 0
    endloop
  endfacet
  facet normal 0 0 -1
    outer loop
      vertex 8.899999998509884 -12.899999998509884 0
      vertex -9.715299047529697 6.037481591105461 0
      vertex -9.579048223793507 6.083732515573502 0
    endloop
  endfacet
  facet normal 0 0 -1
    outer loop
      vertex 8.899999998509884 -12.899999998509884 0
      vertex -9.579048223793507 6.083732515573502 0
      vertex -9.450000002980232 6.147372059524059 0
    endloop
  endfacet
  facet normal 0 0 -1
    outer loop
      vertex 8.899999998509884 -12.899999998509884 0
      vertex -9.450000002980232 6.147372059524059 0
      vertex -9.330362431704998 6.227311328053474 0
    endloop
  endfacet
  facet normal 0 0 -1
    outer loop
      vertex 8.899999998509884 -12.899999998509884 0
      vertex -9.330362431704998 6.227311328053474 0
      vertex -9.222182542085648 6.322182543575764 0
    endloop
  endfacet
  facet normal 0 0 -1
    outer loop
      vertex 8.899999998509884 -12.899999998509884 0
      vertex -9.222182542085648 6.322182543575764 0
      vertex -9.127311326563358 6.4303624257445335 0
    endloop
  endfacet
  facet normal -0.7518397936522605 -0.6593458308664174 0
    outer loop
      vertex -16.414213560521603 -16.414213560521603 0
      vertex -16.414213560521603 -16.414213560521603 9
      vertex -16.586706683039665 -16.217522859573364 9
    endloop
  endfacet
  facet normal -0.8314696207458843 -0.5555702203832522 0
    outer loop
      vertex -16.586706683039665 -16.217522859573364 0
      vertex -16.586706683039665 -16.217522859573364 9
      vertex -16.73205080628395 -16 9
    endloop
  endfacet
  facet normal -0.6593458308664174 -0.7518397936522605 0
    outer loop
      vertex -16.217522859573364 -16.586706683039665 0
      vertex -16.217522859573364 -16.586706683039665 9
      vertex -16.414213560521603 -16.414213560521603 9
    endloop
  endfacet
  facet normal -0.5555702203832522 -0.8314696207458843 0
    outer loop
      vertex -16 -16.73205080628395 0
      vertex -16 -16.73205080628395 9
      vertex -16.217522859573364 -16.586706683039665 9
    endloop
  endfacet
  facet normal -0.9469301319984066 -0.32143945792867507 0
    outer loop
      vertex -16.847759068012238 -15.765366867184639 0
      vertex -16.847759068012238 -15.765366867184639 9
      vertex -16.931851655244827 -15.517638087272644 9
    endloop
  endfacet
  facet normal -0.8968727332159228 -0.4422887070837332 0
    outer loop
      vertex -16.73205080628395 -16 0
      vertex -16.73205080628395 -16 9
      vertex -16.847759068012238 -15.765366867184639 9
    endloop
  endfacet
  facet normal -0.9807852843656898 -0.1950903020954995 0
    outer loop
      vertex -16.931851655244827 -15.517638087272644 0
      vertex -16.931851655244827 -15.517638087272644 9
      vertex -16.982889719307423 -15.261052384972572 9
    endloop
  endfacet
  facet normal -0.9978589223891016 -0.06540314219103631 0
    outer loop
      vertex -16.982889719307423 -15.261052384972572 0
      vertex -16.982889719307423 -15.261052384972572 9
      vertex -17 -15 9
    endloop
  endfacet
  facet normal -0.4422887070837332 -0.8968727332159228 0
    outer loop
      vertex -15.765366867184639 -16.847759068012238 0
      vertex -15.765366867184639 -16.847759068012238 9
      vertex -16 -16.73205080628395 9
    endloop
  endfacet
  facet normal -0.32143945792867507 -0.9469301319984066 0
    outer loop
      vertex -15.517638087272644 -16.931851655244827 0
      vertex -15.517638087272644 -16.931851655244827 9
      vertex -15.765366867184639 -16.847759068012238 9
    endloop
  endfacet
  facet normal -0.1950903020954995 -0.9807852843656898 0
    outer loop
      vertex -15.261052384972572 -16.982889719307423 0
      vertex -15.261052384972572 -16.982889719307423 9
      vertex -15.517638087272644 -16.931851655244827 9
    endloop
  endfacet
  facet normal -0.06540314219103631 -0.9978589223891016 0
    outer loop
      vertex -15 -17 0
      vertex -15 -17 9
      vertex -15.261052384972572 -16.982889719307423 9
    endloop
  endfacet
  facet normal 0 0 1
    outer loop
      vertex -15 -17 9
      vertex -10.549999997019768 -13.85262794047594 9
      vertex -10.669637568295002 -13.772688671946526 9
    endloop
  endfacet
  facet normal 0 0 1
    outer loop
      vertex -15 -17 9
      vertex -10.420951776206493 -13.916267484426498 9
      vertex -10.549999997019768 -13.85262794047594 9
    endloop
  endfacet
  facet normal 0 0 1
    outer loop
      vertex -15 -17 9
      vertex -10.284700952470303 -13.962518408894539 9
      vertex -10.420951776206493 -13.916267484426498 9
    endloop
  endfacet
  facet normal 0 0 1
    outer loop
      vertex -15 -17 9
      vertex -10.143578812479973 -13.99058935046196 9
      vertex -10.284700952470303 -13.962518408894539 9
    endloop
  endfacet
  facet normal 0 0 1
    outer loop
      vertex -15 -17 9
      vertex -10 -14 9
      vertex -10.143578812479973 -13.99058935046196 9
    endloop
  endfacet
  facet normal 0 0 1
    outer loop
      vertex -15 -17 9
      vertex -9.856421187520027 -13.99058935046196 9
      vertex -10 -14 9
    endloop
  endfacet
  facet normal 0 0 1
    outer loop
      vertex -15 -17 9
      vertex -9.715299047529697 -13.962518408894539 9
      vertex -9.856421187520027 -13.99058935046196 9
    endloop
  endfacet
  facet normal 0 0 1
    outer loop
      vertex -15 -17 9
      vertex -9.579048223793507 -13.916267484426498 9
      vertex -9.715299047529697 -13.962518408894539 9
    endloop
  endfacet
  facet normal 0 0 1
    outer loop
      vertex -15 -17 9
      vertex -9.450000002980232 -13.85262794047594 9
      vertex -9.579048223793507 -13.916267484426498 9
    endloop
  endfacet
  facet normal 0 0 1
    outer loop
      vertex -15 -17 9
      vertex -10.872688673436642 -13.569637574255466 9
      vertex -10.952627941966057 -13.450000002980232 9
    endloop
  endfacet
  facet normal 0 0 1
    outer loop
      vertex -15 -17 9
      vertex -11.016267485916615 -13.320951774716377 9
      vertex -11.062518410384655 -13.184700950980186 9
    endloop
  endfacet
  facet normal 0 0 1
    outer loop
      vertex -15 -17 9
      vertex -11.062518410384655 -13.184700950980186 9
      vertex -11.090589344501495 -13.043578810989857 9
    endloop
  endfacet
  facet normal 0 0 1
    outer loop
      vertex -15 -17 9
      vertex -10.952627941966057 -13.450000002980232 9
      vertex -11.016267485916615 -13.320951774716377 9
    endloop
  endfacet
  facet normal 0 0 1
    outer loop
      vertex -15 -17 9
      vertex -11.090589344501495 -13.043578810989857 9
      vertex -11.100000001490116 -12.899999998509884 9
    endloop
  endfacet
  facet normal 0 0 1
    outer loop
      vertex -15 -17 9
      vertex -10.777817457914352 -13.677817456424236 9
      vertex -10.872688673436642 -13.569637574255466 9
    endloop
  endfacet
  facet normal 0 0 1
    outer loop
      vertex -15 -17 9
      vertex -10.669637568295002 -13.772688671946526 9
      vertex -10.777817457914352 -13.677817456424236 9
    endloop
  endfacet
  facet normal 0 0 1
    outer loop
      vertex -15 -17 9
      vertex -11.100000001490116 -12.899999998509884 9
      vertex -11.100000001490116 -7.100000001490116 9
    endloop
  endfacet
  facet normal -1 0 0
    outer loop
      vertex -17 -15 0
      vertex -17 -15 9
      vertex -17 15 9
    endloop
  endfacet
  facet normal 0 0 1
    outer loop
      vertex -16.73205080628395 -16 9
      vertex -16.847759068012238 15.765366867184639 9
      vertex -16.847759068012238 -15.765366867184639 9
    endloop
  endfacet
  facet normal 0 0 1
    outer loop
      vertex -16.586706683039665 -16.217522859573364 9
      vertex -16.73205080628395 16 9
      vertex -16.73205080628395 -16 9
    endloop
  endfacet
  facet normal 0 0 1
    outer loop
      vertex -16.586706683039665 -16.217522859573364 9
      vertex -16.414213560521603 -16.414213560521603 9
      vertex -16.586706683039665 16.217522859573364 9
    endloop
  endfacet
  facet normal 0 0 1
    outer loop
      vertex -16.217522859573364 -16.586706683039665 9
      vertex -16.414213560521603 16.414213560521603 9
      vertex -16.414213560521603 -16.414213560521603 9
    endloop
  endfacet
  facet normal 0 0 1
    outer loop
      vertex -16.217522859573364 -16.586706683039665 9
      vertex -16 -16.73205080628395 9
      vertex -16.217522859573364 16.586706683039665 9
    endloop
  endfacet
  facet normal 0 0 1
    outer loop
      vertex -16.847759068012238 -15.765366867184639 9
      vertex -16.931851655244827 15.517638087272644 9
      vertex -16.931851655244827 -15.517638087272644 9
    endloop
  endfacet
  facet normal 0 0 1
    outer loop
      vertex -16.931851655244827 -15.517638087272644 9
      vertex -16.982889719307423 15.261052384972572 9
      vertex -16.982889719307423 -15.261052384972572 9
    endloop
  endfacet
  facet normal 0 0 1
    outer loop
      vertex -16.982889719307423 -15.261052384972572 9
      vertex -17 15 9
      vertex -17 -15 9
    endloop
  endfacet
  facet normal 0 0 1
    outer loop
      vertex -16 -16.73205080628395 9
      vertex -15.765366867184639 -16.847759068012238 9
      vertex -16 16.73205080628395 9
    endloop
  endfacet
  facet normal 0 0 1
    outer loop
      vertex -15.765366867184639 -16.847759068012238 9
      vertex -15.517638087272644 -16.931851655244827 9
      vertex -15.765366867184639 16.847759068012238 9
    endloop
  endfacet
  facet normal 0 0 1
    outer loop
      vertex -15.517638087272644 -16.931851655244827 9
      vertex -15.261052384972572 -16.982889719307423 9
      vertex -15.517638087272644 16.931851655244827 9
    endloop
  endfacet
  facet normal 0 0 1
    outer loop
      vertex -15.261052384972572 -16.982889719307423 9
      vertex -15 -17 9
      vertex -15.261052384972572 16.982889719307423 9
    endloop
  endfacet
  facet normal 0 0 1
    outer loop
      vertex -15 -17 9
      vertex -11.100000001490116 -7.100000001490116 9
      vertex -15 17 9
    endloop
  endfacet
  facet normal 0 0 1
    outer loop
      vertex -11.090589344501495 -6.956421189010143 9
      vertex -11.100000001490116 7.100000001490116 9
      vertex -11.100000001490116 -7.100000001490116 9
    endloop
  endfacet
  facet normal 0 0 1
    outer loop
      vertex -11.062518410384655 -6.8152990490198135 9
      vertex -11.090589344501495 6.956421189010143 9
      vertex -11.090589344501495 -6.956421189010143 9
    endloop
  endfacet
  facet normal 0 0 1
    outer loop
      vertex -11.016267485916615 -6.679048225283623 9
      vertex -11.062518410384655 6.8152990490198135 9
      vertex -11.062518410384655 -6.8152990490198135 9
    endloop
  endfacet
  facet normal 0 0 1
    outer loop
      vertex -10.952627941966057 -6.549999997019768 9
      vertex -11.016267485916615 6.679048225283623 9
      vertex -11.016267485916615 -6.679048225283623 9
    endloop
  endfacet
  facet normal 0 0 1
    outer loop
      vertex -10.872688673436642 -6.4303624257445335 9
      vertex -10.952627941966057 6.549999997019768 9
      vertex -10.952627941966057 -6.549999997019768 9
    endloop
  endfacet
  facet normal 0 0 1
    outer loop
      vertex -10.777817457914352 -6.322182543575764 9
      vertex -10.872688673436642 6.4303624257445335 9
      vertex -10.872688673436642 -6.4303624257445335 9
    endloop
  endfacet
  facet normal 0 0 1
    outer loop
      vertex -10.669637568295002 -6.227311328053474 9
      vertex -10.777817457914352 6.322182543575764 9
      vertex -10.777817457914352 -6.322182543575764 9
    endloop
  endfacet
  facet normal 0 0 1
    outer loop
      vertex -10.549999997019768 -6.147372059524059 9
      vertex -10.669637568295002 6.227311328053474 9
      vertex -10.669637568295002 -6.227311328053474 9
    endloop
  endfacet
  facet normal 0 0 1
    outer loop
      vertex -9.127311326563358 -6.4303624257445335 9
      vertex -9.222182542085648 6.322182543575764 9
      vertex -9.222182542085648 -6.322182543575764 9
    endloop
  endfacet
  facet normal 0 0 1
    outer loop
      vertex -9.047372058033943 -6.549999997019768 9
      vertex -9.127311326563358 6.4303624257445335 9
      vertex -9.127311326563358 -6.4303624257445335 9
    endloop
  endfacet
  facet normal 0 0 1
    outer loop
      vertex -8.937481589615345 -6.8152990490198135 9
      vertex -8.983732514083385 6.679048225283623 9
      vertex -8.983732514083385 -6.679048225283623 9
    endloop
  endfacet
  facet normal 0 0 1
    outer loop
      vertex -8.909410655498505 -6.956421189010143 9
      vertex -8.937481589615345 6.8152990490198135 9
      vertex -8.937481589615345 -6.8152990490198135 9
    endloop
  endfacet
  facet normal 0 0 1
    outer loop
      vertex -8.983732514083385 -6.679048225283623 9
      vertex -9.047372058033943 6.549999997019768 9
      vertex -9.047372058033943 -6.549999997019768 9
    endloop
  endfacet
  facet normal 0 0 1
    outer loop
      vertex -10.420951776206493 -6.083732515573502 9
      vertex -10.549999997019768 6.147372059524059 9
      vertex -10.549999997019768 -6.147372059524059 9
    endloop
  endfacet
  facet normal 0 0 1
    outer loop
      vertex -10.284700952470303 -6.037481591105461 9
      vertex -10.420951776206493 6.083732515573502 9
      vertex -10.420951776206493 -6.083732515573502 9
    endloop
  endfacet
  facet normal 0 0 1
    outer loop
      vertex -10.143578812479973 -6.00941064953804 9
      vertex -10.284700952470303 6.037481591105461 9
      vertex -10.284700952470303 -6.037481591105461 9
    endloop
  endfacet
  facet normal 0 0 1
    outer loop
      vertex -10 -6 9
      vertex -10.143578812479973 6.00941064953804 9
      vertex -10.143578812479973 -6.00941064953804 9
    endloop
  endfacet
  facet normal 0 0 1
    outer loop
      vertex -9.856421187520027 -6.00941064953804 9
      vertex -10 6 9
      vertex -10 -6 9
    endloop
  endfacet
  facet normal 0 0 1
    outer loop
      vertex -9.715299047529697 -6.037481591105461 9
      vertex -9.856421187520027 6.00941064953804 9
      vertex -9.856421187520027 -6.00941064953804 9
    endloop
  endfacet
  facet normal 0 0 1
    outer loop
      vertex -9.579048223793507 -6.083732515573502 9
      vertex -9.715299047529697 6.037481591105461 9
      vertex -9.715299047529697 -6.037481591105461 9
    endloop
  endfacet
  facet normal 0 0 1
    outer loop
      vertex -9.450000002980232 -6.147372059524059 9
      vertex -9.579048223793507 6.083732515573502 9
      vertex -9.579048223793507 -6.083732515573502 9
    endloop
  endfacet
  facet normal 0 0 1
    outer loop
      vertex -9.330362431704998 -6.227311328053474 9
      vertex -9.450000002980232 6.147372059524059 9
      vertex -9.450000002980232 -6.147372059524059 9
    endloop
  endfacet
  facet normal 0 0 1
    outer loop
      vertex -9.222182542085648 -6.322182543575764 9
      vertex -9.330362431704998 6.227311328053474 9
      vertex -9.330362431704998 -6.227311328053474 9
    endloop
  endfacet
  facet normal 0 0 1
    outer loop
      vertex -15 -17 9
      vertex 9.222182542085648 -13.677817456424236 9
      vertex -9.450000002980232 -13.85262794047594 9
    endloop
  endfacet
  facet normal 0 0 1
    outer loop
      vertex -9.450000002980232 -13.85262794047594 9
      vertex 9.222182542085648 -13.677817456424236 9
      vertex -9.330362431704998 -13.772688671946526 9
    endloop
  endfacet
  facet normal 0 0 1
    outer loop
      vertex -9.330362431704998 -13.772688671946526 9
      vertex 9.222182542085648 -13.677817456424236 9
      vertex -9.222182542085648 -13.677817456424236 9
    endloop
  endfacet
  facet normal 0 0 1
    outer loop
      vertex -9.222182542085648 -13.677817456424236 9
      vertex 9.127311326563358 -13.569637574255466 9
      vertex -9.127311326563358 -13.569637574255466 9
    endloop
  endfacet
  facet normal 0 0 1
    outer loop
      vertex -9.127311326563358 -13.569637574255466 9
      vertex 9.047372058033943 -13.450000002980232 9
      vertex -9.047372058033943 -13.450000002980232 9
    endloop
  endfacet
  facet normal 0 0 1
    outer loop
      vertex -9.047372058033943 -13.450000002980232 9
      vertex 8.983732514083385 -13.320951774716377 9
      vertex -8.983732514083385 -13.320951774716377 9
    endloop
  endfacet
  facet normal 0 0 1
    outer loop
      vertex -8.983732514083385 -13.320951774716377 9
      vertex 8.937481589615345 -13.184700950980186 9
      vertex -8.937481589615345 -13.184700950980186 9
    endloop
  endfacet
  facet normal 0 0 1
    outer loop
      vertex -8.937481589615345 -13.184700950980186 9
      vertex 8.909410655498505 -13.043578810989857 9
      vertex -8.909410655498505 -13.043578810989857 9
    endloop
  endfacet
  facet normal 0 0 1
    outer loop
      vertex -8.909410655498505 -13.043578810989857 9
      vertex 8.899999998509884 -12.899999998509884 9
      vertex -8.899999998509884 -12.899999998509884 9
    endloop
  endfacet
  facet normal 0 0 1
    outer loop
      vertex 8.899999998509884 -7.100000001490116 9
      vertex -8.899999998509884 -7.100000001490116 9
      vertex -8.899999998509884 -12.899999998509884 9
    endloop
  endfacet
  facet normal 0 0 1
    outer loop
      vertex 8.899999998509884 -7.100000001490116 9
      vertex -8.909410655498505 -6.956421189010143 9
      vertex -8.899999998509884 -7.100000001490116 9
    endloop
  endfacet
  facet normal 0 0 1
    outer loop
      vertex 8.899999998509884 -7.100000001490116 9
      vertex -8.899999998509884 7.100000001490116 9
      vertex -8.909410655498505 -6.956421189010143 9
    endloop
  endfacet
  facet normal 0 0 -1
    outer loop
      vertex -15 -17 0
      vertex -15 17 0
      vertex -11.100000001490116 7.100000001490116 0
    endloop
  endfacet
  facet normal 0 0 -1
    outer loop
      vertex -16.982889719307423 -15.261052384972572 0
      vertex -17 15 0
      vertex -16.982889719307423 15.261052384972572 0
    endloop
  endfacet
  facet normal 0 0 -1
    outer loop
      vertex -16.931851655244827 -15.517638087272644 0
      vertex -16.982889719307423 15.261052384972572 0
      vertex -16.931851655244827 15.517638087272644 0
    endloop
  endfacet
  facet normal 0 0 -1
    outer loop
      vertex -16.847759068012238 -15.765366867184639 0
      vertex -16.931851655244827 15.517638087272644 0
      vertex -16.847759068012238 15.765366867184639 0
    endloop
  endfacet
  facet normal 0 0 -1
    outer loop
      vertex -16.73205080628395 -16 0
      vertex -16.847759068012238 15.765366867184639 0
      vertex -16.73205080628395 16 0
    endloop
  endfacet
  facet normal 0 0 -1
    outer loop
      vertex -16.586706683039665 -16.217522859573364 0
      vertex -16.73205080628395 16 0
      vertex -16.586706683039665 16.217522859573364 0
    endloop
  endfacet
  facet normal 0 0 -1
    outer loop
      vertex -16.414213560521603 -16.414213560521603 0
      vertex -16.586706683039665 16.217522859573364 0
      vertex -16.414213560521603 16.414213560521603 0
    endloop
  endfacet
  facet normal 0 0 -1
    outer loop
      vertex -16.217522859573364 -16.586706683039665 0
      vertex -16.414213560521603 16.414213560521603 0
      vertex -16.217522859573364 16.586706683039665 0
    endloop
  endfacet
  facet normal 0 0 -1
    outer loop
      vertex -16 -16.73205080628395 0
      vertex -16.217522859573364 16.586706683039665 0
      vertex -16 16.73205080628395 0
    endloop
  endfacet
  facet normal 0 0 -1
    outer loop
      vertex -15.765366867184639 -16.847759068012238 0
      vertex -16 16.73205080628395 0
      vertex -15.765366867184639 16.847759068012238 0
    endloop
  endfacet
  facet normal 0 0 -1
    outer loop
      vertex -15.517638087272644 -16.931851655244827 0
      vertex -15.765366867184639 16.847759068012238 0
      vertex -15.517638087272644 16.931851655244827 0
    endloop
  endfacet
  facet normal 0 0 -1
    outer loop
      vertex -15.261052384972572 -16.982889719307423 0
      vertex -15.517638087272644 16.931851655244827 0
      vertex -15.261052384972572 16.982889719307423 0
    endloop
  endfacet
  facet normal 0 0 -1
    outer loop
      vertex -15 -17 0
      vertex -15.261052384972572 16.982889719307423 0
      vertex -15 17 0
    endloop
  endfacet
  facet normal 0 0 -1
    outer loop
      vertex -10.872688673436642 -6.4303624257445335 0
      vertex -10.872688673436642 6.4303624257445335 0
      vertex -10.777817457914352 6.322182543575764 0
    endloop
  endfacet
  facet normal 0 0 -1
    outer loop
      vertex -10.777817457914352 -6.322182543575764 0
      vertex -10.777817457914352 6.322182543575764 0
      vertex -10.669637568295002 6.227311328053474 0
    endloop
  endfacet
  facet normal 0 0 -1
    outer loop
      vertex -10.669637568295002 -6.227311328053474 0
      vertex -10.669637568295002 6.227311328053474 0
      vertex -10.549999997019768 6.147372059524059 0
    endloop
  endfacet
  facet normal 0 0 -1
    outer loop
      vertex -11.062518410384655 -6.8152990490198135 0
      vertex -11.062518410384655 6.8152990490198135 0
      vertex -11.016267485916615 6.679048225283623 0
    endloop
  endfacet
  facet normal 0 0 -1
    outer loop
      vertex -11.100000001490116 -7.100000001490116 0
      vertex -11.100000001490116 7.100000001490116 0
      vertex -11.090589344501495 6.956421189010143 0
    endloop
  endfacet
  facet normal 0 0 -1
    outer loop
      vertex -11.090589344501495 -6.956421189010143 0
      vertex -11.090589344501495 6.956421189010143 0
      vertex -11.062518410384655 6.8152990490198135 0
    endloop
  endfacet
  facet normal 0 0 -1
    outer loop
      vertex -11.016267485916615 -6.679048225283623 0
      vertex -11.016267485916615 6.679048225283623 0
      vertex -10.952627941966057 6.549999997019768 0
    endloop
  endfacet
  facet normal 0 0 -1
    outer loop
      vertex -10.952627941966057 -6.549999997019768 0
      vertex -10.952627941966057 6.549999997019768 0
      vertex -10.872688673436642 6.4303624257445335 0
    endloop
  endfacet
  facet normal 0 0 -1
    outer loop
      vertex -10.549999997019768 -6.147372059524059 0
      vertex -10.549999997019768 6.147372059524059 0
      vertex -10.420951776206493 6.083732515573502 0
    endloop
  endfacet
  facet normal 0 0 -1
    outer loop
      vertex -10.420951776206493 -6.083732515573502 0
      vertex -10.420951776206493 6.083732515573502 0
      vertex -10.284700952470303 6.037481591105461 0
    endloop
  endfacet
  facet normal 0 0 -1
    outer loop
      vertex -10.284700952470303 -6.037481591105461 0
      vertex -10.284700952470303 6.037481591105461 0
      vertex -10.143578812479973 6.00941064953804 0
    endloop
  endfacet
  facet normal -1 0 0
    outer loop
      vertex -17 -15 0
      vertex -17 15 9
      vertex -17 15 0
    endloop
  endfacet
  facet normal 0 0 -1
    outer loop
      vertex -15 17 0
      vertex -11.100000001490116 12.899999998509884 0
      vertex -11.100000001490116 7.100000001490116 0
    endloop
  endfacet
  facet normal 0 0 -1
    outer loop
      vertex -15 17 0
      vertex -11.090589344501495 13.043578810989857 0
      vertex -11.100000001490116 12.899999998509884 0
    endloop
  endfacet
  facet normal 0 0 -1
    outer loop
      vertex -15 17 0
      vertex -11.062518410384655 13.184700950980186 0
      vertex -11.090589344501495 13.043578810989857 0
    endloop
  endfacet
  facet normal 0 0 -1
    outer loop
      vertex -15 17 0
      vertex -11.016267485916615 13.320951774716377 0
      vertex -11.062518410384655 13.184700950980186 0
    endloop
  endfacet
  facet normal 0 0 -1
    outer loop
      vertex -15 17 0
      vertex -10.952627941966057 13.450000002980232 0
      vertex -11.016267485916615 13.320951774716377 0
    endloop
  endfacet
  facet normal 0 0 -1
    outer loop
      vertex -15 17 0
      vertex -10.872688673436642 13.569637574255466 0
      vertex -10.952627941966057 13.450000002980232 0
    endloop
  endfacet
  facet normal 0 0 -1
    outer loop
      vertex -15 17 0
      vertex -10.777817457914352 13.677817456424236 0
      vertex -10.872688673436642 13.569637574255466 0
    endloop
  endfacet
  facet normal 0 0 -1
    outer loop
      vertex -15 17 0
      vertex -10.669637568295002 13.772688671946526 0
      vertex -10.777817457914352 13.677817456424236 0
    endloop
  endfacet
  facet normal 0 0 -1
    outer loop
      vertex -15 17 0
      vertex -10.549999997019768 13.85262794047594 0
      vertex -10.669637568295002 13.772688671946526 0
    endloop
  endfacet
  facet normal 0 0 -1
    outer loop
      vertex -15 17 0
      vertex -10.420951776206493 13.916267484426498 0
      vertex -10.549999997019768 13.85262794047594 0
    endloop
  endfacet
  facet normal 0 0 -1
    outer loop
      vertex -15 17 0
      vertex -10.284700952470303 13.962518408894539 0
      vertex -10.420951776206493 13.916267484426498 0
    endloop
  endfacet
  facet normal 0 0 -1
    outer loop
      vertex -15 17 0
      vertex -10.143578812479973 13.99058935046196 0
      vertex -10.284700952470303 13.962518408894539 0
    endloop
  endfacet
  facet normal -0.9978589223891016 0.06540314219103631 0
    outer loop
      vertex -17 15 0
      vertex -16.982889719307423 15.261052384972572 9
      vertex -16.982889719307423 15.261052384972572 0
    endloop
  endfacet
  facet normal -0.9807852843656898 0.1950903020954995 0
    outer loop
      vertex -16.982889719307423 15.261052384972572 0
      vertex -16.931851655244827 15.517638087272644 9
      vertex -16.931851655244827 15.517638087272644 0
    endloop
  endfacet
  facet normal -0.9469301319984066 0.32143945792867507 0
    outer loop
      vertex -16.931851655244827 15.517638087272644 0
      vertex -16.847759068012238 15.765366867184639 9
      vertex -16.847759068012238 15.765366867184639 0
    endloop
  endfacet
  facet normal -0.8968727332159228 0.4422887070837332 0
    outer loop
      vertex -16.847759068012238 15.765366867184639 0
      vertex -16.73205080628395 16 9
      vertex -16.73205080628395 16 0
    endloop
  endfacet
  facet normal -0.8314696207458843 0.5555702203832522 0
    outer loop
      vertex -16.73205080628395 16 0
      vertex -16.586706683039665 16.217522859573364 9
      vertex -16.586706683039665 16.217522859573364 0
    endloop
  endfacet
  facet normal -0.7518397936522605 0.6593458308664174 0
    outer loop
      vertex -16.586706683039665 16.217522859573364 0
      vertex -16.414213560521603 16.414213560521603 9
      vertex -16.414213560521603 16.414213560521603 0
    endloop
  endfacet
  facet normal -0.6593458308664174 0.7518397936522605 0
    outer loop
      vertex -16.414213560521603 16.414213560521603 0
      vertex -16.217522859573364 16.586706683039665 9
      vertex -16.217522859573364 16.586706683039665 0
    endloop
  endfacet
  facet normal -0.5555702203832522 0.8314696207458843 0
    outer loop
      vertex -16.217522859573364 16.586706683039665 0
      vertex -16 16.73205080628395 9
      vertex -16 16.73205080628395 0
    endloop
  endfacet
  facet normal -0.4422887070837332 0.8968727332159228 0
    outer loop
      vertex -16 16.73205080628395 0
      vertex -15.765366867184639 16.847759068012238 9
      vertex -15.765366867184639 16.847759068012238 0
    endloop
  endfacet
  facet normal -0.32143945792867507 0.9469301319984066 0
    outer loop
      vertex -15.765366867184639 16.847759068012238 0
      vertex -15.517638087272644 16.931851655244827 9
      vertex -15.517638087272644 16.931851655244827 0
    endloop
  endfacet
  facet normal -0.1950903020954995 0.9807852843656898 0
    outer loop
      vertex -15.517638087272644 16.931851655244827 0
      vertex -15.261052384972572 16.982889719307423 9
      vertex -15.261052384972572 16.982889719307423 0
    endloop
  endfacet
  facet normal -0.06540314219103631 0.9978589223891016 0
    outer loop
      vertex -15.261052384972572 16.982889719307423 0
      vertex -15 17 9
      vertex -15 17 0
    endloop
  endfacet
  facet normal 0 0 -1
    outer loop
      vertex 8.899999998509884 -12.899999998509884 0
      vertex -9.127311326563358 6.4303624257445335 0
      vertex -9.047372058033943 6.549999997019768 0
    endloop
  endfacet
  facet normal 0 0 -1
    outer loop
      vertex 8.899999998509884 -12.899999998509884 0
      vertex -9.047372058033943 6.549999997019768 0
      vertex -8.983732514083385 6.679048225283623 0
    endloop
  endfacet
  facet normal 0 0 -1
    outer loop
      vertex 8.899999998509884 -12.899999998509884 0
      vertex -8.983732514083385 6.679048225283623 0
      vertex -8.937481589615345 6.8152990490198135 0
    endloop
  endfacet
  facet normal 0 0 -1
    outer loop
      vertex 8.899999998509884 -12.899999998509884 0
      vertex -8.937481589615345 6.8152990490198135 0
      vertex -8.909410655498505 6.956421189010143 0
    endloop
  endfacet
  facet normal 0 0 -1
    outer loop
      vertex 8.899999998509884 -12.899999998509884 0
      vertex -8.909410655498505 6.956421189010143 0
      vertex -8.899999998509884 7.100000001490116 0
    endloop
  endfacet
  facet normal 0 0 -1
    outer loop
      vertex -8.899999998509884 12.899999998509884 0
      vertex 8.899999998509884 -12.899999998509884 0
      vertex -8.899999998509884 7.100000001490116 0
    endloop
  endfacet
  facet normal 0 0 -1
    outer loop
      vertex -8.909410655498505 13.043578810989857 0
      vertex 8.899999998509884 12.899999998509884 0
      vertex -8.899999998509884 12.899999998509884 0
    endloop
  endfacet
  facet normal 0 0 -1
    outer loop
      vertex -8.937481589615345 13.184700950980186 0
      vertex 8.909410655498505 13.043578810989857 0
      vertex -8.909410655498505 13.043578810989857 0
    endloop
  endfacet
  facet normal 0 0 -1
    outer loop
      vertex -8.983732514083385 13.320951774716377 0
      vertex 8.937481589615345 13.184700950980186 0
      vertex -8.937481589615345 13.184700950980186 0
    endloop
  endfacet
  facet normal 0 0 -1
    outer loop
      vertex -9.047372058033943 13.450000002980232 0
      vertex 8.983732514083385 13.320951774716377 0
      vertex -8.983732514083385 13.320951774716377 0
    endloop
  endfacet
  facet normal 0 0 -1
    outer loop
      vertex -9.127311326563358 13.569637574255466 0
      vertex 9.047372058033943 13.450000002980232 0
      vertex -9.047372058033943 13.450000002980232 0
    endloop
  endfacet
  facet normal 0 0 -1
    outer loop
      vertex -9.222182542085648 13.677817456424236 0
      vertex 9.127311326563358 13.569637574255466 0
      vertex -9.127311326563358 13.569637574255466 0
    endloop
  endfacet
  facet normal 0 0 -1
    outer loop
      vertex -15 17 0
      vertex 15 17 0
      vertex -10.143578812479973 13.99058935046196 0
    endloop
  endfacet
  facet normal 0 0 -1
    outer loop
      vertex 15 17 0
      vertex -9.222182542085648 13.677817456424236 0
      vertex -9.330362431704998 13.772688671946526 0
    endloop
  endfacet
  facet normal 0 0 -1
    outer loop
      vertex 15 17 0
      vertex -10 14 0
      vertex -10.143578812479973 13.99058935046196 0
    endloop
  endfacet
  facet normal 0 0 -1
    outer loop
      vertex 15 17 0
      vertex -9.856421187520027 13.99058935046196 0
      vertex -10 14 0
    endloop
  endfacet
  facet normal 0 0 -1
    outer loop
      vertex 15 17 0
      vertex -9.715299047529697 13.962518408894539 0
      vertex -9.856421187520027 13.99058935046196 0
    endloop
  endfacet
  facet normal 0 0 -1
    outer loop
      vertex 15 17 0
      vertex -9.579048223793507 13.916267484426498 0
      vertex -9.715299047529697 13.962518408894539 0
    endloop
  endfacet
  facet normal 0 0 -1
    outer loop
      vertex 15 17 0
      vertex -9.450000002980232 13.85262794047594 0
      vertex -9.579048223793507 13.916267484426498 0
    endloop
  endfacet
  facet normal 0 0 -1
    outer loop
      vertex 15 17 0
      vertex -9.330362431704998 13.772688671946526 0
      vertex -9.450000002980232 13.85262794047594 0
    endloop
  endfacet
  facet normal 0 0 1
    outer loop
      vertex -16.982889719307423 -15.261052384972572 9
      vertex -16.982889719307423 15.261052384972572 9
      vertex -17 15 9
    endloop
  endfacet
  facet normal 0 0 1
    outer loop
      vertex -16.931851655244827 -15.517638087272644 9
      vertex -16.931851655244827 15.517638087272644 9
      vertex -16.982889719307423 15.261052384972572 9
    endloop
  endfacet
  facet normal 0 0 1
    outer loop
      vertex -16.847759068012238 -15.765366867184639 9
      vertex -16.847759068012238 15.765366867184639 9
      vertex -16.931851655244827 15.517638087272644 9
    endloop
  endfacet
  facet normal 0 0 1
    outer loop
      vertex -16.73205080628395 -16 9
      vertex -16.73205080628395 16 9
      vertex -16.847759068012238 15.765366867184639 9
    endloop
  endfacet
  facet normal 0 0 1
    outer loop
      vertex -16.586706683039665 -16.217522859573364 9
      vertex -16.586706683039665 16.217522859573364 9
      vertex -16.73205080628395 16 9
    endloop
  endfacet
  facet normal 0 0 1
    outer loop
      vertex -16.414213560521603 -16.414213560521603 9
      vertex -16.414213560521603 16.414213560521603 9
      vertex -16.586706683039665 16.217522859573364 9
    endloop
  endfacet
  facet normal 0 0 1
    outer loop
      vertex -16.217522859573364 -16.586706683039665 9
      vertex -16.217522859573364 16.586706683039665 9
      vertex -16.414213560521603 16.414213560521603 9
    endloop
  endfacet
  facet normal 0 0 1
    outer loop
      vertex -16 -16.73205080628395 9
      vertex -16 16.73205080628395 9
      vertex -16.217522859573364 16.586706683039665 9
    endloop
  endfacet
  facet normal 0 0 1
    outer loop
      vertex -15.765366867184639 -16.847759068012238 9
      vertex -15.765366867184639 16.847759068012238 9
      vertex -16 16.73205080628395 9
    endloop
  endfacet
  facet normal 0 0 1
    outer loop
      vertex -15.517638087272644 -16.931851655244827 9
      vertex -15.517638087272644 16.931851655244827 9
      vertex -15.765366867184639 16.847759068012238 9
    endloop
  endfacet
  facet normal 0 0 1
    outer loop
      vertex -15.261052384972572 -16.982889719307423 9
      vertex -15.261052384972572 16.982889719307423 9
      vertex -15.517638087272644 16.931851655244827 9
    endloop
  endfacet
  facet normal 0 0 1
    outer loop
      vertex -15 -17 9
      vertex -15 17 9
      vertex -15.261052384972572 16.982889719307423 9
    endloop
  endfacet
  facet normal 0 0 1
    outer loop
      vertex -10.669637568295002 -6.227311328053474 9
      vertex -10.669637568295002 6.227311328053474 9
      vertex -10.777817457914352 6.322182543575764 9
    endloop
  endfacet
  facet normal 0 0 1
    outer loop
      vertex -11.090589344501495 -6.956421189010143 9
      vertex -11.090589344501495 6.956421189010143 9
      vertex -11.100000001490116 7.100000001490116 9
    endloop
  endfacet
  facet normal 0 0 1
    outer loop
      vertex -11.062518410384655 -6.8152990490198135 9
      vertex -11.062518410384655 6.8152990490198135 9
      vertex -11.090589344501495 6.956421189010143 9
    endloop
  endfacet
  facet normal 0 0 1
    outer loop
      vertex -11.016267485916615 -6.679048225283623 9
      vertex -11.016267485916615 6.679048225283623 9
      vertex -11.062518410384655 6.8152990490198135 9
    endloop
  endfacet
  facet normal 0 0 1
    outer loop
      vertex -10.952627941966057 -6.549999997019768 9
      vertex -10.952627941966057 6.549999997019768 9
      vertex -11.016267485916615 6.679048225283623 9
    endloop
  endfacet
  facet normal 0 0 1
    outer loop
      vertex -10.872688673436642 -6.4303624257445335 9
      vertex -10.872688673436642 6.4303624257445335 9
      vertex -10.952627941966057 6.549999997019768 9
    endloop
  endfacet
  facet normal 0 0 1
    outer loop
      vertex -10.777817457914352 -6.322182543575764 9
      vertex -10.777817457914352 6.322182543575764 9
      vertex -10.872688673436642 6.4303624257445335 9
    endloop
  endfacet
  facet normal 0 0 1
    outer loop
      vertex -10.549999997019768 -6.147372059524059 9
      vertex -10.549999997019768 6.147372059524059 9
      vertex -10.669637568295002 6.227311328053474 9
    endloop
  endfacet
  facet normal 0 0 1
    outer loop
      vertex -10.420951776206493 -6.083732515573502 9
      vertex -10.420951776206493 6.083732515573502 9
      vertex -10.549999997019768 6.147372059524059 9
    endloop
  endfacet
  facet normal 0 0 1
    outer loop
      vertex -10.284700952470303 -6.037481591105461 9
      vertex -10.284700952470303 6.037481591105461 9
      vertex -10.420951776206493 6.083732515573502 9
    endloop
  endfacet
  facet normal 0 0 1
    outer loop
      vertex -10.143578812479973 -6.00941064953804 9
      vertex -10.143578812479973 6.00941064953804 9
      vertex -10.284700952470303 6.037481591105461 9
    endloop
  endfacet
  facet normal 0 0 1
    outer loop
      vertex -10 -6 9
      vertex -10 6 9
      vertex -10.143578812479973 6.00941064953804 9
    endloop
  endfacet
  facet normal 0 0 1
    outer loop
      vertex -9.856421187520027 -6.00941064953804 9
      vertex -9.856421187520027 6.00941064953804 9
      vertex -10 6 9
    endloop
  endfacet
  facet normal 0 0 1
    outer loop
      vertex -9.715299047529697 -6.037481591105461 9
      vertex -9.715299047529697 6.037481591105461 9
      vertex -9.856421187520027 6.00941064953804 9
    endloop
  endfacet
  facet normal 0 0 1
    outer loop
      vertex -9.579048223793507 -6.083732515573502 9
      vertex -9.579048223793507 6.083732515573502 9
      vertex -9.715299047529697 6.037481591105461 9
    endloop
  endfacet
  facet normal 0 0 1
    outer loop
      vertex -9.450000002980232 -6.147372059524059 9
      vertex -9.450000002980232 6.147372059524059 9
      vertex -9.579048223793507 6.083732515573502 9
    endloop
  endfacet
  facet normal 0 0 1
    outer loop
      vertex -9.330362431704998 -6.227311328053474 9
      vertex -9.330362431704998 6.227311328053474 9
      vertex -9.450000002980232 6.147372059524059 9
    endloop
  endfacet
  facet normal 0 0 1
    outer loop
      vertex -9.222182542085648 -6.322182543575764 9
      vertex -9.222182542085648 6.322182543575764 9
      vertex -9.330362431704998 6.227311328053474 9
    endloop
  endfacet
  facet normal 0 0 1
    outer loop
      vertex -9.127311326563358 -6.4303624257445335 9
      vertex -9.127311326563358 6.4303624257445335 9
      vertex -9.222182542085648 6.322182543575764 9
    endloop
  endfacet
  facet normal 0 0 1
    outer loop
      vertex -9.047372058033943 -6.549999997019768 9
      vertex -9.047372058033943 6.549999997019768 9
      vertex -9.127311326563358 6.4303624257445335 9
    endloop
  endfacet
  facet normal 0 0 1
    outer loop
      vertex -8.983732514083385 -6.679048225283623 9
      vertex -8.983732514083385 6.679048225283623 9
      vertex -9.047372058033943 6.549999997019768 9
    endloop
  endfacet
  facet normal 0 0 1
    outer loop
      vertex -8.937481589615345 -6.8152990490198135 9
      vertex -8.937481589615345 6.8152990490198135 9
      vertex -8.983732514083385 6.679048225283623 9
    endloop
  endfacet
  facet normal 0 0 1
    outer loop
      vertex -8.909410655498505 -6.956421189010143 9
      vertex -8.909410655498505 6.956421189010143 9
      vertex -8.937481589615345 6.8152990490198135 9
    endloop
  endfacet
  facet normal 0 0 1
    outer loop
      vertex -8.909410655498505 -6.956421189010143 9
      vertex -8.899999998509884 7.100000001490116 9
      vertex -8.909410655498505 6.956421189010143 9
    endloop
  endfacet
  facet normal 0 0 1
    outer loop
      vertex -15 17 9
      vertex -11.100000001490116 -7.100000001490116 9
      vertex -11.100000001490116 7.100000001490116 9
    endloop
  endfacet
  facet normal -0.9978589223891016 0.06540314219103631 0
    outer loop
      vertex -17 15 0
      vertex -17 15 9
      vertex -16.982889719307423 15.261052384972572 9
    endloop
  endfacet
  facet normal -0.9807852843656898 0.1950903020954995 0
    outer loop
      vertex -16.982889719307423 15.261052384972572 0
      vertex -16.982889719307423 15.261052384972572 9
      vertex -16.931851655244827 15.517638087272644 9
    endloop
  endfacet
  facet normal -0.9469301319984066 0.32143945792867507 0
    outer loop
      vertex -16.931851655244827 15.517638087272644 0
      vertex -16.931851655244827 15.517638087272644 9
      vertex -16.847759068012238 15.765366867184639 9
    endloop
  endfacet
  facet normal -0.8968727332159228 0.4422887070837332 0
    outer loop
      vertex -16.847759068012238 15.765366867184639 0
      vertex -16.847759068012238 15.765366867184639 9
      vertex -16.73205080628395 16 9
    endloop
  endfacet
  facet normal -0.8314696207458843 0.5555702203832522 0
    outer loop
      vertex -16.73205080628395 16 0
      vertex -16.73205080628395 16 9
      vertex -16.586706683039665 16.217522859573364 9
    endloop
  endfacet
  facet normal -0.7518397936522605 0.6593458308664174 0
    outer loop
      vertex -16.586706683039665 16.217522859573364 0
      vertex -16.586706683039665 16.217522859573364 9
      vertex -16.414213560521603 16.414213560521603 9
    endloop
  endfacet
  facet normal -0.6593458308664174 0.7518397936522605 0
    outer loop
      vertex -16.414213560521603 16.414213560521603 0
      vertex -16.414213560521603 16.414213560521603 9
      vertex -16.217522859573364 16.586706683039665 9
    endloop
  endfacet
  facet normal -0.5555702203832522 0.8314696207458843 0
    outer loop
      vertex -16.217522859573364 16.586706683039665 0
      vertex -16.217522859573364 16.586706683039665 9
      vertex -16 16.73205080628395 9
    endloop
  endfacet
  facet normal -0.4422887070837332 0.8968727332159228 0
    outer loop
      vertex -16 16.73205080628395 0
      vertex -16 16.73205080628395 9
      vertex -15.765366867184639 16.847759068012238 9
    endloop
  endfacet
  facet normal -0.32143945792867507 0.9469301319984066 0
    outer loop
      vertex -15.765366867184639 16.847759068012238 0
      vertex -15.765366867184639 16.847759068012238 9
      vertex -15.517638087272644 16.931851655244827 9
    endloop
  endfacet
  facet normal -0.1950903020954995 0.9807852843656898 0
    outer loop
      vertex -15.517638087272644 16.931851655244827 0
      vertex -15.517638087272644 16.931851655244827 9
      vertex -15.261052384972572 16.982889719307423 9
    endloop
  endfacet
  facet normal -0.06540314219103631 0.9978589223891016 0
    outer loop
      vertex -15.261052384972572 16.982889719307423 0
      vertex -15.261052384972572 16.982889719307423 9
      vertex -15 17 9
    endloop
  endfacet
  facet normal 0 0 1
    outer loop
      vertex -15 17 9
      vertex -11.100000001490116 7.100000001490116 9
      vertex -11.100000001490116 12.899999998509884 9
    endloop
  endfacet
  facet normal 0 0 1
    outer loop
      vertex -15 17 9
      vertex -11.100000001490116 12.899999998509884 9
      vertex -11.090589344501495 13.043578810989857 9
    endloop
  endfacet
  facet normal 0 0 1
    outer loop
      vertex -15 17 9
      vertex -11.090589344501495 13.043578810989857 9
      vertex -11.062518410384655 13.184700950980186 9
    endloop
  endfacet
  facet normal 0 0 1
    outer loop
      vertex -15 17 9
      vertex -11.062518410384655 13.184700950980186 9
      vertex -11.016267485916615 13.320951774716377 9
    endloop
  endfacet
  facet normal 0 0 1
    outer loop
      vertex -15 17 9
      vertex -11.016267485916615 13.320951774716377 9
      vertex -10.952627941966057 13.450000002980232 9
    endloop
  endfacet
  facet normal 0 0 1
    outer loop
      vertex -15 17 9
      vertex -10.952627941966057 13.450000002980232 9
      vertex -10.872688673436642 13.569637574255466 9
    endloop
  endfacet
  facet normal 0 0 1
    outer loop
      vertex -15 17 9
      vertex -10.872688673436642 13.569637574255466 9
      vertex -10.777817457914352 13.677817456424236 9
    endloop
  endfacet
  facet normal 0 0 1
    outer loop
      vertex -15 17 9
      vertex -10.777817457914352 13.677817456424236 9
      vertex -10.669637568295002 13.772688671946526 9
    endloop
  endfacet
  facet normal 0 0 1
    outer loop
      vertex -15 17 9
      vertex -10.669637568295002 13.772688671946526 9
      vertex -10.549999997019768 13.85262794047594 9
    endloop
  endfacet
  facet normal 0 0 1
    outer loop
      vertex -15 17 9
      vertex -10.549999997019768 13.85262794047594 9
      vertex -10.420951776206493 13.916267484426498 9
    endloop
  endfacet
  facet normal 0 0 1
    outer loop
      vertex -15 17 9
      vertex -10.420951776206493 13.916267484426498 9
      vertex -10.284700952470303 13.962518408894539 9
    endloop
  endfacet
  facet normal 0 0 1
    outer loop
      vertex -15 17 9
      vertex -10.284700952470303 13.962518408894539 9
      vertex -10.143578812479973 13.99058935046196 9
    endloop
  endfacet
  facet normal 0 0 1
    outer loop
      vertex -15 17 9
      vertex -10.143578812479973 13.99058935046196 9
      vertex -10 14 9
    endloop
  endfacet
  facet normal 0 0 1
    outer loop
      vertex -15 17 9
      vertex -10 14 9
      vertex -9.856421187520027 13.99058935046196 9
    endloop
  endfacet
  facet normal 0 0 1
    outer loop
      vertex -15 17 9
      vertex -9.856421187520027 13.99058935046196 9
      vertex -9.715299047529697 13.962518408894539 9
    endloop
  endfacet
  facet normal 0 0 1
    outer loop
      vertex -15 17 9
      vertex -9.715299047529697 13.962518408894539 9
      vertex -9.579048223793507 13.916267484426498 9
    endloop
  endfacet
  facet normal 0 0 1
    outer loop
      vertex -15 17 9
      vertex -9.579048223793507 13.916267484426498 9
      vertex -9.450000002980232 13.85262794047594 9
    endloop
  endfacet
  facet normal 0 0 1
    outer loop
      vertex -8.899999998509884 7.100000001490116 9
      vertex 9.856421187520027 -6.00941064953804 9
      vertex -8.899999998509884 12.899999998509884 9
    endloop
  endfacet
  facet normal 0 0 1
    outer loop
      vertex -8.899999998509884 12.899999998509884 9
      vertex 10.143578812479973 -6.00941064953804 9
      vertex -8.909410655498505 13.043578810989857 9
    endloop
  endfacet
  facet normal 0 0 1
    outer loop
      vertex -8.909410655498505 13.043578810989857 9
      vertex 10.284700952470303 -6.037481591105461 9
      vertex -8.937481589615345 13.184700950980186 9
    endloop
  endfacet
  facet normal 0 0 1
    outer loop
      vertex -8.937481589615345 13.184700950980186 9
      vertex 10.420951776206493 -6.083732515573502 9
      vertex -8.983732514083385 13.320951774716377 9
    endloop
  endfacet
  facet normal 0 0 1
    outer loop
      vertex -8.983732514083385 13.320951774716377 9
      vertex 10.549999997019768 -6.147372059524059 9
      vertex -9.047372058033943 13.450000002980232 9
    endloop
  endfacet
  facet normal 0 1 0
    outer loop
      vertex -15 17 0
      vertex -15 17 9
      vertex 15 17 9
    endloop
  endfacet
  facet normal 0 0 1
    outer loop
      vertex -15 17 9
      vertex -9.450000002980232 13.85262794047594 9
      vertex 9.330362431704998 6.227311328053474 9
    endloop
  endfacet
  facet normal 0 0 1
    outer loop
      vertex -9.047372058033943 13.450000002980232 9
      vertex 9.330362431704998 6.227311328053474 9
      vertex -9.127311326563358 13.569637574255466 9
    endloop
  endfacet
  facet normal 0 0 1
    outer loop
      vertex -9.330362431704998 13.772688671946526 9
      vertex 9.330362431704998 6.227311328053474 9
      vertex -9.450000002980232 13.85262794047594 9
    endloop
  endfacet
  facet normal 0 0 1
    outer loop
      vertex -9.222182542085648 13.677817456424236 9
      vertex 9.330362431704998 6.227311328053474 9
      vertex -9.330362431704998 13.772688671946526 9
    endloop
  endfacet
  facet normal 0 0 1
    outer loop
      vertex -9.127311326563358 13.569637574255466 9
      vertex 9.330362431704998 6.227311328053474 9
      vertex -9.222182542085648 13.677817456424236 9
    endloop
  endfacet
  facet normal 0 0 -1
    outer loop
      vertex -15 -17 0
      vertex 9.330362431704998 -13.772688671946526 0
      vertex 9.450000002980232 -13.85262794047594 0
    endloop
  endfacet
  facet normal 0 0 -1
    outer loop
      vertex -15 -17 0
      vertex 9.450000002980232 -13.85262794047594 0
      vertex 9.579048223793507 -13.916267484426498 0
    endloop
  endfacet
  facet normal 0 0 -1
    outer loop
      vertex -15 -17 0
      vertex 9.579048223793507 -13.916267484426498 0
      vertex 9.715299047529697 -13.962518408894539 0
    endloop
  endfacet
  facet normal 0 0 -1
    outer loop
      vertex -15 -17 0
      vertex 9.715299047529697 -13.962518408894539 0
      vertex 9.856421187520027 -13.99058935046196 0
    endloop
  endfacet
  facet normal 0 0 -1
    outer loop
      vertex -15 -17 0
      vertex 9.856421187520027 -13.99058935046196 0
      vertex 10 -14 0
    endloop
  endfacet
  facet normal 0 0 -1
    outer loop
      vertex -15 -17 0
      vertex 10 -14 0
      vertex 10.143578812479973 -13.99058935046196 0
    endloop
  endfacet
  facet normal 0 0 -1
    outer loop
      vertex -15 -17 0
      vertex 9.047372058033943 -13.450000002980232 0
      vertex 9.127311326563358 -13.569637574255466 0
    endloop
  endfacet
  facet normal 0 0 -1
    outer loop
      vertex -15 -17 0
      vertex 8.937481589615345 -13.184700950980186 0
      vertex 8.983732514083385 -13.320951774716377 0
    endloop
  endfacet
  facet normal 0 0 -1
    outer loop
      vertex -15 -17 0
      vertex 8.983732514083385 -13.320951774716377 0
      vertex 9.047372058033943 -13.450000002980232 0
    endloop
  endfacet
  facet normal 0 0 -1
    outer loop
      vertex -15 -17 0
      vertex 8.909410655498505 -13.043578810989857 0
      vertex 8.937481589615345 -13.184700950980186 0
    endloop
  endfacet
  facet normal 0 0 -1
    outer loop
      vertex -15 -17 0
      vertex 8.899999998509884 -12.899999998509884 0
      vertex 8.909410655498505 -13.043578810989857 0
    endloop
  endfacet
  facet normal 0 0 -1
    outer loop
      vertex -15 -17 0
      vertex 9.127311326563358 -13.569637574255466 0
      vertex 9.222182542085648 -13.677817456424236 0
    endloop
  endfacet
  facet normal 0 0 -1
    outer loop
      vertex -15 -17 0
      vertex 9.222182542085648 -13.677817456424236 0
      vertex 9.330362431704998 -13.772688671946526 0
    endloop
  endfacet
  facet normal 0 0 -1
    outer loop
      vertex -15 -17 0
      vertex 10.143578812479973 -13.99058935046196 0
      vertex 15 -17 0
    endloop
  endfacet
  facet normal 0 0 -1
    outer loop
      vertex -8.899999998509884 12.899999998509884 0
      vertex 8.899999998509884 -7.100000001490116 0
      vertex 8.899999998509884 -12.899999998509884 0
    endloop
  endfacet
  facet normal 0 0 -1
    outer loop
      vertex 15 -17 0
      vertex 10.143578812479973 -13.99058935046196 0
      vertex 10.284700952470303 -13.962518408894539 0
    endloop
  endfacet
  facet normal 0 0 -1
    outer loop
      vertex 15 -17 0
      vertex 10.284700952470303 -13.962518408894539 0
      vertex 10.420951776206493 -13.916267484426498 0
    endloop
  endfacet
  facet normal 0 0 -1
    outer loop
      vertex 15 -17 0
      vertex 10.420951776206493 -13.916267484426498 0
      vertex 10.549999997019768 -13.85262794047594 0
    endloop
  endfacet
  facet normal 0 0 -1
    outer loop
      vertex 15 -17 0
      vertex 10.549999997019768 -13.85262794047594 0
      vertex 10.669637568295002 -13.772688671946526 0
    endloop
  endfacet
  facet normal 0 0 -1
    outer loop
      vertex 15 -17 0
      vertex 10.669637568295002 -13.772688671946526 0
      vertex 10.777817457914352 -13.677817456424236 0
    endloop
  endfacet
  facet normal 0 0 -1
    outer loop
      vertex 15 -17 0
      vertex 10.777817457914352 -13.677817456424236 0
      vertex 10.872688673436642 -13.569637574255466 0
    endloop
  endfacet
  facet normal 0 0 -1
    outer loop
      vertex 15 -17 0
      vertex 10.872688673436642 -13.569637574255466 0
      vertex 10.952627941966057 -13.450000002980232 0
    endloop
  endfacet
  facet normal 0 0 -1
    outer loop
      vertex 15 -17 0
      vertex 10.952627941966057 -13.450000002980232 0
      vertex 11.016267485916615 -13.320951774716377 0
    endloop
  endfacet
  facet normal 0 0 -1
    outer loop
      vertex 15 -17 0
      vertex 11.016267485916615 -13.320951774716377 0
      vertex 11.062518410384655 -13.184700950980186 0
    endloop
  endfacet
  facet normal 0 0 -1
    outer loop
      vertex 15 -17 0
      vertex 11.062518410384655 -13.184700950980186 0
      vertex 11.090589344501495 -13.043578810989857 0
    endloop
  endfacet
  facet normal 0 0 -1
    outer loop
      vertex 15 -17 0
      vertex 11.090589344501495 -13.043578810989857 0
      vertex 11.100000001490116 -12.899999998509884 0
    endloop
  endfacet
  facet normal 0 0 -1
    outer loop
      vertex 15 -17 0
      vertex 11.100000001490116 -12.899999998509884 0
      vertex 11.100000001490116 -7.100000001490116 0
    endloop
  endfacet
  facet normal 0.06540314219103631 -0.9978589223891016 0
    outer loop
      vertex 15 -17 0
      vertex 15.261052384972572 -16.982889719307423 0
      vertex 15 -17 9
    endloop
  endfacet
  facet normal 0.1950903020954995 -0.9807852843656898 0
    outer loop
      vertex 15.261052384972572 -16.982889719307423 0
      vertex 15.517638087272644 -16.931851655244827 0
      vertex 15.261052384972572 -16.982889719307423 9
    endloop
  endfacet
  facet normal 0.32143945792867507 -0.9469301319984066 0
    outer loop
      vertex 15.517638087272644 -16.931851655244827 0
      vertex 15.765366867184639 -16.847759068012238 0
      vertex 15.517638087272644 -16.931851655244827 9
    endloop
  endfacet
  facet normal 0.4422887070837332 -0.8968727332159228 0
    outer loop
      vertex 15.765366867184639 -16.847759068012238 0
      vertex 16 -16.73205080628395 0
      vertex 15.765366867184639 -16.847759068012238 9
    endloop
  endfacet
  facet normal 0.5555702203832522 -0.8314696207458843 0
    outer loop
      vertex 16 -16.73205080628395 0
      vertex 16.217522859573364 -16.586706683039665 0
      vertex 16 -16.73205080628395 9
    endloop
  endfacet
  facet normal 0.6593458308664174 -0.7518397936522605 0
    outer loop
      vertex 16.217522859573364 -16.586706683039665 0
      vertex 16.414213560521603 -16.414213560521603 0
      vertex 16.217522859573364 -16.586706683039665 9
    endloop
  endfacet
  facet normal 0.7518397936522605 -0.6593458308664174 0
    outer loop
      vertex 16.414213560521603 -16.414213560521603 0
      vertex 16.586706683039665 -16.217522859573364 0
      vertex 16.414213560521603 -16.414213560521603 9
    endloop
  endfacet
  facet normal 0.8314696207458843 -0.5555702203832522 0
    outer loop
      vertex 16.586706683039665 -16.217522859573364 0
      vertex 16.73205080628395 -16 0
      vertex 16.586706683039665 -16.217522859573364 9
    endloop
  endfacet
  facet normal 0.8968727332159228 -0.4422887070837332 0
    outer loop
      vertex 16.73205080628395 -16 0
      vertex 16.847759068012238 -15.765366867184639 0
      vertex 16.73205080628395 -16 9
    endloop
  endfacet
  facet normal 0.9469301319984066 -0.32143945792867507 0
    outer loop
      vertex 16.847759068012238 -15.765366867184639 0
      vertex 16.931851655244827 -15.517638087272644 0
      vertex 16.847759068012238 -15.765366867184639 9
    endloop
  endfacet
  facet normal 0.9807852843656898 -0.1950903020954995 0
    outer loop
      vertex 16.931851655244827 -15.517638087272644 0
      vertex 16.982889719307423 -15.261052384972572 0
      vertex 16.931851655244827 -15.517638087272644 9
    endloop
  endfacet
  facet normal 0.9978589223891016 -0.06540314219103631 0
    outer loop
      vertex 16.982889719307423 -15.261052384972572 0
      vertex 17 -15 0
      vertex 16.982889719307423 -15.261052384972572 9
    endloop
  endfacet
  facet normal 0 0 -1
    outer loop
      vertex 8.899999998509884 -7.100000001490116 0
      vertex 8.909410655498505 6.956421189010143 0
      vertex 8.909410655498505 -6.956421189010143 0
    endloop
  endfacet
  facet normal 0 0 -1
    outer loop
      vertex 8.909410655498505 -6.956421189010143 0
      vertex 8.937481589615345 6.8152990490198135 0
      vertex 8.937481589615345 -6.8152990490198135 0
    endloop
  endfacet
  facet normal 0 0 -1
    outer loop
      vertex 8.937481589615345 -6.8152990490198135 0
      vertex 8.983732514083385 6.679048225283623 0
      vertex 8.983732514083385 -6.679048225283623 0
    endloop
  endfacet
  facet normal 0 0 -1
    outer loop
      vertex 8.983732514083385 -6.679048225283623 0
      vertex 9.047372058033943 6.549999997019768 0
      vertex 9.047372058033943 -6.549999997019768 0
    endloop
  endfacet
  facet normal 0 0 -1
    outer loop
      vertex 9.047372058033943 -6.549999997019768 0
      vertex 9.127311326563358 6.4303624257445335 0
      vertex 9.127311326563358 -6.4303624257445335 0
    endloop
  endfacet
  facet normal 0 0 -1
    outer loop
      vertex 9.127311326563358 -6.4303624257445335 0
      vertex 9.222182542085648 6.322182543575764 0
      vertex 9.222182542085648 -6.322182543575764 0
    endloop
  endfacet
  facet normal 0 0 -1
    outer loop
      vertex 9.222182542085648 -6.322182543575764 0
      vertex 9.330362431704998 6.227311328053474 0
      vertex 9.330362431704998 -6.227311328053474 0
    endloop
  endfacet
  facet normal 0 0 -1
    outer loop
      vertex 9.330362431704998 -6.227311328053474 0
      vertex 9.450000002980232 6.147372059524059 0
      vertex 9.450000002980232 -6.147372059524059 0
    endloop
  endfacet
  facet normal 0 0 -1
    outer loop
      vertex 9.450000002980232 -6.147372059524059 0
      vertex 9.579048223793507 6.083732515573502 0
      vertex 9.579048223793507 -6.083732515573502 0
    endloop
  endfacet
  facet normal 0 0 -1
    outer loop
      vertex 9.579048223793507 -6.083732515573502 0
      vertex 9.715299047529697 6.037481591105461 0
      vertex 9.715299047529697 -6.037481591105461 0
    endloop
  endfacet
  facet normal 0 0 -1
    outer loop
      vertex 9.715299047529697 -6.037481591105461 0
      vertex 9.856421187520027 6.00941064953804 0
      vertex 9.856421187520027 -6.00941064953804 0
    endloop
  endfacet
  facet normal 0 0 -1
    outer loop
      vertex 9.856421187520027 -6.00941064953804 0
      vertex 10 6 0
      vertex 10 -6 0
    endloop
  endfacet
  facet normal 0 0 -1
    outer loop
      vertex 10 -6 0
      vertex 10.143578812479973 6.00941064953804 0
      vertex 10.143578812479973 -6.00941064953804 0
    endloop
  endfacet
  facet normal 0 0 -1
    outer loop
      vertex 10.143578812479973 -6.00941064953804 0
      vertex 10.284700952470303 6.037481591105461 0
      vertex 10.284700952470303 -6.037481591105461 0
    endloop
  endfacet
  facet normal 0 0 -1
    outer loop
      vertex 10.284700952470303 -6.037481591105461 0
      vertex 10.420951776206493 6.083732515573502 0
      vertex 10.420951776206493 -6.083732515573502 0
    endloop
  endfacet
  facet normal 0 0 -1
    outer loop
      vertex 10.420951776206493 -6.083732515573502 0
      vertex 10.549999997019768 6.147372059524059 0
      vertex 10.549999997019768 -6.147372059524059 0
    endloop
  endfacet
  facet normal 0 0 -1
    outer loop
      vertex 10.872688673436642 -6.4303624257445335 0
      vertex 10.952627941966057 6.549999997019768 0
      vertex 10.952627941966057 -6.549999997019768 0
    endloop
  endfacet
  facet normal 0 0 -1
    outer loop
      vertex 10.952627941966057 -6.549999997019768 0
      vertex 11.016267485916615 6.679048225283623 0
      vertex 11.016267485916615 -6.679048225283623 0
    endloop
  endfacet
  facet normal 0 0 -1
    outer loop
      vertex 11.062518410384655 -6.8152990490198135 0
      vertex 11.090589344501495 6.956421189010143 0
      vertex 11.090589344501495 -6.956421189010143 0
    endloop
  endfacet
  facet normal 0 0 -1
    outer loop
      vertex 11.090589344501495 -6.956421189010143 0
      vertex 11.100000001490116 7.100000001490116 0
      vertex 11.100000001490116 -7.100000001490116 0
    endloop
  endfacet
  facet normal 0 0 -1
    outer loop
      vertex 11.016267485916615 -6.679048225283623 0
      vertex 11.062518410384655 6.8152990490198135 0
      vertex 11.062518410384655 -6.8152990490198135 0
    endloop
  endfacet
  facet normal 0 0 -1
    outer loop
      vertex 10.549999997019768 -6.147372059524059 0
      vertex 10.669637568295002 6.227311328053474 0
      vertex 10.669637568295002 -6.227311328053474 0
    endloop
  endfacet
  facet normal 0 0 -1
    outer loop
      vertex 10.669637568295002 -6.227311328053474 0
      vertex 10.777817457914352 6.322182543575764 0
      vertex 10.777817457914352 -6.322182543575764 0
    endloop
  endfacet
  facet normal 0 0 -1
    outer loop
      vertex 10.777817457914352 -6.322182543575764 0
      vertex 10.872688673436642 6.4303624257445335 0
      vertex 10.872688673436642 -6.4303624257445335 0
    endloop
  endfacet
  facet normal 0 0 -1
    outer loop
      vertex 15 -17 0
      vertex 15 17 0
      vertex 15.261052384972572 -16.982889719307423 0
    endloop
  endfacet
  facet normal 0 0 -1
    outer loop
      vertex 15.261052384972572 -16.982889719307423 0
      vertex 15.261052384972572 16.982889719307423 0
      vertex 15.517638087272644 -16.931851655244827 0
    endloop
  endfacet
  facet normal 0 0 -1
    outer loop
      vertex 15.517638087272644 -16.931851655244827 0
      vertex 15.517638087272644 16.931851655244827 0
      vertex 15.765366867184639 -16.847759068012238 0
    endloop
  endfacet
  facet normal 0 0 -1
    outer loop
      vertex 15.765366867184639 -16.847759068012238 0
      vertex 15.765366867184639 16.847759068012238 0
      vertex 16 -16.73205080628395 0
    endloop
  endfacet
  facet normal 0 0 -1
    outer loop
      vertex 16 -16.73205080628395 0
      vertex 16 16.73205080628395 0
      vertex 16.217522859573364 -16.586706683039665 0
    endloop
  endfacet
  facet normal 0 0 -1
    outer loop
      vertex 16.217522859573364 -16.586706683039665 0
      vertex 16.217522859573364 16.586706683039665 0
      vertex 16.414213560521603 -16.414213560521603 0
    endloop
  endfacet
  facet normal 0 0 -1
    outer loop
      vertex 16.414213560521603 -16.414213560521603 0
      vertex 16.414213560521603 16.414213560521603 0
      vertex 16.586706683039665 -16.217522859573364 0
    endloop
  endfacet
  facet normal 0 0 -1
    outer loop
      vertex 16.586706683039665 -16.217522859573364 0
      vertex 16.586706683039665 16.217522859573364 0
      vertex 16.73205080628395 -16 0
    endloop
  endfacet
  facet normal 0 0 -1
    outer loop
      vertex 16.73205080628395 -16 0
      vertex 16.73205080628395 16 0
      vertex 16.847759068012238 -15.765366867184639 0
    endloop
  endfacet
  facet normal 0 0 -1
    outer loop
      vertex 16.847759068012238 -15.765366867184639 0
      vertex 16.847759068012238 15.765366867184639 0
      vertex 16.931851655244827 -15.517638087272644 0
    endloop
  endfacet
  facet normal 0 0 -1
    outer loop
      vertex 16.931851655244827 -15.517638087272644 0
      vertex 16.931851655244827 15.517638087272644 0
      vertex 16.982889719307423 -15.261052384972572 0
    endloop
  endfacet
  facet normal 0 0 -1
    outer loop
      vertex 16.982889719307423 -15.261052384972572 0
      vertex 16.982889719307423 15.261052384972572 0
      vertex 17 -15 0
    endloop
  endfacet
  facet normal 0 0 -1
    outer loop
      vertex 15 -17 0
      vertex 11.100000001490116 -7.100000001490116 0
      vertex 15 17 0
    endloop
  endfacet
  facet normal 1 0 0
    outer loop
      vertex 17 -15 0
      vertex 17 15 0
      vertex 17 -15 9
    endloop
  endfacet
  facet normal 0 -1 0
    outer loop
      vertex -15 -17 9
      vertex 15 -17 0
      vertex 15 -17 9
    endloop
  endfacet
  facet normal 0 0 1
    outer loop
      vertex -15 -17 9
      vertex 9.450000002980232 -13.85262794047594 9
      vertex 9.330362431704998 -13.772688671946526 9
    endloop
  endfacet
  facet normal 0 0 1
    outer loop
      vertex -15 -17 9
      vertex 9.579048223793507 -13.916267484426498 9
      vertex 9.450000002980232 -13.85262794047594 9
    endloop
  endfacet
  facet normal 0 0 1
    outer loop
      vertex -15 -17 9
      vertex 9.715299047529697 -13.962518408894539 9
      vertex 9.579048223793507 -13.916267484426498 9
    endloop
  endfacet
  facet normal 0 0 1
    outer loop
      vertex -15 -17 9
      vertex 9.856421187520027 -13.99058935046196 9
      vertex 9.715299047529697 -13.962518408894539 9
    endloop
  endfacet
  facet normal 0 0 1
    outer loop
      vertex -15 -17 9
      vertex 10 -14 9
      vertex 9.856421187520027 -13.99058935046196 9
    endloop
  endfacet
  facet normal 0 0 1
    outer loop
      vertex -15 -17 9
      vertex 10.143578812479973 -13.99058935046196 9
      vertex 10 -14 9
    endloop
  endfacet
  facet normal 0 0 1
    outer loop
      vertex -15 -17 9
      vertex 9.330362431704998 -13.772688671946526 9
      vertex 9.222182542085648 -13.677817456424236 9
    endloop
  endfacet
  facet normal 0 0 1
    outer loop
      vertex -15 -17 9
      vertex 15 -17 9
      vertex 10.143578812479973 -13.99058935046196 9
    endloop
  endfacet
  facet normal 0 0 1
    outer loop
      vertex -9.222182542085648 -13.677817456424236 9
      vertex 9.222182542085648 -13.677817456424236 9
      vertex 9.127311326563358 -13.569637574255466 9
    endloop
  endfacet
  facet normal 0 0 1
    outer loop
      vertex -9.127311326563358 -13.569637574255466 9
      vertex 9.127311326563358 -13.569637574255466 9
      vertex 9.047372058033943 -13.450000002980232 9
    endloop
  endfacet
  facet normal 0 0 1
    outer loop
      vertex -9.047372058033943 -13.450000002980232 9
      vertex 9.047372058033943 -13.450000002980232 9
      vertex 8.983732514083385 -13.320951774716377 9
    endloop
  endfacet
  facet normal 0 0 1
    outer loop
      vertex -8.983732514083385 -13.320951774716377 9
      vertex 8.983732514083385 -13.320951774716377 9
      vertex 8.937481589615345 -13.184700950980186 9
    endloop
  endfacet
  facet normal 0 0 1
    outer loop
      vertex -8.937481589615345 -13.184700950980186 9
      vertex 8.937481589615345 -13.184700950980186 9
      vertex 8.909410655498505 -13.043578810989857 9
    endloop
  endfacet
  facet normal 0 0 1
    outer loop
      vertex -8.909410655498505 -13.043578810989857 9
      vertex 8.909410655498505 -13.043578810989857 9
      vertex 8.899999998509884 -12.899999998509884 9
    endloop
  endfacet
  facet normal 0 0 1
    outer loop
      vertex 8.899999998509884 -7.100000001490116 9
      vertex -8.899999998509884 -12.899999998509884 9
      vertex 8.899999998509884 -12.899999998509884 9
    endloop
  endfacet
  facet normal 0 0 1
    outer loop
      vertex -8.899999998509884 7.100000001490116 9
      vertex 8.899999998509884 -7.100000001490116 9
      vertex 8.909410655498505 -6.956421189010143 9
    endloop
  endfacet
  facet normal 0 0 1
    outer loop
      vertex -8.899999998509884 7.100000001490116 9
      vertex 8.909410655498505 -6.956421189010143 9
      vertex 8.937481589615345 -6.8152990490198135 9
    endloop
  endfacet
  facet normal 0 0 1
    outer loop
      vertex -8.899999998509884 7.100000001490116 9
      vertex 8.937481589615345 -6.8152990490198135 9
      vertex 8.983732514083385 -6.679048225283623 9
    endloop
  endfacet
  facet normal 0 0 1
    outer loop
      vertex -8.899999998509884 7.100000001490116 9
      vertex 8.983732514083385 -6.679048225283623 9
      vertex 9.047372058033943 -6.549999997019768 9
    endloop
  endfacet
  facet normal 0 0 1
    outer loop
      vertex -8.899999998509884 7.100000001490116 9
      vertex 9.047372058033943 -6.549999997019768 9
      vertex 9.127311326563358 -6.4303624257445335 9
    endloop
  endfacet
  facet normal 0 0 1
    outer loop
      vertex -8.899999998509884 7.100000001490116 9
      vertex 9.127311326563358 -6.4303624257445335 9
      vertex 9.222182542085648 -6.322182543575764 9
    endloop
  endfacet
  facet normal 0 0 1
    outer loop
      vertex -8.899999998509884 7.100000001490116 9
      vertex 9.222182542085648 -6.322182543575764 9
      vertex 9.330362431704998 -6.227311328053474 9
    endloop
  endfacet
  facet normal 0 0 1
    outer loop
      vertex -8.899999998509884 7.100000001490116 9
      vertex 9.330362431704998 -6.227311328053474 9
      vertex 9.450000002980232 -6.147372059524059 9
    endloop
  endfacet
  facet normal 0 0 1
    outer loop
      vertex -8.899999998509884 7.100000001490116 9
      vertex 9.450000002980232 -6.147372059524059 9
      vertex 9.579048223793507 -6.083732515573502 9
    endloop
  endfacet
  facet normal 0 0 1
    outer loop
      vertex -8.899999998509884 7.100000001490116 9
      vertex 9.579048223793507 -6.083732515573502 9
      vertex 9.715299047529697 -6.037481591105461 9
    endloop
  endfacet
  facet normal 0 0 1
    outer loop
      vertex -8.899999998509884 7.100000001490116 9
      vertex 9.715299047529697 -6.037481591105461 9
      vertex 9.856421187520027 -6.00941064953804 9
    endloop
  endfacet
  facet normal 0.06540314219103631 -0.9978589223891016 0
    outer loop
      vertex 15.261052384972572 -16.982889719307423 0
      vertex 15.261052384972572 -16.982889719307423 9
      vertex 15 -17 9
    endloop
  endfacet
  facet normal 0.1950903020954995 -0.9807852843656898 0
    outer loop
      vertex 15.517638087272644 -16.931851655244827 0
      vertex 15.517638087272644 -16.931851655244827 9
      vertex 15.261052384972572 -16.982889719307423 9
    endloop
  endfacet
  facet normal 0.32143945792867507 -0.9469301319984066 0
    outer loop
      vertex 15.765366867184639 -16.847759068012238 0
      vertex 15.765366867184639 -16.847759068012238 9
      vertex 15.517638087272644 -16.931851655244827 9
    endloop
  endfacet
  facet normal 0.4422887070837332 -0.8968727332159228 0
    outer loop
      vertex 16 -16.73205080628395 0
      vertex 16 -16.73205080628395 9
      vertex 15.765366867184639 -16.847759068012238 9
    endloop
  endfacet
  facet normal 0.5555702203832522 -0.8314696207458843 0
    outer loop
      vertex 16.217522859573364 -16.586706683039665 0
      vertex 16.217522859573364 -16.586706683039665 9
      vertex 16 -16.73205080628395 9
    endloop
  endfacet
  facet normal 0.6593458308664174 -0.7518397936522605 0
    outer loop
      vertex 16.414213560521603 -16.414213560521603 0
      vertex 16.414213560521603 -16.414213560521603 9
      vertex 16.217522859573364 -16.586706683039665 9
    endloop
  endfacet
  facet normal 0.7518397936522605 -0.6593458308664174 0
    outer loop
      vertex 16.586706683039665 -16.217522859573364 0
      vertex 16.586706683039665 -16.217522859573364 9
      vertex 16.414213560521603 -16.414213560521603 9
    endloop
  endfacet
  facet normal 0.8314696207458843 -0.5555702203832522 0
    outer loop
      vertex 16.73205080628395 -16 0
      vertex 16.73205080628395 -16 9
      vertex 16.586706683039665 -16.217522859573364 9
    endloop
  endfacet
  facet normal 0.8968727332159228 -0.4422887070837332 0
    outer loop
      vertex 16.847759068012238 -15.765366867184639 0
      vertex 16.847759068012238 -15.765366867184639 9
      vertex 16.73205080628395 -16 9
    endloop
  endfacet
  facet normal 0.9469301319984066 -0.32143945792867507 0
    outer loop
      vertex 16.931851655244827 -15.517638087272644 0
      vertex 16.931851655244827 -15.517638087272644 9
      vertex 16.847759068012238 -15.765366867184639 9
    endloop
  endfacet
  facet normal 0.9807852843656898 -0.1950903020954995 0
    outer loop
      vertex 16.982889719307423 -15.261052384972572 0
      vertex 16.982889719307423 -15.261052384972572 9
      vertex 16.931851655244827 -15.517638087272644 9
    endloop
  endfacet
  facet normal 0.9978589223891016 -0.06540314219103631 0
    outer loop
      vertex 17 -15 0
      vertex 17 -15 9
      vertex 16.982889719307423 -15.261052384972572 9
    endloop
  endfacet
  facet normal 0 0 1
    outer loop
      vertex 15 -17 9
      vertex 10.284700952470303 -13.962518408894539 9
      vertex 10.143578812479973 -13.99058935046196 9
    endloop
  endfacet
  facet normal 0 0 1
    outer loop
      vertex 15 -17 9
      vertex 10.420951776206493 -13.916267484426498 9
      vertex 10.284700952470303 -13.962518408894539 9
    endloop
  endfacet
  facet normal 0 0 1
    outer loop
      vertex 15 -17 9
      vertex 10.549999997019768 -13.85262794047594 9
      vertex 10.420951776206493 -13.916267484426498 9
    endloop
  endfacet
  facet normal 0 0 1
    outer loop
      vertex 15 -17 9
      vertex 10.669637568295002 -13.772688671946526 9
      vertex 10.549999997019768 -13.85262794047594 9
    endloop
  endfacet
  facet normal 0 0 1
    outer loop
      vertex 15 -17 9
      vertex 10.777817457914352 -13.677817456424236 9
      vertex 10.669637568295002 -13.772688671946526 9
    endloop
  endfacet
  facet normal 0 0 1
    outer loop
      vertex 15 -17 9
      vertex 10.872688673436642 -13.569637574255466 9
      vertex 10.777817457914352 -13.677817456424236 9
    endloop
  endfacet
  facet normal 0 0 1
    outer loop
      vertex 15 -17 9
      vertex 10.952627941966057 -13.450000002980232 9
      vertex 10.872688673436642 -13.569637574255466 9
    endloop
  endfacet
  facet normal 0 0 1
    outer loop
      vertex 15 -17 9
      vertex 11.016267485916615 -13.320951774716377 9
      vertex 10.952627941966057 -13.450000002980232 9
    endloop
  endfacet
  facet normal 0 0 1
    outer loop
      vertex 15 -17 9
      vertex 11.062518410384655 -13.184700950980186 9
      vertex 11.016267485916615 -13.320951774716377 9
    endloop
  endfacet
  facet normal 0 0 1
    outer loop
      vertex 15 -17 9
      vertex 11.090589344501495 -13.043578810989857 9
      vertex 11.062518410384655 -13.184700950980186 9
    endloop
  endfacet
  facet normal 0 0 1
    outer loop
      vertex 15 -17 9
      vertex 11.100000001490116 -12.899999998509884 9
      vertex 11.090589344501495 -13.043578810989857 9
    endloop
  endfacet
  facet normal 0 0 1
    outer loop
      vertex 15 -17 9
      vertex 11.100000001490116 -7.100000001490116 9
      vertex 11.100000001490116 -12.899999998509884 9
    endloop
  endfacet
  facet normal 0 0 1
    outer loop
      vertex 15 -17 9
      vertex 11.090589344501495 -6.956421189010143 9
      vertex 11.100000001490116 -7.100000001490116 9
    endloop
  endfacet
  facet normal 0 0 1
    outer loop
      vertex 15 -17 9
      vertex 11.090589344501495 6.956421189010143 9
      vertex 11.090589344501495 -6.956421189010143 9
    endloop
  endfacet
  facet normal 0 0 1
    outer loop
      vertex 10.669637568295002 -6.227311328053474 9
      vertex 10.420951776206493 6.083732515573502 9
      vertex 10.549999997019768 -6.147372059524059 9
    endloop
  endfacet
  facet normal 0 0 1
    outer loop
      vertex 10.777817457914352 -6.322182543575764 9
      vertex 10.549999997019768 6.147372059524059 9
      vertex 10.669637568295002 -6.227311328053474 9
    endloop
  endfacet
  facet normal 0 0 1
    outer loop
      vertex 10.872688673436642 -6.4303624257445335 9
      vertex 10.669637568295002 6.227311328053474 9
      vertex 10.777817457914352 -6.322182543575764 9
    endloop
  endfacet
  facet normal 0 0 1
    outer loop
      vertex 10.952627941966057 -6.549999997019768 9
      vertex 10.872688673436642 6.4303624257445335 9
      vertex 10.872688673436642 -6.4303624257445335 9
    endloop
  endfacet
  facet normal 0 0 1
    outer loop
      vertex 11.016267485916615 -6.679048225283623 9
      vertex 10.952627941966057 6.549999997019768 9
      vertex 10.952627941966057 -6.549999997019768 9
    endloop
  endfacet
  facet normal 0 0 1
    outer loop
      vertex 11.062518410384655 -6.8152990490198135 9
      vertex 11.016267485916615 6.679048225283623 9
      vertex 11.016267485916615 -6.679048225283623 9
    endloop
  endfacet
  facet normal 0 0 1
    outer loop
      vertex 11.090589344501495 -6.956421189010143 9
      vertex 11.062518410384655 6.8152990490198135 9
      vertex 11.062518410384655 -6.8152990490198135 9
    endloop
  endfacet
  facet normal 0 0 1
    outer loop
      vertex 15 -17 9
      vertex 15.261052384972572 -16.982889719307423 9
      vertex 15 17 9
    endloop
  endfacet
  facet normal 0 0 1
    outer loop
      vertex 15.261052384972572 -16.982889719307423 9
      vertex 15.517638087272644 -16.931851655244827 9
      vertex 15.261052384972572 16.982889719307423 9
    endloop
  endfacet
  facet normal 0 0 1
    outer loop
      vertex 15.517638087272644 -16.931851655244827 9
      vertex 15.765366867184639 -16.847759068012238 9
      vertex 15.517638087272644 16.931851655244827 9
    endloop
  endfacet
  facet normal 0 0 1
    outer loop
      vertex 15.765366867184639 -16.847759068012238 9
      vertex 16 -16.73205080628395 9
      vertex 15.765366867184639 16.847759068012238 9
    endloop
  endfacet
  facet normal 0 0 1
    outer loop
      vertex 16 -16.73205080628395 9
      vertex 16.217522859573364 -16.586706683039665 9
      vertex 16 16.73205080628395 9
    endloop
  endfacet
  facet normal 0 0 1
    outer loop
      vertex 16.217522859573364 -16.586706683039665 9
      vertex 16.414213560521603 -16.414213560521603 9
      vertex 16.217522859573364 16.586706683039665 9
    endloop
  endfacet
  facet normal 0 0 1
    outer loop
      vertex 16.414213560521603 -16.414213560521603 9
      vertex 16.586706683039665 -16.217522859573364 9
      vertex 16.414213560521603 16.414213560521603 9
    endloop
  endfacet
  facet normal 0 0 1
    outer loop
      vertex 16.586706683039665 -16.217522859573364 9
      vertex 16.73205080628395 -16 9
      vertex 16.586706683039665 16.217522859573364 9
    endloop
  endfacet
  facet normal 0 0 1
    outer loop
      vertex 16.73205080628395 -16 9
      vertex 16.847759068012238 -15.765366867184639 9
      vertex 16.73205080628395 16 9
    endloop
  endfacet
  facet normal 0 0 1
    outer loop
      vertex 16.847759068012238 -15.765366867184639 9
      vertex 16.931851655244827 -15.517638087272644 9
      vertex 16.847759068012238 15.765366867184639 9
    endloop
  endfacet
  facet normal 0 0 1
    outer loop
      vertex 16.931851655244827 -15.517638087272644 9
      vertex 16.982889719307423 -15.261052384972572 9
      vertex 16.931851655244827 15.517638087272644 9
    endloop
  endfacet
  facet normal 0 0 1
    outer loop
      vertex 16.982889719307423 -15.261052384972572 9
      vertex 17 -15 9
      vertex 16.982889719307423 15.261052384972572 9
    endloop
  endfacet
  facet normal 0 0 -1
    outer loop
      vertex -8.899999998509884 12.899999998509884 0
      vertex 8.909410655498505 6.956421189010143 0
      vertex 8.899999998509884 -7.100000001490116 0
    endloop
  endfacet
  facet normal 0 0 -1
    outer loop
      vertex -8.899999998509884 12.899999998509884 0
      vertex 8.899999998509884 7.100000001490116 0
      vertex 8.909410655498505 6.956421189010143 0
    endloop
  endfacet
  facet normal 0 0 -1
    outer loop
      vertex -8.899999998509884 12.899999998509884 0
      vertex 8.899999998509884 12.899999998509884 0
      vertex 8.899999998509884 7.100000001490116 0
    endloop
  endfacet
  facet normal 0 0 -1
    outer loop
      vertex -8.909410655498505 13.043578810989857 0
      vertex 8.909410655498505 13.043578810989857 0
      vertex 8.899999998509884 12.899999998509884 0
    endloop
  endfacet
  facet normal 0 0 -1
    outer loop
      vertex -8.937481589615345 13.184700950980186 0
      vertex 8.937481589615345 13.184700950980186 0
      vertex 8.909410655498505 13.043578810989857 0
    endloop
  endfacet
  facet normal 0 0 -1
    outer loop
      vertex -8.983732514083385 13.320951774716377 0
      vertex 8.983732514083385 13.320951774716377 0
      vertex 8.937481589615345 13.184700950980186 0
    endloop
  endfacet
  facet normal 0 0 -1
    outer loop
      vertex -9.047372058033943 13.450000002980232 0
      vertex 9.047372058033943 13.450000002980232 0
      vertex 8.983732514083385 13.320951774716377 0
    endloop
  endfacet
  facet normal 0 0 -1
    outer loop
      vertex -9.127311326563358 13.569637574255466 0
      vertex 9.127311326563358 13.569637574255466 0
      vertex 9.047372058033943 13.450000002980232 0
    endloop
  endfacet
  facet normal 0 0 -1
    outer loop
      vertex -9.222182542085648 13.677817456424236 0
      vertex 9.222182542085648 13.677817456424236 0
      vertex 9.127311326563358 13.569637574255466 0
    endloop
  endfacet
  facet normal 0 0 -1
    outer loop
      vertex -9.222182542085648 13.677817456424236 0
      vertex 9.330362431704998 13.772688671946526 0
      vertex 9.222182542085648 13.677817456424236 0
    endloop
  endfacet
  facet normal 0 0 -1
    outer loop
      vertex -9.222182542085648 13.677817456424236 0
      vertex 9.450000002980232 13.85262794047594 0
      vertex 9.330362431704998 13.772688671946526 0
    endloop
  endfacet
  facet normal 0 0 -1
    outer loop
      vertex 15 17 0
      vertex 9.450000002980232 13.85262794047594 0
      vertex -9.222182542085648 13.677817456424236 0
    endloop
  endfacet
  facet normal 0 1 0
    outer loop
      vertex -15 17 0
      vertex 15 17 9
      vertex 15 17 0
    endloop
  endfacet
  facet normal 0 0 -1
    outer loop
      vertex 9.127311326563358 -6.4303624257445335 0
      vertex 9.127311326563358 6.4303624257445335 0
      vertex 9.222182542085648 6.322182543575764 0
    endloop
  endfacet
  facet normal 0 0 -1
    outer loop
      vertex 9.222182542085648 -6.322182543575764 0
      vertex 9.222182542085648 6.322182543575764 0
      vertex 9.330362431704998 6.227311328053474 0
    endloop
  endfacet
  facet normal 0 0 -1
    outer loop
      vertex 9.330362431704998 -6.227311328053474 0
      vertex 9.330362431704998 6.227311328053474 0
      vertex 9.450000002980232 6.147372059524059 0
    endloop
  endfacet
  facet normal 0 0 -1
    outer loop
      vertex 9.450000002980232 -6.147372059524059 0
      vertex 9.450000002980232 6.147372059524059 0
      vertex 9.579048223793507 6.083732515573502 0
    endloop
  endfacet
  facet normal 0 0 -1
    outer loop
      vertex 9.579048223793507 -6.083732515573502 0
      vertex 9.579048223793507 6.083732515573502 0
      vertex 9.715299047529697 6.037481591105461 0
    endloop
  endfacet
  facet normal 0 0 -1
    outer loop
      vertex 9.715299047529697 -6.037481591105461 0
      vertex 9.715299047529697 6.037481591105461 0
      vertex 9.856421187520027 6.00941064953804 0
    endloop
  endfacet
  facet normal 0 0 -1
    outer loop
      vertex 9.856421187520027 -6.00941064953804 0
      vertex 9.856421187520027 6.00941064953804 0
      vertex 10 6 0
    endloop
  endfacet
  facet normal 0 0 -1
    outer loop
      vertex 10 -6 0
      vertex 10 6 0
      vertex 10.143578812479973 6.00941064953804 0
    endloop
  endfacet
  facet normal 0 0 -1
    outer loop
      vertex 10.143578812479973 -6.00941064953804 0
      vertex 10.143578812479973 6.00941064953804 0
      vertex 10.284700952470303 6.037481591105461 0
    endloop
  endfacet
  facet normal 0 0 -1
    outer loop
      vertex 10.284700952470303 -6.037481591105461 0
      vertex 10.284700952470303 6.037481591105461 0
      vertex 10.420951776206493 6.083732515573502 0
    endloop
  endfacet
  facet normal 0 0 -1
    outer loop
      vertex 10.420951776206493 -6.083732515573502 0
      vertex 10.420951776206493 6.083732515573502 0
      vertex 10.549999997019768 6.147372059524059 0
    endloop
  endfacet
  facet normal 0 0 -1
    outer loop
      vertex 10.549999997019768 -6.147372059524059 0
      vertex 10.549999997019768 6.147372059524059 0
      vertex 10.669637568295002 6.227311328053474 0
    endloop
  endfacet
  facet normal 0 0 -1
    outer loop
      vertex 8.937481589615345 -6.8152990490198135 0
      vertex 8.937481589615345 6.8152990490198135 0
      vertex 8.983732514083385 6.679048225283623 0
    endloop
  endfacet
  facet normal 0 0 -1
    outer loop
      vertex 8.983732514083385 -6.679048225283623 0
      vertex 8.983732514083385 6.679048225283623 0
      vertex 9.047372058033943 6.549999997019768 0
    endloop
  endfacet
  facet normal 0 0 -1
    outer loop
      vertex 8.909410655498505 -6.956421189010143 0
      vertex 8.909410655498505 6.956421189010143 0
      vertex 8.937481589615345 6.8152990490198135 0
    endloop
  endfacet
  facet normal 0 0 -1
    outer loop
      vertex 9.047372058033943 -6.549999997019768 0
      vertex 9.047372058033943 6.549999997019768 0
      vertex 9.127311326563358 6.4303624257445335 0
    endloop
  endfacet
  facet normal 0 0 -1
    outer loop
      vertex 10.669637568295002 -6.227311328053474 0
      vertex 10.669637568295002 6.227311328053474 0
      vertex 10.777817457914352 6.322182543575764 0
    endloop
  endfacet
  facet normal 0 0 -1
    outer loop
      vertex 10.777817457914352 -6.322182543575764 0
      vertex 10.777817457914352 6.322182543575764 0
      vertex 10.872688673436642 6.4303624257445335 0
    endloop
  endfacet
  facet normal 0 0 -1
    outer loop
      vertex 10.872688673436642 -6.4303624257445335 0
      vertex 10.872688673436642 6.4303624257445335 0
      vertex 10.952627941966057 6.549999997019768 0
    endloop
  endfacet
  facet normal 0 0 -1
    outer loop
      vertex 10.952627941966057 -6.549999997019768 0
      vertex 10.952627941966057 6.549999997019768 0
      vertex 11.016267485916615 6.679048225283623 0
    endloop
  endfacet
  facet normal 0 0 -1
    outer loop
      vertex 11.016267485916615 -6.679048225283623 0
      vertex 11.016267485916615 6.679048225283623 0
      vertex 11.062518410384655 6.8152990490198135 0
    endloop
  endfacet
  facet normal 0 0 -1
    outer loop
      vertex 11.062518410384655 -6.8152990490198135 0
      vertex 11.062518410384655 6.8152990490198135 0
      vertex 11.090589344501495 6.956421189010143 0
    endloop
  endfacet
  facet normal 0 0 -1
    outer loop
      vertex 11.090589344501495 -6.956421189010143 0
      vertex 11.090589344501495 6.956421189010143 0
      vertex 11.100000001490116 7.100000001490116 0
    endloop
  endfacet
  facet normal 0 0 -1
    outer loop
      vertex 15 17 0
      vertex 11.100000001490116 -7.100000001490116 0
      vertex 11.100000001490116 7.100000001490116 0
    endloop
  endfacet
  facet normal 0 0 -1
    outer loop
      vertex 15.261052384972572 -16.982889719307423 0
      vertex 15 17 0
      vertex 15.261052384972572 16.982889719307423 0
    endloop
  endfacet
  facet normal 0 0 -1
    outer loop
      vertex 15.517638087272644 -16.931851655244827 0
      vertex 15.261052384972572 16.982889719307423 0
      vertex 15.517638087272644 16.931851655244827 0
    endloop
  endfacet
  facet normal 0 0 -1
    outer loop
      vertex 15.765366867184639 -16.847759068012238 0
      vertex 15.517638087272644 16.931851655244827 0
      vertex 15.765366867184639 16.847759068012238 0
    endloop
  endfacet
  facet normal 0 0 -1
    outer loop
      vertex 16 -16.73205080628395 0
      vertex 15.765366867184639 16.847759068012238 0
      vertex 16 16.73205080628395 0
    endloop
  endfacet
  facet normal 0 0 -1
    outer loop
      vertex 17 -15 0
      vertex 16.982889719307423 15.261052384972572 0
      vertex 17 15 0
    endloop
  endfacet
  facet normal 0 0 -1
    outer loop
      vertex 16.982889719307423 -15.261052384972572 0
      vertex 16.931851655244827 15.517638087272644 0
      vertex 16.982889719307423 15.261052384972572 0
    endloop
  endfacet
  facet normal 0 0 -1
    outer loop
      vertex 16.931851655244827 -15.517638087272644 0
      vertex 16.847759068012238 15.765366867184639 0
      vertex 16.931851655244827 15.517638087272644 0
    endloop
  endfacet
  facet normal 0 0 -1
    outer loop
      vertex 16.217522859573364 -16.586706683039665 0
      vertex 16 16.73205080628395 0
      vertex 16.217522859573364 16.586706683039665 0
    endloop
  endfacet
  facet normal 0 0 -1
    outer loop
      vertex 16.414213560521603 -16.414213560521603 0
      vertex 16.217522859573364 16.586706683039665 0
      vertex 16.414213560521603 16.414213560521603 0
    endloop
  endfacet
  facet normal 0 0 -1
    outer loop
      vertex 16.586706683039665 -16.217522859573364 0
      vertex 16.414213560521603 16.414213560521603 0
      vertex 16.586706683039665 16.217522859573364 0
    endloop
  endfacet
  facet normal 0 0 -1
    outer loop
      vertex 16.73205080628395 -16 0
      vertex 16.586706683039665 16.217522859573364 0
      vertex 16.73205080628395 16 0
    endloop
  endfacet
  facet normal 0 0 -1
    outer loop
      vertex 16.847759068012238 -15.765366867184639 0
      vertex 16.73205080628395 16 0
      vertex 16.847759068012238 15.765366867184639 0
    endloop
  endfacet
  facet normal 0 0 -1
    outer loop
      vertex 15 17 0
      vertex 11.100000001490116 7.100000001490116 0
      vertex 11.100000001490116 12.899999998509884 0
    endloop
  endfacet
  facet normal 0 0 -1
    outer loop
      vertex 15 17 0
      vertex 10.777817457914352 13.677817456424236 0
      vertex 10.669637568295002 13.772688671946526 0
    endloop
  endfacet
  facet normal 0 0 -1
    outer loop
      vertex 15 17 0
      vertex 10.872688673436642 13.569637574255466 0
      vertex 10.777817457914352 13.677817456424236 0
    endloop
  endfacet
  facet normal 0 0 -1
    outer loop
      vertex 15 17 0
      vertex 11.100000001490116 12.899999998509884 0
      vertex 11.090589344501495 13.043578810989857 0
    endloop
  endfacet
  facet normal 0 0 -1
    outer loop
      vertex 15 17 0
      vertex 11.016267485916615 13.320951774716377 0
      vertex 10.952627941966057 13.450000002980232 0
    endloop
  endfacet
  facet normal 0 0 -1
    outer loop
      vertex 15 17 0
      vertex 11.090589344501495 13.043578810989857 0
      vertex 11.062518410384655 13.184700950980186 0
    endloop
  endfacet
  facet normal 0 0 -1
    outer loop
      vertex 15 17 0
      vertex 11.062518410384655 13.184700950980186 0
      vertex 11.016267485916615 13.320951774716377 0
    endloop
  endfacet
  facet normal 0 0 -1
    outer loop
      vertex 15 17 0
      vertex 10.952627941966057 13.450000002980232 0
      vertex 10.872688673436642 13.569637574255466 0
    endloop
  endfacet
  facet normal 0 0 -1
    outer loop
      vertex 15 17 0
      vertex 9.579048223793507 13.916267484426498 0
      vertex 9.450000002980232 13.85262794047594 0
    endloop
  endfacet
  facet normal 0 0 -1
    outer loop
      vertex 15 17 0
      vertex 9.715299047529697 13.962518408894539 0
      vertex 9.579048223793507 13.916267484426498 0
    endloop
  endfacet
  facet normal 0 0 -1
    outer loop
      vertex 15 17 0
      vertex 9.856421187520027 13.99058935046196 0
      vertex 9.715299047529697 13.962518408894539 0
    endloop
  endfacet
  facet normal 0 0 -1
    outer loop
      vertex 15 17 0
      vertex 10 14 0
      vertex 9.856421187520027 13.99058935046196 0
    endloop
  endfacet
  facet normal 0 0 -1
    outer loop
      vertex 15 17 0
      vertex 10.143578812479973 13.99058935046196 0
      vertex 10 14 0
    endloop
  endfacet
  facet normal 0 0 -1
    outer loop
      vertex 15 17 0
      vertex 10.284700952470303 13.962518408894539 0
      vertex 10.143578812479973 13.99058935046196 0
    endloop
  endfacet
  facet normal 0 0 -1
    outer loop
      vertex 15 17 0
      vertex 10.420951776206493 13.916267484426498 0
      vertex 10.284700952470303 13.962518408894539 0
    endloop
  endfacet
  facet normal 0 0 -1
    outer loop
      vertex 15 17 0
      vertex 10.549999997019768 13.85262794047594 0
      vertex 10.420951776206493 13.916267484426498 0
    endloop
  endfacet
  facet normal 0 0 -1
    outer loop
      vertex 15 17 0
      vertex 10.669637568295002 13.772688671946526 0
      vertex 10.549999997019768 13.85262794047594 0
    endloop
  endfacet
  facet normal 0.06540314219103631 0.9978589223891016 0
    outer loop
      vertex 15 17 0
      vertex 15.261052384972572 16.982889719307423 9
      vertex 15.261052384972572 16.982889719307423 0
    endloop
  endfacet
  facet normal 0.1950903020954995 0.9807852843656898 0
    outer loop
      vertex 15.261052384972572 16.982889719307423 0
      vertex 15.517638087272644 16.931851655244827 9
      vertex 15.517638087272644 16.931851655244827 0
    endloop
  endfacet
  facet normal 0.32143945792867507 0.9469301319984066 0
    outer loop
      vertex 15.517638087272644 16.931851655244827 0
      vertex 15.765366867184639 16.847759068012238 9
      vertex 15.765366867184639 16.847759068012238 0
    endloop
  endfacet
  facet normal 0.4422887070837332 0.8968727332159228 0
    outer loop
      vertex 15.765366867184639 16.847759068012238 0
      vertex 16 16.73205080628395 9
      vertex 16 16.73205080628395 0
    endloop
  endfacet
  facet normal 0.9978589223891016 0.06540314219103631 0
    outer loop
      vertex 17 15 0
      vertex 16.982889719307423 15.261052384972572 0
      vertex 17 15 9
    endloop
  endfacet
  facet normal 0.9807852843656898 0.1950903020954995 0
    outer loop
      vertex 16.982889719307423 15.261052384972572 0
      vertex 16.931851655244827 15.517638087272644 0
      vertex 16.982889719307423 15.261052384972572 9
    endloop
  endfacet
  facet normal 0.9469301319984066 0.32143945792867507 0
    outer loop
      vertex 16.931851655244827 15.517638087272644 0
      vertex 16.847759068012238 15.765366867184639 0
      vertex 16.931851655244827 15.517638087272644 9
    endloop
  endfacet
  facet normal 0.8968727332159228 0.4422887070837332 0
    outer loop
      vertex 16.847759068012238 15.765366867184639 0
      vertex 16.73205080628395 16 0
      vertex 16.847759068012238 15.765366867184639 9
    endloop
  endfacet
  facet normal 0.5555702203832522 0.8314696207458843 0
    outer loop
      vertex 16 16.73205080628395 0
      vertex 16.217522859573364 16.586706683039665 9
      vertex 16.217522859573364 16.586706683039665 0
    endloop
  endfacet
  facet normal 0.6593458308664174 0.7518397936522605 0
    outer loop
      vertex 16.414213560521603 16.414213560521603 0
      vertex 16.217522859573364 16.586706683039665 0
      vertex 16.414213560521603 16.414213560521603 9
    endloop
  endfacet
  facet normal 0.8314696207458843 0.5555702203832522 0
    outer loop
      vertex 16.73205080628395 16 0
      vertex 16.586706683039665 16.217522859573364 0
      vertex 16.73205080628395 16 9
    endloop
  endfacet
  facet normal 0.7518397936522605 0.6593458308664174 0
    outer loop
      vertex 16.414213560521603 16.414213560521603 0
      vertex 16.586706683039665 16.217522859573364 9
      vertex 16.586706683039665 16.217522859573364 0
    endloop
  endfacet
  facet normal 0 0 1
    outer loop
      vertex -8.899999998509884 12.899999998509884 9
      vertex 9.856421187520027 -6.00941064953804 9
      vertex 10 -6 9
    endloop
  endfacet
  facet normal 0 0 1
    outer loop
      vertex -8.899999998509884 12.899999998509884 9
      vertex 10 -6 9
      vertex 10.143578812479973 -6.00941064953804 9
    endloop
  endfacet
  facet normal 0 0 1
    outer loop
      vertex -8.909410655498505 13.043578810989857 9
      vertex 10.143578812479973 -6.00941064953804 9
      vertex 10.284700952470303 -6.037481591105461 9
    endloop
  endfacet
  facet normal 0 0 1
    outer loop
      vertex -8.937481589615345 13.184700950980186 9
      vertex 10.284700952470303 -6.037481591105461 9
      vertex 10.420951776206493 -6.083732515573502 9
    endloop
  endfacet
  facet normal 0 0 1
    outer loop
      vertex -8.983732514083385 13.320951774716377 9
      vertex 10.420951776206493 -6.083732515573502 9
      vertex 10.549999997019768 -6.147372059524059 9
    endloop
  endfacet
  facet normal 0 0 1
    outer loop
      vertex -9.047372058033943 13.450000002980232 9
      vertex 10.549999997019768 -6.147372059524059 9
      vertex 9.579048223793507 6.083732515573502 9
    endloop
  endfacet
  facet normal 0 0 1
    outer loop
      vertex -15 17 9
      vertex 9.127311326563358 6.4303624257445335 9
      vertex 9.047372058033943 6.549999997019768 9
    endloop
  endfacet
  facet normal 0 0 1
    outer loop
      vertex -15 17 9
      vertex 9.047372058033943 6.549999997019768 9
      vertex 8.983732514083385 6.679048225283623 9
    endloop
  endfacet
  facet normal 0 0 1
    outer loop
      vertex -15 17 9
      vertex 8.983732514083385 6.679048225283623 9
      vertex 8.937481589615345 6.8152990490198135 9
    endloop
  endfacet
  facet normal 0 0 1
    outer loop
      vertex -15 17 9
      vertex 8.937481589615345 6.8152990490198135 9
      vertex 8.909410655498505 6.956421189010143 9
    endloop
  endfacet
  facet normal 0 0 1
    outer loop
      vertex -15 17 9
      vertex 8.909410655498505 6.956421189010143 9
      vertex 8.899999998509884 7.100000001490116 9
    endloop
  endfacet
  facet normal 0 0 1
    outer loop
      vertex -15 17 9
      vertex 9.222182542085648 6.322182543575764 9
      vertex 9.127311326563358 6.4303624257445335 9
    endloop
  endfacet
  facet normal 0 0 1
    outer loop
      vertex -15 17 9
      vertex 9.330362431704998 6.227311328053474 9
      vertex 9.222182542085648 6.322182543575764 9
    endloop
  endfacet
  facet normal 0 0 1
    outer loop
      vertex -15 17 9
      vertex 8.899999998509884 7.100000001490116 9
      vertex 8.899999998509884 12.899999998509884 9
    endloop
  endfacet
  facet normal 0 0 1
    outer loop
      vertex -9.047372058033943 13.450000002980232 9
      vertex 9.450000002980232 6.147372059524059 9
      vertex 9.330362431704998 6.227311328053474 9
    endloop
  endfacet
  facet normal 0 0 1
    outer loop
      vertex -9.047372058033943 13.450000002980232 9
      vertex 9.579048223793507 6.083732515573502 9
      vertex 9.450000002980232 6.147372059524059 9
    endloop
  endfacet
  facet normal 0 0 1
    outer loop
      vertex -15 17 9
      vertex 8.899999998509884 12.899999998509884 9
      vertex 8.909410655498505 13.043578810989857 9
    endloop
  endfacet
  facet normal 0 0 1
    outer loop
      vertex -15 17 9
      vertex 8.909410655498505 13.043578810989857 9
      vertex 8.937481589615345 13.184700950980186 9
    endloop
  endfacet
  facet normal 0 0 1
    outer loop
      vertex -15 17 9
      vertex 8.937481589615345 13.184700950980186 9
      vertex 8.983732514083385 13.320951774716377 9
    endloop
  endfacet
  facet normal 0 0 1
    outer loop
      vertex -15 17 9
      vertex 8.983732514083385 13.320951774716377 9
      vertex 9.047372058033943 13.450000002980232 9
    endloop
  endfacet
  facet normal 0 0 1
    outer loop
      vertex -15 17 9
      vertex 9.047372058033943 13.450000002980232 9
      vertex 9.127311326563358 13.569637574255466 9
    endloop
  endfacet
  facet normal 0 0 1
    outer loop
      vertex -15 17 9
      vertex 9.127311326563358 13.569637574255466 9
      vertex 9.222182542085648 13.677817456424236 9
    endloop
  endfacet
  facet normal 0 0 1
    outer loop
      vertex -15 17 9
      vertex 9.222182542085648 13.677817456424236 9
      vertex 9.330362431704998 13.772688671946526 9
    endloop
  endfacet
  facet normal 0 0 1
    outer loop
      vertex -15 17 9
      vertex 9.330362431704998 13.772688671946526 9
      vertex 9.450000002980232 13.85262794047594 9
    endloop
  endfacet
  facet normal 0 0 1
    outer loop
      vertex -15 17 9
      vertex 9.450000002980232 13.85262794047594 9
      vertex 9.579048223793507 13.916267484426498 9
    endloop
  endfacet
  facet normal 0 0 1
    outer loop
      vertex -15 17 9
      vertex 9.579048223793507 13.916267484426498 9
      vertex 9.715299047529697 13.962518408894539 9
    endloop
  endfacet
  facet normal 0 0 1
    outer loop
      vertex -15 17 9
      vertex 9.715299047529697 13.962518408894539 9
      vertex 9.856421187520027 13.99058935046196 9
    endloop
  endfacet
  facet normal 0 0 1
    outer loop
      vertex -15 17 9
      vertex 9.856421187520027 13.99058935046196 9
      vertex 10 14 9
    endloop
  endfacet
  facet normal 0 0 1
    outer loop
      vertex -15 17 9
      vertex 10 14 9
      vertex 10.143578812479973 13.99058935046196 9
    endloop
  endfacet
  facet normal 0 0 1
    outer loop
      vertex -15 17 9
      vertex 10.143578812479973 13.99058935046196 9
      vertex 15 17 9
    endloop
  endfacet
  facet normal 1 0 0
    outer loop
      vertex 17 -15 9
      vertex 17 15 0
      vertex 17 15 9
    endloop
  endfacet
  facet normal 0 0 1
    outer loop
      vertex 10.549999997019768 -6.147372059524059 9
      vertex 9.715299047529697 6.037481591105461 9
      vertex 9.579048223793507 6.083732515573502 9
    endloop
  endfacet
  facet normal 0 0 1
    outer loop
      vertex 10.549999997019768 -6.147372059524059 9
      vertex 9.856421187520027 6.00941064953804 9
      vertex 9.715299047529697 6.037481591105461 9
    endloop
  endfacet
  facet normal 0 0 1
    outer loop
      vertex 10.549999997019768 -6.147372059524059 9
      vertex 10 6 9
      vertex 9.856421187520027 6.00941064953804 9
    endloop
  endfacet
  facet normal 0 0 1
    outer loop
      vertex 10.549999997019768 -6.147372059524059 9
      vertex 10.143578812479973 6.00941064953804 9
      vertex 10 6 9
    endloop
  endfacet
  facet normal 0 0 1
    outer loop
      vertex 10.549999997019768 -6.147372059524059 9
      vertex 10.284700952470303 6.037481591105461 9
      vertex 10.143578812479973 6.00941064953804 9
    endloop
  endfacet
  facet normal 0 0 1
    outer loop
      vertex 10.549999997019768 -6.147372059524059 9
      vertex 10.420951776206493 6.083732515573502 9
      vertex 10.284700952470303 6.037481591105461 9
    endloop
  endfacet
  facet normal 0 0 1
    outer loop
      vertex 10.669637568295002 -6.227311328053474 9
      vertex 10.549999997019768 6.147372059524059 9
      vertex 10.420951776206493 6.083732515573502 9
    endloop
  endfacet
  facet normal 0 0 1
    outer loop
      vertex 10.777817457914352 -6.322182543575764 9
      vertex 10.669637568295002 6.227311328053474 9
      vertex 10.549999997019768 6.147372059524059 9
    endloop
  endfacet
  facet normal 0 0 1
    outer loop
      vertex 10.872688673436642 -6.4303624257445335 9
      vertex 10.777817457914352 6.322182543575764 9
      vertex 10.669637568295002 6.227311328053474 9
    endloop
  endfacet
  facet normal 0 0 1
    outer loop
      vertex 10.872688673436642 -6.4303624257445335 9
      vertex 10.872688673436642 6.4303624257445335 9
      vertex 10.777817457914352 6.322182543575764 9
    endloop
  endfacet
  facet normal 0 0 1
    outer loop
      vertex 10.952627941966057 -6.549999997019768 9
      vertex 10.952627941966057 6.549999997019768 9
      vertex 10.872688673436642 6.4303624257445335 9
    endloop
  endfacet
  facet normal 0 0 1
    outer loop
      vertex 11.016267485916615 -6.679048225283623 9
      vertex 11.016267485916615 6.679048225283623 9
      vertex 10.952627941966057 6.549999997019768 9
    endloop
  endfacet
  facet normal 0 0 1
    outer loop
      vertex 11.062518410384655 -6.8152990490198135 9
      vertex 11.062518410384655 6.8152990490198135 9
      vertex 11.016267485916615 6.679048225283623 9
    endloop
  endfacet
  facet normal 0 0 1
    outer loop
      vertex 11.090589344501495 -6.956421189010143 9
      vertex 11.090589344501495 6.956421189010143 9
      vertex 11.062518410384655 6.8152990490198135 9
    endloop
  endfacet
  facet normal 0 0 1
    outer loop
      vertex 15 -17 9
      vertex 15 17 9
      vertex 11.090589344501495 6.956421189010143 9
    endloop
  endfacet
  facet normal 0 0 1
    outer loop
      vertex 15.261052384972572 -16.982889719307423 9
      vertex 15.261052384972572 16.982889719307423 9
      vertex 15 17 9
    endloop
  endfacet
  facet normal 0 0 1
    outer loop
      vertex 15.517638087272644 -16.931851655244827 9
      vertex 15.517638087272644 16.931851655244827 9
      vertex 15.261052384972572 16.982889719307423 9
    endloop
  endfacet
  facet normal 0 0 1
    outer loop
      vertex 15.765366867184639 -16.847759068012238 9
      vertex 15.765366867184639 16.847759068012238 9
      vertex 15.517638087272644 16.931851655244827 9
    endloop
  endfacet
  facet normal 0 0 1
    outer loop
      vertex 16 -16.73205080628395 9
      vertex 16 16.73205080628395 9
      vertex 15.765366867184639 16.847759068012238 9
    endloop
  endfacet
  facet normal 0 0 1
    outer loop
      vertex 17 -15 9
      vertex 17 15 9
      vertex 16.982889719307423 15.261052384972572 9
    endloop
  endfacet
  facet normal 0 0 1
    outer loop
      vertex 16.982889719307423 -15.261052384972572 9
      vertex 16.982889719307423 15.261052384972572 9
      vertex 16.931851655244827 15.517638087272644 9
    endloop
  endfacet
  facet normal 0 0 1
    outer loop
      vertex 16.931851655244827 -15.517638087272644 9
      vertex 16.931851655244827 15.517638087272644 9
      vertex 16.847759068012238 15.765366867184639 9
    endloop
  endfacet
  facet normal 0 0 1
    outer loop
      vertex 16.217522859573364 -16.586706683039665 9
      vertex 16.217522859573364 16.586706683039665 9
      vertex 16 16.73205080628395 9
    endloop
  endfacet
  facet normal 0 0 1
    outer loop
      vertex 16.414213560521603 -16.414213560521603 9
      vertex 16.414213560521603 16.414213560521603 9
      vertex 16.217522859573364 16.586706683039665 9
    endloop
  endfacet
  facet normal 0 0 1
    outer loop
      vertex 16.586706683039665 -16.217522859573364 9
      vertex 16.586706683039665 16.217522859573364 9
      vertex 16.414213560521603 16.414213560521603 9
    endloop
  endfacet
  facet normal 0 0 1
    outer loop
      vertex 16.73205080628395 -16 9
      vertex 16.73205080628395 16 9
      vertex 16.586706683039665 16.217522859573364 9
    endloop
  endfacet
  facet normal 0 0 1
    outer loop
      vertex 16.847759068012238 -15.765366867184639 9
      vertex 16.847759068012238 15.765366867184639 9
      vertex 16.73205080628395 16 9
    endloop
  endfacet
  facet normal 0.06540314219103631 0.9978589223891016 0
    outer loop
      vertex 15 17 0
      vertex 15 17 9
      vertex 15.261052384972572 16.982889719307423 9
    endloop
  endfacet
  facet normal 0.1950903020954995 0.9807852843656898 0
    outer loop
      vertex 15.261052384972572 16.982889719307423 0
      vertex 15.261052384972572 16.982889719307423 9
      vertex 15.517638087272644 16.931851655244827 9
    endloop
  endfacet
  facet normal 0.32143945792867507 0.9469301319984066 0
    outer loop
      vertex 15.517638087272644 16.931851655244827 0
      vertex 15.517638087272644 16.931851655244827 9
      vertex 15.765366867184639 16.847759068012238 9
    endloop
  endfacet
  facet normal 0.4422887070837332 0.8968727332159228 0
    outer loop
      vertex 15.765366867184639 16.847759068012238 0
      vertex 15.765366867184639 16.847759068012238 9
      vertex 16 16.73205080628395 9
    endloop
  endfacet
  facet normal 0.9978589223891016 0.06540314219103631 0
    outer loop
      vertex 16.982889719307423 15.261052384972572 0
      vertex 16.982889719307423 15.261052384972572 9
      vertex 17 15 9
    endloop
  endfacet
  facet normal 0.9807852843656898 0.1950903020954995 0
    outer loop
      vertex 16.931851655244827 15.517638087272644 0
      vertex 16.931851655244827 15.517638087272644 9
      vertex 16.982889719307423 15.261052384972572 9
    endloop
  endfacet
  facet normal 0.8968727332159228 0.4422887070837332 0
    outer loop
      vertex 16.73205080628395 16 0
      vertex 16.73205080628395 16 9
      vertex 16.847759068012238 15.765366867184639 9
    endloop
  endfacet
  facet normal 0.9469301319984066 0.32143945792867507 0
    outer loop
      vertex 16.847759068012238 15.765366867184639 0
      vertex 16.847759068012238 15.765366867184639 9
      vertex 16.931851655244827 15.517638087272644 9
    endloop
  endfacet
  facet normal 0.5555702203832522 0.8314696207458843 0
    outer loop
      vertex 16 16.73205080628395 0
      vertex 16 16.73205080628395 9
      vertex 16.217522859573364 16.586706683039665 9
    endloop
  endfacet
  facet normal 0.6593458308664174 0.7518397936522605 0
    outer loop
      vertex 16.217522859573364 16.586706683039665 0
      vertex 16.217522859573364 16.586706683039665 9
      vertex 16.414213560521603 16.414213560521603 9
    endloop
  endfacet
  facet normal 0.8314696207458843 0.5555702203832522 0
    outer loop
      vertex 16.586706683039665 16.217522859573364 0
      vertex 16.586706683039665 16.217522859573364 9
      vertex 16.73205080628395 16 9
    endloop
  endfacet
  facet normal 0.7518397936522605 0.6593458308664174 0
    outer loop
      vertex 16.414213560521603 16.414213560521603 0
      vertex 16.414213560521603 16.414213560521603 9
      vertex 16.586706683039665 16.217522859573364 9
    endloop
  endfacet
  facet normal 0 0 1
    outer loop
      vertex 15 17 9
      vertex 11.100000001490116 7.100000001490116 9
      vertex 11.090589344501495 6.956421189010143 9
    endloop
  endfacet
  facet normal 0 0 1
    outer loop
      vertex 15 17 9
      vertex 11.100000001490116 12.899999998509884 9
      vertex 11.100000001490116 7.100000001490116 9
    endloop
  endfacet
  facet normal 0 0 1
    outer loop
      vertex 15 17 9
      vertex 10.669637568295002 13.772688671946526 9
      vertex 10.777817457914352 13.677817456424236 9
    endloop
  endfacet
  facet normal 0 0 1
    outer loop
      vertex 15 17 9
      vertex 10.777817457914352 13.677817456424236 9
      vertex 10.872688673436642 13.569637574255466 9
    endloop
  endfacet
  facet normal 0 0 1
    outer loop
      vertex 15 17 9
      vertex 11.090589344501495 13.043578810989857 9
      vertex 11.100000001490116 12.899999998509884 9
    endloop
  endfacet
  facet normal 0 0 1
    outer loop
      vertex 15 17 9
      vertex 10.952627941966057 13.450000002980232 9
      vertex 11.016267485916615 13.320951774716377 9
    endloop
  endfacet
  facet normal 0 0 1
    outer loop
      vertex 15 17 9
      vertex 11.062518410384655 13.184700950980186 9
      vertex 11.090589344501495 13.043578810989857 9
    endloop
  endfacet
  facet normal 0 0 1
    outer loop
      vertex 15 17 9
      vertex 11.016267485916615 13.320951774716377 9
      vertex 11.062518410384655 13.184700950980186 9
    endloop
  endfacet
  facet normal 0 0 1
    outer loop
      vertex 15 17 9
      vertex 10.872688673436642 13.569637574255466 9
      vertex 10.952627941966057 13.450000002980232 9
    endloop
  endfacet
  facet normal 0 0 1
    outer loop
      vertex 15 17 9
      vertex 10.143578812479973 13.99058935046196 9
      vertex 10.284700952470303 13.962518408894539 9
    endloop
  endfacet
  facet normal 0 0 1
    outer loop
      vertex 15 17 9
      vertex 10.284700952470303 13.962518408894539 9
      vertex 10.420951776206493 13.916267484426498 9
    endloop
  endfacet
  facet normal 0 0 1
    outer loop
      vertex 15 17 9
      vertex 10.420951776206493 13.916267484426498 9
      vertex 10.549999997019768 13.85262794047594 9
    endloop
  endfacet
  facet normal 0 0 1
    outer loop
      vertex 15 17 9
      vertex 10.549999997019768 13.85262794047594 9
      vertex 10.669637568295002 13.772688671946526 9
    endloop
  endfacet
endsolid OpenSCAD_Model
