solid OpenSCAD_Model
  facet normal -1 0 0
    outer loop
      vertex -16 -15.431 78.95
      vertex -16 -15.431 79
      vertex -16 15.431 78.95
    endloop
  endfacet
  facet normal -0.7134481606094224 0 -0.700708014884254
    outer loop
      vertex -16 -15.431 78.95
      vertex -5 5 67.75
      vertex -5 -5 67.75
    endloop
  endfacet
  facet normal 0 -1 0
    outer loop
      vertex -16 -15.431 78.95
      vertex 16 -15.431 79
      vertex -16 -15.431 79
    endloop
  endfacet
  facet normal -8.003714619710553e-18 -0.7317827240497627 -0.6815379995145602
    outer loop
      vertex -16 -15.431 78.95
      vertex -5 -5 67.75
      vertex 5 -5 67.75
    endloop
  endfacet
  facet normal -1 0 0
    outer loop
      vertex -16 -15.431 79
      vertex -16 15.431 79
      vertex -16 15.431 78.95
    endloop
  endfacet
  facet normal -0.7134481606094224 0 -0.7007080148842539
    outer loop
      vertex -16 -15.431 78.95
      vertex -16 15.431 78.95
      vertex -5 5 67.75
    endloop
  endfacet
  facet normal 8.003714619710553e-18 0.7317827240497627 -0.6815379995145602
    outer loop
      vertex -16 15.431 78.95
      vertex 5 5 67.75
      vertex -5 5 67.75
    endloop
  endfacet
  facet normal 0 1 0
    outer loop
      vertex -16 15.431 78.95
      vertex -16 15.431 79
      vertex 16 15.431 79
    endloop
  endfacet
  facet normal 0 -0.7317827240497629 -0.6815379995145602
    outer loop
      vertex -16 -15.431 78.95
      vertex 5 -5 67.75
      vertex 16 -15.431 78.95
    endloop
  endfacet
  facet normal 0 -1 0
    outer loop
      vertex -16 -15.431 78.95
      vertex 16 -15.431 78.95
      vertex 16 -15.431 79
    endloop
  endfacet
  facet normal 0.7134481606094223 0 -0.7007080148842539
    outer loop
      vertex 5 -5 67.75
      vertex 5 5 67.75
      vertex 16 -15.431 78.95
    endloop
  endfacet
  facet normal 0 0.7317827240497629 -0.6815379995145602
    outer loop
      vertex -16 15.431 78.95
      vertex 16 15.431 78.95
      vertex 5 5 67.75
    endloop
  endfacet
  facet normal 0 1 0
    outer loop
      vertex -16 15.431 78.95
      vertex 16 15.431 79
      vertex 16 15.431 78.95
    endloop
  endfacet
  facet normal 0.7134481606094224 0 -0.7007080148842539
    outer loop
      vertex 16 -15.431 78.95
      vertex 5 5 67.75
      vertex 16 15.431 78.95
    endloop
  endfacet
  facet normal -1 0 0
    outer loop
      vertex -16 -15.431 79
      vertex -16 -15.431 93.07000000000001
      vertex -16 15.431 93.07000000000001
    endloop
  endfacet
  facet normal 0 0 1
    outer loop
      vertex -16 -15.431 93.07000000000001
      vertex -14 -13.431 93.07000000000001
      vertex -14 13.431 93.07000000000001
    endloop
  endfacet
  facet normal 0 -1 0
    outer loop
      vertex -16 -15.431 79
      vertex 16 -15.431 79
      vertex -16 -15.431 93.07000000000001
    endloop
  endfacet
  facet normal 0 0 1
    outer loop
      vertex -16 -15.431 93.07000000000001
      vertex 16 -15.431 93.07000000000001
      vertex -14 -13.431 93.07000000000001
    endloop
  endfacet
  facet normal -1 0 0
    outer loop
      vertex -16 -15.431 79
      vertex -16 15.431 93.07000000000001
      vertex -16 15.431 79
    endloop
  endfacet
  facet normal 0 0 1
    outer loop
      vertex -16 -15.431 93.07000000000001
      vertex -14 13.431 93.07000000000001
      vertex -16 15.431 93.07000000000001
    endloop
  endfacet
  facet normal 0 1 0
    outer loop
      vertex -16 15.431 79
      vertex -16 15.431 93.07000000000001
      vertex -8.2 15.431 80.95
    endloop
  endfacet
  facet normal 0 0 1
    outer loop
      vertex -16 15.431 93.07000000000001
      vertex -14 13.431 93.07000000000001
      vertex -8.2 13.431 93.07000000000001
    endloop
  endfacet
  facet normal 0 0 1
    outer loop
      vertex -16 15.431 93.07000000000001
      vertex -8.2 13.431 93.07000000000001
      vertex -8.2 15.431 93.07000000000001
    endloop
  endfacet
  facet normal 0 1 0
    outer loop
      vertex -16 15.431 93.07000000000001
      vertex -8.2 15.431 93.07000000000001
      vertex -8.2 15.431 80.95
    endloop
  endfacet
  facet normal 0 1 0
    outer loop
      vertex -16 15.431 79
      vertex -8.2 15.431 80.95
      vertex 8.2 15.431 80.95
    endloop
  endfacet
  facet normal 0 -1 0
    outer loop
      vertex -16 -15.431 93.07000000000001
      vertex 16 -15.431 79
      vertex 16 -15.431 93.07000000000001
    endloop
  endfacet
  facet normal 0 0 1
    outer loop
      vertex -14 -13.431 93.07000000000001
      vertex 16 -15.431 93.07000000000001
      vertex 14 -13.431 93.07000000000001
    endloop
  endfacet
  facet normal 1 0 0
    outer loop
      vertex 16 -15.431 78.95
      vertex 16 15.431 78.95
      vertex 16 -15.431 79
    endloop
  endfacet
  facet normal 1 0 0
    outer loop
      vertex 16 -15.431 79
      vertex 16 15.431 78.95
      vertex 16 -15.431 93.07000000000001
    endloop
  endfacet
  facet normal 0 0 1
    outer loop
      vertex 14 -13.431 93.07000000000001
      vertex 16 -15.431 93.07000000000001
      vertex 16 15.431 93.07000000000001
    endloop
  endfacet
  facet normal 0 1 0
    outer loop
      vertex -16 15.431 79
      vertex 8.2 15.431 80.95
      vertex 16 15.431 79
    endloop
  endfacet
  facet normal 0 0 1
    outer loop
      vertex 14 -13.431 93.07000000000001
      vertex 16 15.431 93.07000000000001
      vertex 14 13.431 93.07000000000001
    endloop
  endfacet
  facet normal 1 0 0
    outer loop
      vertex 16 -15.431 93.07000000000001
      vertex 16 15.431 78.95
      vertex 16 15.431 79
    endloop
  endfacet
  facet normal 1 0 0
    outer loop
      vertex 16 -15.431 93.07000000000001
      vertex 16 15.431 79
      vertex 16 15.431 93.07000000000001
    endloop
  endfacet
  facet normal 0 0 1
    outer loop
      vertex 8.2 13.431 93.07000000000001
      vertex 14 13.431 93.07000000000001
      vertex 8.2 15.431 93.07000000000001
    endloop
  endfacet
  facet normal 0 0 1
    outer loop
      vertex 8.2 15.431 93.07000000000001
      vertex 14 13.431 93.07000000000001
      vertex 16 15.431 93.07000000000001
    endloop
  endfacet
  facet normal 0 1 0
    outer loop
      vertex 8.2 15.431 80.95
      vertex 8.2 15.431 93.07000000000001
      vertex 16 15.431 79
    endloop
  endfacet
  facet normal 0 1 0
    outer loop
      vertex 8.2 15.431 93.07000000000001
      vertex 16 15.431 93.07000000000001
      vertex 16 15.431 79
    endloop
  endfacet
  facet normal 0 0 1
    outer loop
      vertex -14 -13.431 80.95
      vertex -12.090990257669732 -11.521990257669732 80.95
      vertex -12.285045015655278 -11.30071321526962 80.95
    endloop
  endfacet
  facet normal 0 0 1
    outer loop
      vertex -14 -13.431 80.95
      vertex -12.285045015655278 -11.30071321526962 80.95
      vertex -12.448557158514987 -11.056 80.95
    endloop
  endfacet
  facet normal 0 0 1
    outer loop
      vertex -14 -13.431 80.95
      vertex -12.448557158514987 -11.056 80.95
      vertex -12.578728948150395 -10.792037722821451 80.95
    endloop
  endfacet
  facet normal 0 0 1
    outer loop
      vertex -14 -13.431 80.95
      vertex -12.578728948150395 -10.792037722821451 80.95
      vertex -12.673333109150404 -10.51334285148067 80.95
    endloop
  endfacet
  facet normal 0 0 1
    outer loop
      vertex -14 -13.431 80.95
      vertex -12.730750938091074 -10.224683932495115 80.95
      vertex -12.75 -9.931 80.95
    endloop
  endfacet
  facet normal 0 0 1
    outer loop
      vertex -14 -13.431 80.95
      vertex -12.673333109150404 -10.51334285148067 80.95
      vertex -12.730750938091074 -10.224683932495115 80.95
    endloop
  endfacet
  facet normal 0 0 1
    outer loop
      vertex -14 -13.431 80.95
      vertex -12.75 -9.931 80.95
      vertex -12.730750938091074 -9.637316067504884 80.95
    endloop
  endfacet
  facet normal 0 0 1
    outer loop
      vertex -14 -13.431 80.95
      vertex -11.869713215269622 -11.71604501565528 80.95
      vertex -12.090990257669732 -11.521990257669732 80.95
    endloop
  endfacet
  facet normal 0 0 1
    outer loop
      vertex -14 -13.431 80.95
      vertex -11.625 -11.879557158514986 80.95
      vertex -11.869713215269622 -11.71604501565528 80.95
    endloop
  endfacet
  facet normal 0 0 1
    outer loop
      vertex -14 -13.431 80.95
      vertex -11.361037722821452 -12.009728948150395 80.95
      vertex -11.625 -11.879557158514986 80.95
    endloop
  endfacet
  facet normal 0 0 1
    outer loop
      vertex -14 -13.431 80.95
      vertex -11.082342851480671 -12.104333109150403 80.95
      vertex -11.361037722821452 -12.009728948150395 80.95
    endloop
  endfacet
  facet normal 0 0 1
    outer loop
      vertex -14 -13.431 80.95
      vertex -10.793683932495115 -12.161750938091073 80.95
      vertex -11.082342851480671 -12.104333109150403 80.95
    endloop
  endfacet
  facet normal 0 0 1
    outer loop
      vertex -14 -13.431 80.95
      vertex -10.5 -12.181 80.95
      vertex -10.793683932495115 -12.161750938091073 80.95
    endloop
  endfacet
  facet normal 1 0 0
    outer loop
      vertex -14 -13.431 80.95
      vertex -14 13.431 93.07000000000001
      vertex -14 -13.431 93.07000000000001
    endloop
  endfacet
  facet normal 0 0 1
    outer loop
      vertex -14 -13.431 80.95
      vertex -12.090990257669732 0.9780097423302687 80.95
      vertex -12.285045015655278 1.1992867847303794 80.95
    endloop
  endfacet
  facet normal 0 0 1
    outer loop
      vertex -14 -13.431 80.95
      vertex -12.578728948150395 1.7079622771785488 80.95
      vertex -12.673333109150404 1.9866571485193292 80.95
    endloop
  endfacet
  facet normal 0 0 1
    outer loop
      vertex -14 -13.431 80.95
      vertex -12.285045015655278 1.1992867847303794 80.95
      vertex -12.448557158514987 1.4440000000000008 80.95
    endloop
  endfacet
  facet normal 0 0 1
    outer loop
      vertex -14 -13.431 80.95
      vertex -12.448557158514987 1.4440000000000008 80.95
      vertex -12.578728948150395 1.7079622771785488 80.95
    endloop
  endfacet
  facet normal 0 0 1
    outer loop
      vertex -14 -13.431 80.95
      vertex -12.673333109150404 1.9866571485193292 80.95
      vertex -12.730750938091074 2.275316067504885 80.95
    endloop
  endfacet
  facet normal 0 0 1
    outer loop
      vertex -14 -13.431 80.95
      vertex -12.730750938091074 2.275316067504885 80.95
      vertex -12.75 2.569000000000001 80.95
    endloop
  endfacet
  facet normal 0 0 1
    outer loop
      vertex -14 -13.431 80.95
      vertex -12.75 2.569000000000001 80.95
      vertex -12.730750938091074 2.8626839324951168 80.95
    endloop
  endfacet
  facet normal 0 0 1
    outer loop
      vertex -14 -13.431 80.95
      vertex -12.730750938091074 -9.637316067504884 80.95
      vertex -11.082342851480671 0.39566689084959705 80.95
    endloop
  endfacet
  facet normal 0 0 1
    outer loop
      vertex -12.730750938091074 -9.637316067504884 80.95
      vertex -12.673333109150404 -9.348657148519328 80.95
      vertex -11.082342851480671 0.39566689084959705 80.95
    endloop
  endfacet
  facet normal 0 0 1
    outer loop
      vertex -12.673333109150404 -9.348657148519328 80.95
      vertex -12.578728948150395 -9.069962277178547 80.95
      vertex -11.082342851480671 0.39566689084959705 80.95
    endloop
  endfacet
  facet normal 0 0 1
    outer loop
      vertex -12.578728948150395 -9.069962277178547 80.95
      vertex -12.448557158514987 -8.806 80.95
      vertex -11.082342851480671 0.39566689084959705 80.95
    endloop
  endfacet
  facet normal 0 0 1
    outer loop
      vertex -12.448557158514987 -8.806 80.95
      vertex -12.285045015655278 -8.561286784730378 80.95
      vertex -11.082342851480671 0.39566689084959705 80.95
    endloop
  endfacet
  facet normal 0 0 1
    outer loop
      vertex -12.285045015655278 -8.561286784730378 80.95
      vertex -12.090990257669732 -8.340009742330267 80.95
      vertex -11.082342851480671 0.39566689084959705 80.95
    endloop
  endfacet
  facet normal 0 0 1
    outer loop
      vertex -12.090990257669732 -8.340009742330267 80.95
      vertex -11.869713215269622 -8.14595498434472 80.95
      vertex -11.082342851480671 0.39566689084959705 80.95
    endloop
  endfacet
  facet normal 0 0 1
    outer loop
      vertex -11.869713215269622 -8.14595498434472 80.95
      vertex -11.625 -7.982442841485012 80.95
      vertex -11.082342851480671 0.39566689084959705 80.95
    endloop
  endfacet
  facet normal 0 0 1
    outer loop
      vertex -11.625 -7.982442841485012 80.95
      vertex -11.361037722821452 -7.852271051849604 80.95
      vertex -11.082342851480671 0.39566689084959705 80.95
    endloop
  endfacet
  facet normal 0 0 1
    outer loop
      vertex -11.361037722821452 -7.852271051849604 80.95
      vertex -11.082342851480671 -7.757666890849595 80.95
      vertex -11.082342851480671 0.39566689084959705 80.95
    endloop
  endfacet
  facet normal 0 0 1
    outer loop
      vertex -11.082342851480671 -7.757666890849595 80.95
      vertex -10.793683932495115 -7.700249061908925 80.95
      vertex -11.082342851480671 0.39566689084959705 80.95
    endloop
  endfacet
  facet normal 0 0 1
    outer loop
      vertex -10.793683932495115 -7.700249061908925 80.95
      vertex -10.5 -7.680999999999999 80.95
      vertex -10.793683932495115 0.33824906190892756 80.95
    endloop
  endfacet
  facet normal 0 0 1
    outer loop
      vertex -10.5 -7.680999999999999 80.95
      vertex -10.206316067504885 -7.700249061908925 80.95
      vertex -10.5 0.31900000000000084 80.95
    endloop
  endfacet
  facet normal 0 0 1
    outer loop
      vertex -10.206316067504885 -7.700249061908925 80.95
      vertex -9.917657148519329 -7.757666890849595 80.95
      vertex -10.206316067504885 0.33824906190892756 80.95
    endloop
  endfacet
  facet normal 0 0 1
    outer loop
      vertex -9.917657148519329 -7.757666890849595 80.95
      vertex -9.638962277178548 -7.852271051849604 80.95
      vertex -9.917657148519329 0.39566689084959705 80.95
    endloop
  endfacet
  facet normal 0 0 1
    outer loop
      vertex -9.638962277178548 -7.852271051849604 80.95
      vertex -9.375 -7.982442841485012 80.95
      vertex -9.638962277178548 0.49027105184960584 80.95
    endloop
  endfacet
  facet normal 0 0 1
    outer loop
      vertex -14 -13.431 80.95
      vertex -11.625 0.620442841485014 80.95
      vertex -11.869713215269622 0.7839549843447218 80.95
    endloop
  endfacet
  facet normal 0 0 1
    outer loop
      vertex -14 -13.431 80.95
      vertex -11.869713215269622 0.7839549843447218 80.95
      vertex -12.090990257669732 0.9780097423302687 80.95
    endloop
  endfacet
  facet normal 0 0 1
    outer loop
      vertex -14 -13.431 80.95
      vertex -11.361037722821452 0.49027105184960584 80.95
      vertex -11.625 0.620442841485014 80.95
    endloop
  endfacet
  facet normal 0 0 1
    outer loop
      vertex -14 -13.431 80.95
      vertex -11.082342851480671 0.39566689084959705 80.95
      vertex -11.361037722821452 0.49027105184960584 80.95
    endloop
  endfacet
  facet normal 0 0 1
    outer loop
      vertex -10.793683932495115 -7.700249061908925 80.95
      vertex -10.793683932495115 0.33824906190892756 80.95
      vertex -11.082342851480671 0.39566689084959705 80.95
    endloop
  endfacet
  facet normal 0 0 1
    outer loop
      vertex -10.5 -7.680999999999999 80.95
      vertex -10.5 0.31900000000000084 80.95
      vertex -10.793683932495115 0.33824906190892756 80.95
    endloop
  endfacet
  facet normal 0 0 1
    outer loop
      vertex -10.206316067504885 -7.700249061908925 80.95
      vertex -10.206316067504885 0.33824906190892756 80.95
      vertex -10.5 0.31900000000000084 80.95
    endloop
  endfacet
  facet normal 0 0 1
    outer loop
      vertex -9.917657148519329 -7.757666890849595 80.95
      vertex -9.917657148519329 0.39566689084959705 80.95
      vertex -10.206316067504885 0.33824906190892756 80.95
    endloop
  endfacet
  facet normal 0 0 1
    outer loop
      vertex -9.638962277178548 -7.852271051849604 80.95
      vertex -9.638962277178548 0.49027105184960584 80.95
      vertex -9.917657148519329 0.39566689084959705 80.95
    endloop
  endfacet
  facet normal 0 0 1
    outer loop
      vertex -9.375 -7.982442841485012 80.95
      vertex -9.375 0.620442841485014 80.95
      vertex -9.638962277178548 0.49027105184960584 80.95
    endloop
  endfacet
  facet normal 0 0 1
    outer loop
      vertex -9.375 -7.982442841485012 80.95
      vertex -9.130286784730378 0.7839549843447218 80.95
      vertex -9.375 0.620442841485014 80.95
    endloop
  endfacet
  facet normal 0 0 1
    outer loop
      vertex -9.375 -7.982442841485012 80.95
      vertex -8.909009742330268 0.9780097423302687 80.95
      vertex -9.130286784730378 0.7839549843447218 80.95
    endloop
  endfacet
  facet normal 0 0 1
    outer loop
      vertex -9.375 -7.982442841485012 80.95
      vertex -8.714954984344722 1.1992867847303794 80.95
      vertex -8.909009742330268 0.9780097423302687 80.95
    endloop
  endfacet
  facet normal 0 0 1
    outer loop
      vertex -9.375 -7.982442841485012 80.95
      vertex -8.551442841485013 1.4440000000000008 80.95
      vertex -8.714954984344722 1.1992867847303794 80.95
    endloop
  endfacet
  facet normal 0 0 1
    outer loop
      vertex -9.375 -7.982442841485012 80.95
      vertex -8.421271051849605 1.7079622771785488 80.95
      vertex -8.551442841485013 1.4440000000000008 80.95
    endloop
  endfacet
  facet normal 0 0 1
    outer loop
      vertex -9.375 -7.982442841485012 80.95
      vertex -8.326666890849596 1.9866571485193292 80.95
      vertex -8.421271051849605 1.7079622771785488 80.95
    endloop
  endfacet
  facet normal 0 0 1
    outer loop
      vertex -9.375 -7.982442841485012 80.95
      vertex -8.269249061908926 2.275316067504885 80.95
      vertex -8.326666890849596 1.9866571485193292 80.95
    endloop
  endfacet
  facet normal 0 1 0
    outer loop
      vertex -14 -13.431 80.95
      vertex -14 -13.431 93.07000000000001
      vertex 14 -13.431 80.95
    endloop
  endfacet
  facet normal 0 0 1
    outer loop
      vertex -14 -13.431 80.95
      vertex 14 -13.431 80.95
      vertex -10.5 -12.181 80.95
    endloop
  endfacet
  facet normal 0 0 1
    outer loop
      vertex -9.638962277178548 -12.009728948150395 80.95
      vertex 9.375 -11.879557158514986 80.95
      vertex -9.375 -11.879557158514986 80.95
    endloop
  endfacet
  facet normal 0 0 1
    outer loop
      vertex -9.375 -11.879557158514986 80.95
      vertex 9.130286784730378 -11.71604501565528 80.95
      vertex -9.130286784730378 -11.71604501565528 80.95
    endloop
  endfacet
  facet normal 0 0 1
    outer loop
      vertex -10.5 -12.181 80.95
      vertex 14 -13.431 80.95
      vertex -10.206316067504885 -12.161750938091073 80.95
    endloop
  endfacet
  facet normal 0 0 1
    outer loop
      vertex -9.130286784730378 -11.71604501565528 80.95
      vertex 8.909009742330268 -11.521990257669732 80.95
      vertex -8.909009742330268 -11.521990257669732 80.95
    endloop
  endfacet
  facet normal 0 0 1
    outer loop
      vertex -8.909009742330268 -11.521990257669732 80.95
      vertex 8.714954984344722 -11.30071321526962 80.95
      vertex -8.714954984344722 -11.30071321526962 80.95
    endloop
  endfacet
  facet normal 0 0 1
    outer loop
      vertex -8.714954984344722 -11.30071321526962 80.95
      vertex 8.551442841485013 -11.056 80.95
      vertex -8.551442841485013 -11.056 80.95
    endloop
  endfacet
  facet normal 0 0 1
    outer loop
      vertex -8.551442841485013 -11.056 80.95
      vertex 8.421271051849605 -10.792037722821451 80.95
      vertex -8.421271051849605 -10.792037722821451 80.95
    endloop
  endfacet
  facet normal 0 0 1
    outer loop
      vertex -8.421271051849605 -10.792037722821451 80.95
      vertex 8.326666890849596 -10.51334285148067 80.95
      vertex -8.326666890849596 -10.51334285148067 80.95
    endloop
  endfacet
  facet normal 0 0 1
    outer loop
      vertex -8.326666890849596 -10.51334285148067 80.95
      vertex 8.269249061908926 -10.224683932495115 80.95
      vertex -8.269249061908926 -10.224683932495115 80.95
    endloop
  endfacet
  facet normal 0 0 1
    outer loop
      vertex -8.269249061908926 -10.224683932495115 80.95
      vertex 8.25 -9.931 80.95
      vertex -8.25 -9.931 80.95
    endloop
  endfacet
  facet normal 0 0 1
    outer loop
      vertex -8.25 -9.931 80.95
      vertex 8.269249061908926 -9.637316067504884 80.95
      vertex -8.269249061908926 -9.637316067504884 80.95
    endloop
  endfacet
  facet normal 0 0 1
    outer loop
      vertex -8.269249061908926 -9.637316067504884 80.95
      vertex 8.326666890849596 -9.348657148519328 80.95
      vertex -8.326666890849596 -9.348657148519328 80.95
    endloop
  endfacet
  facet normal 0 0 1
    outer loop
      vertex -8.326666890849596 -9.348657148519328 80.95
      vertex 8.421271051849605 -9.069962277178547 80.95
      vertex -8.421271051849605 -9.069962277178547 80.95
    endloop
  endfacet
  facet normal 0 0 1
    outer loop
      vertex -8.551442841485013 -8.806 80.95
      vertex -8.421271051849605 -9.069962277178547 80.95
      vertex 8.551442841485013 -8.806 80.95
    endloop
  endfacet
  facet normal 0 0 1
    outer loop
      vertex -10.206316067504885 -12.161750938091073 80.95
      vertex 14 -13.431 80.95
      vertex -9.917657148519329 -12.104333109150403 80.95
    endloop
  endfacet
  facet normal 0 0 1
    outer loop
      vertex -9.917657148519329 -12.104333109150403 80.95
      vertex 14 -13.431 80.95
      vertex -9.638962277178548 -12.009728948150395 80.95
    endloop
  endfacet
  facet normal 0 0 1
    outer loop
      vertex -9.375 -7.982442841485012 80.95
      vertex -9.130286784730378 -8.14595498434472 80.95
      vertex 8.2 13.431 80.95
    endloop
  endfacet
  facet normal 0 0 1
    outer loop
      vertex -9.130286784730378 -8.14595498434472 80.95
      vertex -8.909009742330268 -8.340009742330267 80.95
      vertex 8.2 13.431 80.95
    endloop
  endfacet
  facet normal 0 0 1
    outer loop
      vertex -8.714954984344722 -8.561286784730378 80.95
      vertex 8.2 13.431 80.95
      vertex -8.909009742330268 -8.340009742330267 80.95
    endloop
  endfacet
  facet normal 0 0 1
    outer loop
      vertex -8.551442841485013 -8.806 80.95
      vertex 14 13.431 80.95
      vertex -8.714954984344722 -8.561286784730378 80.95
    endloop
  endfacet
  facet normal 0 0 1
    outer loop
      vertex -14 -13.431 80.95
      vertex -12.730750938091074 2.8626839324951168 80.95
      vertex -14 13.431 80.95
    endloop
  endfacet
  facet normal 0 0 1
    outer loop
      vertex -12.730750938091074 2.8626839324951168 80.95
      vertex -12.673333109150404 3.1513428514806723 80.95
      vertex -14 13.431 80.95
    endloop
  endfacet
  facet normal 0 0 1
    outer loop
      vertex -12.673333109150404 3.1513428514806723 80.95
      vertex -12.578728948150395 3.430037722821453 80.95
      vertex -14 13.431 80.95
    endloop
  endfacet
  facet normal 0 0 1
    outer loop
      vertex -12.578728948150395 3.430037722821453 80.95
      vertex -12.448557158514987 3.694000000000001 80.95
      vertex -14 13.431 80.95
    endloop
  endfacet
  facet normal 0 0 1
    outer loop
      vertex -12.448557158514987 3.694000000000001 80.95
      vertex -12.285045015655278 3.9387132152696225 80.95
      vertex -14 13.431 80.95
    endloop
  endfacet
  facet normal 0 0 1
    outer loop
      vertex -12.285045015655278 3.9387132152696225 80.95
      vertex -12.090990257669732 4.159990257669733 80.95
      vertex -14 13.431 80.95
    endloop
  endfacet
  facet normal 1 0 0
    outer loop
      vertex -14 -13.431 80.95
      vertex -14 13.431 80.95
      vertex -14 13.431 93.07000000000001
    endloop
  endfacet
  facet normal 0 0 1
    outer loop
      vertex -12.090990257669732 4.159990257669733 80.95
      vertex -11.869713215269622 4.35404501565528 80.95
      vertex -14 13.431 80.95
    endloop
  endfacet
  facet normal 0 0 1
    outer loop
      vertex -11.869713215269622 4.35404501565528 80.95
      vertex -11.625 4.517557158514988 80.95
      vertex -14 13.431 80.95
    endloop
  endfacet
  facet normal 0 0 1
    outer loop
      vertex -11.625 4.517557158514988 80.95
      vertex -11.361037722821452 4.647728948150396 80.95
      vertex -14 13.431 80.95
    endloop
  endfacet
  facet normal 0 0 1
    outer loop
      vertex -11.361037722821452 4.647728948150396 80.95
      vertex -11.082342851480671 4.742333109150405 80.95
      vertex -14 13.431 80.95
    endloop
  endfacet
  facet normal 0 0 1
    outer loop
      vertex -11.082342851480671 4.742333109150405 80.95
      vertex -10.793683932495115 4.799750938091075 80.95
      vertex -14 13.431 80.95
    endloop
  endfacet
  facet normal 0 0 1
    outer loop
      vertex -10.793683932495115 4.799750938091075 80.95
      vertex -10.5 4.819000000000001 80.95
      vertex -14 13.431 80.95
    endloop
  endfacet
  facet normal 0 0 1
    outer loop
      vertex -10.5 4.819000000000001 80.95
      vertex -10.206316067504885 4.799750938091075 80.95
      vertex -14 13.431 80.95
    endloop
  endfacet
  facet normal 0 0 1
    outer loop
      vertex -10.206316067504885 4.799750938091075 80.95
      vertex -9.917657148519329 4.742333109150405 80.95
      vertex -8.2 13.431 80.95
    endloop
  endfacet
  facet normal 0 0 1
    outer loop
      vertex -9.917657148519329 4.742333109150405 80.95
      vertex -9.638962277178548 4.647728948150396 80.95
      vertex -8.2 13.431 80.95
    endloop
  endfacet
  facet normal 0 0 1
    outer loop
      vertex -10.206316067504885 4.799750938091075 80.95
      vertex -8.2 13.431 80.95
      vertex -14 13.431 80.95
    endloop
  endfacet
  facet normal 0 -1 0
    outer loop
      vertex -14 13.431 80.95
      vertex -8.2 13.431 93.07000000000001
      vertex -14 13.431 93.07000000000001
    endloop
  endfacet
  facet normal 0 -1 0
    outer loop
      vertex -14 13.431 80.95
      vertex -8.2 13.431 80.95
      vertex -8.2 13.431 93.07000000000001
    endloop
  endfacet
  facet normal 0 0 1
    outer loop
      vertex -9.375 -7.982442841485012 80.95
      vertex 8.2 13.431 80.95
      vertex -8.269249061908926 2.275316067504885 80.95
    endloop
  endfacet
  facet normal 0 0 1
    outer loop
      vertex -8.269249061908926 2.275316067504885 80.95
      vertex 8.2 13.431 80.95
      vertex -8.25 2.569000000000001 80.95
    endloop
  endfacet
  facet normal 0 0 1
    outer loop
      vertex -8.25 2.569000000000001 80.95
      vertex 8.2 13.431 80.95
      vertex -8.269249061908926 2.8626839324951168 80.95
    endloop
  endfacet
  facet normal 0 0 1
    outer loop
      vertex -9.375 4.517557158514988 80.95
      vertex -9.130286784730378 4.35404501565528 80.95
      vertex 8.2 13.431 80.95
    endloop
  endfacet
  facet normal 0 0 1
    outer loop
      vertex -8.909009742330268 4.159990257669733 80.95
      vertex 8.2 13.431 80.95
      vertex -9.130286784730378 4.35404501565528 80.95
    endloop
  endfacet
  facet normal 0 0 1
    outer loop
      vertex -9.638962277178548 4.647728948150396 80.95
      vertex -9.375 4.517557158514988 80.95
      vertex 8.2 13.431 80.95
    endloop
  endfacet
  facet normal 0 0 1
    outer loop
      vertex -8.551442841485013 3.694000000000001 80.95
      vertex -8.421271051849605 3.430037722821453 80.95
      vertex 8.2 13.431 80.95
    endloop
  endfacet
  facet normal 0 0 1
    outer loop
      vertex -8.269249061908926 2.8626839324951168 80.95
      vertex 8.2 13.431 80.95
      vertex -8.326666890849596 3.1513428514806723 80.95
    endloop
  endfacet
  facet normal 0 0 1
    outer loop
      vertex -8.326666890849596 3.1513428514806723 80.95
      vertex 8.2 13.431 80.95
      vertex -8.421271051849605 3.430037722821453 80.95
    endloop
  endfacet
  facet normal 0 0 1
    outer loop
      vertex -8.551442841485013 3.694000000000001 80.95
      vertex 8.2 13.431 80.95
      vertex -8.714954984344722 3.9387132152696225 80.95
    endloop
  endfacet
  facet normal 0 0 1
    outer loop
      vertex -8.909009742330268 4.159990257669733 80.95
      vertex -8.714954984344722 3.9387132152696225 80.95
      vertex 8.2 13.431 80.95
    endloop
  endfacet
  facet normal 0 0 1
    outer loop
      vertex -9.638962277178548 4.647728948150396 80.95
      vertex 8.2 13.431 80.95
      vertex -8.2 13.431 80.95
    endloop
  endfacet
  facet normal 0 0 1
    outer loop
      vertex -9.638962277178548 -12.009728948150395 80.95
      vertex 9.638962277178548 -12.009728948150395 80.95
      vertex 9.375 -11.879557158514986 80.95
    endloop
  endfacet
  facet normal 0 0 1
    outer loop
      vertex -9.375 -11.879557158514986 80.95
      vertex 9.375 -11.879557158514986 80.95
      vertex 9.130286784730378 -11.71604501565528 80.95
    endloop
  endfacet
  facet normal 0 0 1
    outer loop
      vertex -8.909009742330268 -11.521990257669732 80.95
      vertex 8.909009742330268 -11.521990257669732 80.95
      vertex 8.714954984344722 -11.30071321526962 80.95
    endloop
  endfacet
  facet normal 0 0 1
    outer loop
      vertex -8.714954984344722 -11.30071321526962 80.95
      vertex 8.714954984344722 -11.30071321526962 80.95
      vertex 8.551442841485013 -11.056 80.95
    endloop
  endfacet
  facet normal 0 0 1
    outer loop
      vertex -9.130286784730378 -11.71604501565528 80.95
      vertex 9.130286784730378 -11.71604501565528 80.95
      vertex 8.909009742330268 -11.521990257669732 80.95
    endloop
  endfacet
  facet normal 0 0 1
    outer loop
      vertex -8.551442841485013 -11.056 80.95
      vertex 8.551442841485013 -11.056 80.95
      vertex 8.421271051849605 -10.792037722821451 80.95
    endloop
  endfacet
  facet normal 0 0 1
    outer loop
      vertex -8.421271051849605 -10.792037722821451 80.95
      vertex 8.421271051849605 -10.792037722821451 80.95
      vertex 8.326666890849596 -10.51334285148067 80.95
    endloop
  endfacet
  facet normal 0 0 1
    outer loop
      vertex -9.638962277178548 -12.009728948150395 80.95
      vertex 9.917657148519329 -12.104333109150403 80.95
      vertex 9.638962277178548 -12.009728948150395 80.95
    endloop
  endfacet
  facet normal 0 0 1
    outer loop
      vertex -9.638962277178548 -12.009728948150395 80.95
      vertex 10.206316067504885 -12.161750938091073 80.95
      vertex 9.917657148519329 -12.104333109150403 80.95
    endloop
  endfacet
  facet normal 0 0 1
    outer loop
      vertex -9.638962277178548 -12.009728948150395 80.95
      vertex 10.5 -12.181 80.95
      vertex 10.206316067504885 -12.161750938091073 80.95
    endloop
  endfacet
  facet normal 0 0 1
    outer loop
      vertex -8.326666890849596 -10.51334285148067 80.95
      vertex 8.326666890849596 -10.51334285148067 80.95
      vertex 8.269249061908926 -10.224683932495115 80.95
    endloop
  endfacet
  facet normal 0 0 1
    outer loop
      vertex -8.269249061908926 -10.224683932495115 80.95
      vertex 8.269249061908926 -10.224683932495115 80.95
      vertex 8.25 -9.931 80.95
    endloop
  endfacet
  facet normal 0 0 1
    outer loop
      vertex -8.25 -9.931 80.95
      vertex 8.25 -9.931 80.95
      vertex 8.269249061908926 -9.637316067504884 80.95
    endloop
  endfacet
  facet normal 0 0 1
    outer loop
      vertex -8.269249061908926 -9.637316067504884 80.95
      vertex 8.269249061908926 -9.637316067504884 80.95
      vertex 8.326666890849596 -9.348657148519328 80.95
    endloop
  endfacet
  facet normal 0 0 1
    outer loop
      vertex -8.326666890849596 -9.348657148519328 80.95
      vertex 8.326666890849596 -9.348657148519328 80.95
      vertex 8.421271051849605 -9.069962277178547 80.95
    endloop
  endfacet
  facet normal 0 0 1
    outer loop
      vertex -8.421271051849605 -9.069962277178547 80.95
      vertex 8.421271051849605 -9.069962277178547 80.95
      vertex 8.551442841485013 -8.806 80.95
    endloop
  endfacet
  facet normal 0 1 0
    outer loop
      vertex -14 -13.431 93.07000000000001
      vertex 14 -13.431 93.07000000000001
      vertex 14 -13.431 80.95
    endloop
  endfacet
  facet normal 0 0 1
    outer loop
      vertex -9.638962277178548 -12.009728948150395 80.95
      vertex 14 -13.431 80.95
      vertex 10.5 -12.181 80.95
    endloop
  endfacet
  facet normal 0 0 1
    outer loop
      vertex -8.551442841485013 -8.806 80.95
      vertex 8.551442841485013 -8.806 80.95
      vertex 8.551442841485013 1.4440000000000008 80.95
    endloop
  endfacet
  facet normal 0 0 1
    outer loop
      vertex -8.551442841485013 -8.806 80.95
      vertex 8.269249061908926 2.275316067504885 80.95
      vertex 8.25 2.569000000000001 80.95
    endloop
  endfacet
  facet normal 0 0 1
    outer loop
      vertex -8.551442841485013 -8.806 80.95
      vertex 8.25 2.569000000000001 80.95
      vertex 8.269249061908926 2.8626839324951168 80.95
    endloop
  endfacet
  facet normal 0 0 1
    outer loop
      vertex -8.551442841485013 -8.806 80.95
      vertex 8.551442841485013 1.4440000000000008 80.95
      vertex 8.421271051849605 1.7079622771785488 80.95
    endloop
  endfacet
  facet normal 0 0 1
    outer loop
      vertex -8.551442841485013 -8.806 80.95
      vertex 8.421271051849605 1.7079622771785488 80.95
      vertex 8.326666890849596 1.9866571485193292 80.95
    endloop
  endfacet
  facet normal 0 0 1
    outer loop
      vertex -8.551442841485013 -8.806 80.95
      vertex 8.326666890849596 1.9866571485193292 80.95
      vertex 8.269249061908926 2.275316067504885 80.95
    endloop
  endfacet
  facet normal 0 0 1
    outer loop
      vertex -8.551442841485013 -8.806 80.95
      vertex 8.269249061908926 2.8626839324951168 80.95
      vertex 8.326666890849596 3.1513428514806723 80.95
    endloop
  endfacet
  facet normal 0 0 1
    outer loop
      vertex -8.551442841485013 -8.806 80.95
      vertex 8.326666890849596 3.1513428514806723 80.95
      vertex 8.421271051849605 3.430037722821453 80.95
    endloop
  endfacet
  facet normal 0 0 1
    outer loop
      vertex -8.551442841485013 -8.806 80.95
      vertex 8.421271051849605 3.430037722821453 80.95
      vertex 8.551442841485013 3.694000000000001 80.95
    endloop
  endfacet
  facet normal 0 0 1
    outer loop
      vertex -8.551442841485013 -8.806 80.95
      vertex 8.551442841485013 3.694000000000001 80.95
      vertex 8.714954984344722 3.9387132152696225 80.95
    endloop
  endfacet
  facet normal 0 0 1
    outer loop
      vertex -8.551442841485013 -8.806 80.95
      vertex 8.714954984344722 3.9387132152696225 80.95
      vertex 8.909009742330268 4.159990257669733 80.95
    endloop
  endfacet
  facet normal 0 0 1
    outer loop
      vertex -8.551442841485013 -8.806 80.95
      vertex 8.909009742330268 4.159990257669733 80.95
      vertex 9.130286784730378 4.35404501565528 80.95
    endloop
  endfacet
  facet normal 0 0 1
    outer loop
      vertex 10.5 -12.181 80.95
      vertex 14 -13.431 80.95
      vertex 10.793683932495115 -12.161750938091073 80.95
    endloop
  endfacet
  facet normal 0 0 1
    outer loop
      vertex 10.793683932495115 -12.161750938091073 80.95
      vertex 14 -13.431 80.95
      vertex 11.082342851480671 -12.104333109150403 80.95
    endloop
  endfacet
  facet normal 0 0 1
    outer loop
      vertex 11.082342851480671 -12.104333109150403 80.95
      vertex 14 -13.431 80.95
      vertex 11.361037722821452 -12.009728948150395 80.95
    endloop
  endfacet
  facet normal 0 0 1
    outer loop
      vertex 11.361037722821452 -12.009728948150395 80.95
      vertex 14 -13.431 80.95
      vertex 11.625 -11.879557158514986 80.95
    endloop
  endfacet
  facet normal 0 0 1
    outer loop
      vertex 11.625 -11.879557158514986 80.95
      vertex 14 -13.431 80.95
      vertex 11.869713215269622 -11.71604501565528 80.95
    endloop
  endfacet
  facet normal 0 0 1
    outer loop
      vertex 11.869713215269622 -11.71604501565528 80.95
      vertex 14 -13.431 80.95
      vertex 12.090990257669732 -11.521990257669732 80.95
    endloop
  endfacet
  facet normal 0 0 1
    outer loop
      vertex 12.090990257669732 -11.521990257669732 80.95
      vertex 14 -13.431 80.95
      vertex 12.285045015655278 -11.30071321526962 80.95
    endloop
  endfacet
  facet normal 0 0 1
    outer loop
      vertex 12.285045015655278 -11.30071321526962 80.95
      vertex 14 -13.431 80.95
      vertex 12.448557158514987 -11.056 80.95
    endloop
  endfacet
  facet normal 0 0 1
    outer loop
      vertex 12.448557158514987 -11.056 80.95
      vertex 14 -13.431 80.95
      vertex 12.578728948150395 -10.792037722821451 80.95
    endloop
  endfacet
  facet normal 0 0 1
    outer loop
      vertex 12.578728948150395 -10.792037722821451 80.95
      vertex 14 -13.431 80.95
      vertex 12.673333109150404 -10.51334285148067 80.95
    endloop
  endfacet
  facet normal 0 0 1
    outer loop
      vertex 12.673333109150404 -10.51334285148067 80.95
      vertex 14 -13.431 80.95
      vertex 12.730750938091074 -10.224683932495115 80.95
    endloop
  endfacet
  facet normal 0 0 1
    outer loop
      vertex 12.730750938091074 -10.224683932495115 80.95
      vertex 14 -13.431 80.95
      vertex 12.75 -9.931 80.95
    endloop
  endfacet
  facet normal 0 0 1
    outer loop
      vertex 8.551442841485013 -8.806 80.95
      vertex 8.714954984344722 -8.561286784730378 80.95
      vertex 8.551442841485013 1.4440000000000008 80.95
    endloop
  endfacet
  facet normal 0 0 1
    outer loop
      vertex 8.714954984344722 -8.561286784730378 80.95
      vertex 8.909009742330268 -8.340009742330267 80.95
      vertex 8.714954984344722 1.1992867847303794 80.95
    endloop
  endfacet
  facet normal 0 0 1
    outer loop
      vertex 8.909009742330268 -8.340009742330267 80.95
      vertex 9.130286784730378 -8.14595498434472 80.95
      vertex 8.909009742330268 0.9780097423302687 80.95
    endloop
  endfacet
  facet normal 0 0 1
    outer loop
      vertex 9.130286784730378 -8.14595498434472 80.95
      vertex 9.375 -7.982442841485012 80.95
      vertex 9.130286784730378 0.7839549843447218 80.95
    endloop
  endfacet
  facet normal 0 0 1
    outer loop
      vertex 9.375 -7.982442841485012 80.95
      vertex 9.638962277178548 -7.852271051849604 80.95
      vertex 9.375 0.620442841485014 80.95
    endloop
  endfacet
  facet normal 0 0 1
    outer loop
      vertex 9.638962277178548 -7.852271051849604 80.95
      vertex 9.917657148519329 -7.757666890849595 80.95
      vertex 9.638962277178548 0.49027105184960584 80.95
    endloop
  endfacet
  facet normal 0 0 1
    outer loop
      vertex 9.917657148519329 -7.757666890849595 80.95
      vertex 10.206316067504885 -7.700249061908925 80.95
      vertex 9.917657148519329 0.39566689084959705 80.95
    endloop
  endfacet
  facet normal 0 0 1
    outer loop
      vertex 10.206316067504885 -7.700249061908925 80.95
      vertex 10.5 -7.680999999999999 80.95
      vertex 10.206316067504885 0.33824906190892756 80.95
    endloop
  endfacet
  facet normal 0 0 1
    outer loop
      vertex 10.5 -7.680999999999999 80.95
      vertex 10.793683932495115 -7.700249061908925 80.95
      vertex 10.5 0.31900000000000084 80.95
    endloop
  endfacet
  facet normal 0 0 1
    outer loop
      vertex 10.793683932495115 -7.700249061908925 80.95
      vertex 11.082342851480671 -7.757666890849595 80.95
      vertex 10.793683932495115 0.33824906190892756 80.95
    endloop
  endfacet
  facet normal 0 0 1
    outer loop
      vertex 11.082342851480671 -7.757666890849595 80.95
      vertex 11.361037722821452 -7.852271051849604 80.95
      vertex 11.082342851480671 0.39566689084959705 80.95
    endloop
  endfacet
  facet normal 0 0 1
    outer loop
      vertex 11.625 -7.982442841485012 80.95
      vertex 11.361037722821452 0.49027105184960584 80.95
      vertex 11.361037722821452 -7.852271051849604 80.95
    endloop
  endfacet
  facet normal 0 0 1
    outer loop
      vertex 12.448557158514987 -8.806 80.95
      vertex 12.285045015655278 1.1992867847303794 80.95
      vertex 12.285045015655278 -8.561286784730378 80.95
    endloop
  endfacet
  facet normal 0 0 1
    outer loop
      vertex 12.730750938091074 -9.637316067504884 80.95
      vertex 12.75 -9.931 80.95
      vertex 12.730750938091074 2.275316067504885 80.95
    endloop
  endfacet
  facet normal 0 0 1
    outer loop
      vertex 12.730750938091074 -9.637316067504884 80.95
      vertex 12.673333109150404 1.9866571485193292 80.95
      vertex 12.673333109150404 -9.348657148519328 80.95
    endloop
  endfacet
  facet normal 0 0 1
    outer loop
      vertex 12.578728948150395 -9.069962277178547 80.95
      vertex 12.448557158514987 1.4440000000000008 80.95
      vertex 12.448557158514987 -8.806 80.95
    endloop
  endfacet
  facet normal 0 0 1
    outer loop
      vertex 12.673333109150404 -9.348657148519328 80.95
      vertex 12.578728948150395 1.7079622771785488 80.95
      vertex 12.578728948150395 -9.069962277178547 80.95
    endloop
  endfacet
  facet normal 0 0 1
    outer loop
      vertex 11.625 -7.982442841485012 80.95
      vertex 11.869713215269622 -8.14595498434472 80.95
      vertex 11.625 0.620442841485014 80.95
    endloop
  endfacet
  facet normal 0 0 1
    outer loop
      vertex 11.869713215269622 -8.14595498434472 80.95
      vertex 12.090990257669732 -8.340009742330267 80.95
      vertex 11.869713215269622 0.7839549843447218 80.95
    endloop
  endfacet
  facet normal 0 0 1
    outer loop
      vertex 12.285045015655278 -8.561286784730378 80.95
      vertex 12.090990257669732 0.9780097423302687 80.95
      vertex 12.090990257669732 -8.340009742330267 80.95
    endloop
  endfacet
  facet normal 0 0 1
    outer loop
      vertex 9.130286784730378 -8.14595498434472 80.95
      vertex 9.130286784730378 0.7839549843447218 80.95
      vertex 8.909009742330268 0.9780097423302687 80.95
    endloop
  endfacet
  facet normal 0 0 1
    outer loop
      vertex 9.375 -7.982442841485012 80.95
      vertex 9.375 0.620442841485014 80.95
      vertex 9.130286784730378 0.7839549843447218 80.95
    endloop
  endfacet
  facet normal 0 0 1
    outer loop
      vertex 9.638962277178548 -7.852271051849604 80.95
      vertex 9.638962277178548 0.49027105184960584 80.95
      vertex 9.375 0.620442841485014 80.95
    endloop
  endfacet
  facet normal 0 0 1
    outer loop
      vertex 9.917657148519329 -7.757666890849595 80.95
      vertex 9.917657148519329 0.39566689084959705 80.95
      vertex 9.638962277178548 0.49027105184960584 80.95
    endloop
  endfacet
  facet normal 0 0 1
    outer loop
      vertex 10.206316067504885 -7.700249061908925 80.95
      vertex 10.206316067504885 0.33824906190892756 80.95
      vertex 9.917657148519329 0.39566689084959705 80.95
    endloop
  endfacet
  facet normal 0 0 1
    outer loop
      vertex 10.5 -7.680999999999999 80.95
      vertex 10.5 0.31900000000000084 80.95
      vertex 10.206316067504885 0.33824906190892756 80.95
    endloop
  endfacet
  facet normal 0 0 1
    outer loop
      vertex 8.714954984344722 -8.561286784730378 80.95
      vertex 8.714954984344722 1.1992867847303794 80.95
      vertex 8.551442841485013 1.4440000000000008 80.95
    endloop
  endfacet
  facet normal 0 0 1
    outer loop
      vertex 8.909009742330268 -8.340009742330267 80.95
      vertex 8.909009742330268 0.9780097423302687 80.95
      vertex 8.714954984344722 1.1992867847303794 80.95
    endloop
  endfacet
  facet normal 0 0 1
    outer loop
      vertex 10.793683932495115 -7.700249061908925 80.95
      vertex 10.793683932495115 0.33824906190892756 80.95
      vertex 10.5 0.31900000000000084 80.95
    endloop
  endfacet
  facet normal 0 0 1
    outer loop
      vertex 11.082342851480671 -7.757666890849595 80.95
      vertex 11.082342851480671 0.39566689084959705 80.95
      vertex 10.793683932495115 0.33824906190892756 80.95
    endloop
  endfacet
  facet normal 0 0 1
    outer loop
      vertex 11.361037722821452 -7.852271051849604 80.95
      vertex 11.361037722821452 0.49027105184960584 80.95
      vertex 11.082342851480671 0.39566689084959705 80.95
    endloop
  endfacet
  facet normal 0 0 1
    outer loop
      vertex 11.625 -7.982442841485012 80.95
      vertex 11.625 0.620442841485014 80.95
      vertex 11.361037722821452 0.49027105184960584 80.95
    endloop
  endfacet
  facet normal 0 0 1
    outer loop
      vertex 11.869713215269622 -8.14595498434472 80.95
      vertex 11.869713215269622 0.7839549843447218 80.95
      vertex 11.625 0.620442841485014 80.95
    endloop
  endfacet
  facet normal 0 0 1
    outer loop
      vertex 12.090990257669732 -8.340009742330267 80.95
      vertex 12.090990257669732 0.9780097423302687 80.95
      vertex 11.869713215269622 0.7839549843447218 80.95
    endloop
  endfacet
  facet normal 0 0 1
    outer loop
      vertex 12.285045015655278 -8.561286784730378 80.95
      vertex 12.285045015655278 1.1992867847303794 80.95
      vertex 12.090990257669732 0.9780097423302687 80.95
    endloop
  endfacet
  facet normal 0 0 1
    outer loop
      vertex 12.448557158514987 -8.806 80.95
      vertex 12.448557158514987 1.4440000000000008 80.95
      vertex 12.285045015655278 1.1992867847303794 80.95
    endloop
  endfacet
  facet normal 0 0 1
    outer loop
      vertex 12.578728948150395 -9.069962277178547 80.95
      vertex 12.578728948150395 1.7079622771785488 80.95
      vertex 12.448557158514987 1.4440000000000008 80.95
    endloop
  endfacet
  facet normal 0 0 1
    outer loop
      vertex 12.673333109150404 -9.348657148519328 80.95
      vertex 12.673333109150404 1.9866571485193292 80.95
      vertex 12.578728948150395 1.7079622771785488 80.95
    endloop
  endfacet
  facet normal 0 0 1
    outer loop
      vertex 12.730750938091074 -9.637316067504884 80.95
      vertex 12.730750938091074 2.275316067504885 80.95
      vertex 12.673333109150404 1.9866571485193292 80.95
    endloop
  endfacet
  facet normal 0 0 1
    outer loop
      vertex 12.75 -9.931 80.95
      vertex 12.75 2.569000000000001 80.95
      vertex 12.730750938091074 2.275316067504885 80.95
    endloop
  endfacet
  facet normal 0 0 1
    outer loop
      vertex 14 -13.431 80.95
      vertex 12.75 2.569000000000001 80.95
      vertex 12.75 -9.931 80.95
    endloop
  endfacet
  facet normal -1 0 0
    outer loop
      vertex 14 -13.431 80.95
      vertex 14 -13.431 93.07000000000001
      vertex 14 13.431 80.95
    endloop
  endfacet
  facet normal 0 0 1
    outer loop
      vertex -8.551442841485013 -8.806 80.95
      vertex 9.130286784730378 4.35404501565528 80.95
      vertex 14 13.431 80.95
    endloop
  endfacet
  facet normal 0 0 1
    outer loop
      vertex -8.714954984344722 -8.561286784730378 80.95
      vertex 14 13.431 80.95
      vertex 8.2 13.431 80.95
    endloop
  endfacet
  facet normal 0 0 1
    outer loop
      vertex 9.130286784730378 4.35404501565528 80.95
      vertex 9.375 4.517557158514988 80.95
      vertex 14 13.431 80.95
    endloop
  endfacet
  facet normal 0 0 1
    outer loop
      vertex 9.375 4.517557158514988 80.95
      vertex 9.638962277178548 4.647728948150396 80.95
      vertex 14 13.431 80.95
    endloop
  endfacet
  facet normal 0 0 1
    outer loop
      vertex 9.638962277178548 4.647728948150396 80.95
      vertex 9.917657148519329 4.742333109150405 80.95
      vertex 14 13.431 80.95
    endloop
  endfacet
  facet normal 0 0 1
    outer loop
      vertex 9.917657148519329 4.742333109150405 80.95
      vertex 10.206316067504885 4.799750938091075 80.95
      vertex 14 13.431 80.95
    endloop
  endfacet
  facet normal 0 0 1
    outer loop
      vertex 10.206316067504885 4.799750938091075 80.95
      vertex 10.5 4.819000000000001 80.95
      vertex 14 13.431 80.95
    endloop
  endfacet
  facet normal 0 0 1
    outer loop
      vertex 11.625 4.517557158514988 80.95
      vertex 11.869713215269622 4.35404501565528 80.95
      vertex 14 13.431 80.95
    endloop
  endfacet
  facet normal 0 0 1
    outer loop
      vertex 12.090990257669732 4.159990257669733 80.95
      vertex 14 13.431 80.95
      vertex 11.869713215269622 4.35404501565528 80.95
    endloop
  endfacet
  facet normal 0 0 1
    outer loop
      vertex 10.5 4.819000000000001 80.95
      vertex 10.793683932495115 4.799750938091075 80.95
      vertex 14 13.431 80.95
    endloop
  endfacet
  facet normal 0 0 1
    outer loop
      vertex 11.082342851480671 4.742333109150405 80.95
      vertex 14 13.431 80.95
      vertex 10.793683932495115 4.799750938091075 80.95
    endloop
  endfacet
  facet normal 0 0 1
    outer loop
      vertex 11.082342851480671 4.742333109150405 80.95
      vertex 11.361037722821452 4.647728948150396 80.95
      vertex 14 13.431 80.95
    endloop
  endfacet
  facet normal 0 0 1
    outer loop
      vertex 11.361037722821452 4.647728948150396 80.95
      vertex 11.625 4.517557158514988 80.95
      vertex 14 13.431 80.95
    endloop
  endfacet
  facet normal 0 0 1
    outer loop
      vertex 14 -13.431 80.95
      vertex 14 13.431 80.95
      vertex 12.75 2.569000000000001 80.95
    endloop
  endfacet
  facet normal 0 0 1
    outer loop
      vertex 12.730750938091074 2.8626839324951168 80.95
      vertex 12.75 2.569000000000001 80.95
      vertex 14 13.431 80.95
    endloop
  endfacet
  facet normal 0 0 1
    outer loop
      vertex 12.448557158514987 3.694000000000001 80.95
      vertex 12.578728948150395 3.430037722821453 80.95
      vertex 14 13.431 80.95
    endloop
  endfacet
  facet normal 0 0 1
    outer loop
      vertex 12.730750938091074 2.8626839324951168 80.95
      vertex 14 13.431 80.95
      vertex 12.673333109150404 3.1513428514806723 80.95
    endloop
  endfacet
  facet normal 0 0 1
    outer loop
      vertex 12.673333109150404 3.1513428514806723 80.95
      vertex 14 13.431 80.95
      vertex 12.578728948150395 3.430037722821453 80.95
    endloop
  endfacet
  facet normal 0 0 1
    outer loop
      vertex 12.448557158514987 3.694000000000001 80.95
      vertex 14 13.431 80.95
      vertex 12.285045015655278 3.9387132152696225 80.95
    endloop
  endfacet
  facet normal 0 0 1
    outer loop
      vertex 12.090990257669732 4.159990257669733 80.95
      vertex 12.285045015655278 3.9387132152696225 80.95
      vertex 14 13.431 80.95
    endloop
  endfacet
  facet normal -1 0 0
    outer loop
      vertex 14 -13.431 93.07000000000001
      vertex 14 13.431 93.07000000000001
      vertex 14 13.431 80.95
    endloop
  endfacet
  facet normal 0 -1 0
    outer loop
      vertex 8.2 13.431 80.95
      vertex 14 13.431 93.07000000000001
      vertex 8.2 13.431 93.07000000000001
    endloop
  endfacet
  facet normal 0 -1 0
    outer loop
      vertex 8.2 13.431 80.95
      vertex 14 13.431 80.95
      vertex 14 13.431 93.07000000000001
    endloop
  endfacet
  facet normal 1 0 0
    outer loop
      vertex -8.2 13.431 80.95
      vertex -8.2 15.431 80.95
      vertex -8.2 13.431 93.07000000000001
    endloop
  endfacet
  facet normal 1 0 0
    outer loop
      vertex -8.2 15.431 80.95
      vertex -8.2 15.431 93.07000000000001
      vertex -8.2 13.431 93.07000000000001
    endloop
  endfacet
  facet normal 0 0 1
    outer loop
      vertex -8.2 13.431 80.95
      vertex 8.2 15.431 80.95
      vertex -8.2 15.431 80.95
    endloop
  endfacet
  facet normal 0 0 1
    outer loop
      vertex -8.2 13.431 80.95
      vertex 8.2 13.431 80.95
      vertex 8.2 15.431 80.95
    endloop
  endfacet
  facet normal -1 0 0
    outer loop
      vertex 8.2 13.431 80.95
      vertex 8.2 15.431 93.07000000000001
      vertex 8.2 15.431 80.95
    endloop
  endfacet
  facet normal -1 0 0
    outer loop
      vertex 8.2 13.431 80.95
      vertex 8.2 13.431 93.07000000000001
      vertex 8.2 15.431 93.07000000000001
    endloop
  endfacet
  facet normal -0.5555702330196001 -0.8314696123025467 1.684560552395923e-18
    outer loop
      vertex -11.869713215269622 -11.71604501565528 80.95
      vertex -11.625 -11.879557158514986 80.95
      vertex -11.625 -11.879557158514986 85.95
    endloop
  endfacet
  facet normal -0.5555702330196001 -0.8314696123025467 0
    outer loop
      vertex -11.869713215269622 -11.71604501565528 80.95
      vertex -11.625 -11.879557158514986 85.95
      vertex -11.869713215269622 -11.71604501565528 85.95
    endloop
  endfacet
  facet normal -0.8314696123025439 -0.5555702330196043 0
    outer loop
      vertex -12.285045015655278 -11.30071321526962 80.95
      vertex -12.285045015655278 -11.30071321526962 85.95
      vertex -12.448557158514987 -11.056 80.95
    endloop
  endfacet
  facet normal -0.7518398074789799 -0.6593458151000658 0
    outer loop
      vertex -12.285045015655278 -11.30071321526962 80.95
      vertex -12.090990257669732 -11.521990257669732 85.95
      vertex -12.285045015655278 -11.30071321526962 85.95
    endloop
  endfacet
  facet normal -0.896872741532688 -0.4422886902190019 1.2067754828735314e-18
    outer loop
      vertex -12.578728948150395 -10.792037722821451 80.95
      vertex -12.448557158514987 -11.056 80.95
      vertex -12.448557158514987 -11.056 85.95
    endloop
  endfacet
  facet normal -0.9469301294951059 -0.3214394653031609 0
    outer loop
      vertex -12.578728948150395 -10.792037722821451 80.95
      vertex -12.578728948150395 -10.792037722821451 85.95
      vertex -12.673333109150404 -10.51334285148067 80.95
    endloop
  endfacet
  facet normal -0.896872741532688 -0.4422886902190019 0
    outer loop
      vertex -12.578728948150395 -10.792037722821451 80.95
      vertex -12.448557158514987 -11.056 85.95
      vertex -12.578728948150395 -10.792037722821451 85.95
    endloop
  endfacet
  facet normal -0.8314696123025439 -0.5555702330196043 0
    outer loop
      vertex -12.448557158514987 -11.056 80.95
      vertex -12.285045015655278 -11.30071321526962 85.95
      vertex -12.448557158514987 -11.056 85.95
    endloop
  endfacet
  facet normal -0.7518398074789799 -0.6593458151000658 2.0566563056617048e-18
    outer loop
      vertex -12.285045015655278 -11.30071321526962 80.95
      vertex -12.090990257669732 -11.521990257669732 80.95
      vertex -12.090990257669732 -11.521990257669732 85.95
    endloop
  endfacet
  facet normal -0.6593458151000693 -0.7518398074789769 0
    outer loop
      vertex -11.869713215269622 -11.71604501565528 80.95
      vertex -11.869713215269622 -11.71604501565528 85.95
      vertex -12.090990257669732 -11.521990257669732 80.95
    endloop
  endfacet
  facet normal -0.6593458151000693 -0.7518398074789769 0
    outer loop
      vertex -12.090990257669732 -11.521990257669732 80.95
      vertex -11.869713215269622 -11.71604501565528 85.95
      vertex -12.090990257669732 -11.521990257669732 85.95
    endloop
  endfacet
  facet normal -0.4422886902190019 -0.896872741532688 1.2067754828735314e-18
    outer loop
      vertex -11.625 -11.879557158514986 80.95
      vertex -11.361037722821452 -12.009728948150395 80.95
      vertex -11.361037722821452 -12.009728948150395 85.95
    endloop
  endfacet
  facet normal -0.3214394653031609 -0.9469301294951059 -9.042399491963149e-19
    outer loop
      vertex -11.361037722821452 -12.009728948150395 80.95
      vertex -11.082342851480671 -12.104333109150403 80.95
      vertex -11.082342851480671 -12.104333109150403 85.95
    endloop
  endfacet
  facet normal -0.4422886902190019 -0.896872741532688 0
    outer loop
      vertex -11.625 -11.879557158514986 80.95
      vertex -11.361037722821452 -12.009728948150395 85.95
      vertex -11.625 -11.879557158514986 85.95
    endloop
  endfacet
  facet normal -0.3214394653031609 -0.9469301294951059 0
    outer loop
      vertex -11.361037722821452 -12.009728948150395 80.95
      vertex -11.082342851480671 -12.104333109150403 85.95
      vertex -11.361037722821452 -12.009728948150395 85.95
    endloop
  endfacet
  facet normal -0.19509032201612855 -0.9807852804032303 2.7828459827144165e-19
    outer loop
      vertex -11.082342851480671 -12.104333109150403 80.95
      vertex -10.793683932495115 -12.161750938091073 80.95
      vertex -10.793683932495115 -12.161750938091073 85.95
    endloop
  endfacet
  facet normal -0.19509032201612855 -0.9807852804032303 0
    outer loop
      vertex -11.082342851480671 -12.104333109150403 80.95
      vertex -10.793683932495115 -12.161750938091073 85.95
      vertex -11.082342851480671 -12.104333109150403 85.95
    endloop
  endfacet
  facet normal -0.0654031292301422 -0.9978589232386036 0
    outer loop
      vertex -10.793683932495115 -12.161750938091073 80.95
      vertex -10.5 -12.181 85.95
      vertex -10.793683932495115 -12.161750938091073 85.95
    endloop
  endfacet
  facet normal 0 0 1
    outer loop
      vertex -10.793683932495115 -12.161750938091073 85.95
      vertex -10.5 -12.181 85.95
      vertex -10.60442095377604 -10.724155889099048 85.95
    endloop
  endfacet
  facet normal 0 0 1
    outer loop
      vertex -11.361037722821452 -12.009728948150395 85.95
      vertex -11.082342851480671 -12.104333109150403 85.95
      vertex -11.23910362600903 -10.23714674589207 85.95
    endloop
  endfacet
  facet normal 0 0 1
    outer loop
      vertex -11.082342851480671 -12.104333109150403 85.95
      vertex -11.19282032302755 -10.331 85.95
      vertex -11.23910362600903 -10.23714674589207 85.95
    endloop
  endfacet
  facet normal 0 0 1
    outer loop
      vertex -11.361037722821452 -12.009728948150395 85.95
      vertex -11.23910362600903 -10.23714674589207 85.95
      vertex -11.272740661031255 -10.138055236082016 85.95
    endloop
  endfacet
  facet normal 0 0 1
    outer loop
      vertex -11.361037722821452 -12.009728948150395 85.95
      vertex -11.272740661031255 -10.138055236082016 85.95
      vertex -11.293155889099049 -10.03542095377604 85.95
    endloop
  endfacet
  facet normal 0 0 1
    outer loop
      vertex -11.361037722821452 -12.009728948150395 85.95
      vertex -11.293155889099049 -10.03542095377604 85.95
      vertex -11.3 -9.931 85.95
    endloop
  endfacet
  facet normal 0 0 1
    outer loop
      vertex -11.082342851480671 -12.104333109150403 85.95
      vertex -10.793683932495115 -12.161750938091073 85.95
      vertex -10.9 -10.62382032302755 85.95
    endloop
  endfacet
  facet normal 0 0 1
    outer loop
      vertex -10.793683932495115 -12.161750938091073 85.95
      vertex -10.707055236082017 -10.703740661031254 85.95
      vertex -10.806146745892072 -10.670103626009029 85.95
    endloop
  endfacet
  facet normal 0 0 1
    outer loop
      vertex -10.793683932495115 -12.161750938091073 85.95
      vertex -10.60442095377604 -10.724155889099048 85.95
      vertex -10.707055236082017 -10.703740661031254 85.95
    endloop
  endfacet
  facet normal 0 0 1
    outer loop
      vertex -11.082342851480671 -12.104333109150403 85.95
      vertex -10.987009143206976 -10.565682672232988 85.95
      vertex -11.065685424949239 -10.496685424949238 85.95
    endloop
  endfacet
  facet normal 0 0 1
    outer loop
      vertex -11.082342851480671 -12.104333109150403 85.95
      vertex -11.065685424949239 -10.496685424949238 85.95
      vertex -11.134682672232987 -10.418009143206977 85.95
    endloop
  endfacet
  facet normal 0 0 1
    outer loop
      vertex -11.082342851480671 -12.104333109150403 85.95
      vertex -11.134682672232987 -10.418009143206977 85.95
      vertex -11.19282032302755 -10.331 85.95
    endloop
  endfacet
  facet normal 0 0 1
    outer loop
      vertex -11.082342851480671 -12.104333109150403 85.95
      vertex -10.9 -10.62382032302755 85.95
      vertex -10.987009143206976 -10.565682672232988 85.95
    endloop
  endfacet
  facet normal 0 0 1
    outer loop
      vertex -10.793683932495115 -12.161750938091073 85.95
      vertex -10.806146745892072 -10.670103626009029 85.95
      vertex -10.9 -10.62382032302755 85.95
    endloop
  endfacet
  facet normal -0.9807852804032303 -0.19509032201612855 0
    outer loop
      vertex -12.673333109150404 -10.51334285148067 80.95
      vertex -12.673333109150404 -10.51334285148067 85.95
      vertex -12.730750938091074 -10.224683932495115 80.95
    endloop
  endfacet
  facet normal -0.9978589232386036 -0.0654031292301422 0
    outer loop
      vertex -12.730750938091074 -10.224683932495115 80.95
      vertex -12.730750938091074 -10.224683932495115 85.95
      vertex -12.75 -9.931 80.95
    endloop
  endfacet
  facet normal -0.9469301294951059 -0.3214394653031609 0
    outer loop
      vertex -12.673333109150404 -10.51334285148067 80.95
      vertex -12.578728948150395 -10.792037722821451 85.95
      vertex -12.673333109150404 -10.51334285148067 85.95
    endloop
  endfacet
  facet normal -0.9807852804032303 -0.19509032201612855 0
    outer loop
      vertex -12.730750938091074 -10.224683932495115 80.95
      vertex -12.673333109150404 -10.51334285148067 85.95
      vertex -12.730750938091074 -10.224683932495115 85.95
    endloop
  endfacet
  facet normal -0.9978589232386036 0.0654031292301422 0
    outer loop
      vertex -12.75 -9.931 80.95
      vertex -12.75 -9.931 85.95
      vertex -12.730750938091074 -9.637316067504884 80.95
    endloop
  endfacet
  facet normal -0.9978589232386036 -0.0654031292301422 0
    outer loop
      vertex -12.75 -9.931 80.95
      vertex -12.730750938091074 -10.224683932495115 85.95
      vertex -12.75 -9.931 85.95
    endloop
  endfacet
  facet normal -0.9978589232386036 0.0654031292301422 0
    outer loop
      vertex -12.730750938091074 -9.637316067504884 80.95
      vertex -12.75 -9.931 85.95
      vertex -12.730750938091074 -9.637316067504884 85.95
    endloop
  endfacet
  facet normal 0 0 1
    outer loop
      vertex -12.673333109150404 -10.51334285148067 85.95
      vertex -12.730750938091074 -9.637316067504884 85.95
      vertex -12.730750938091074 -10.224683932495115 85.95
    endloop
  endfacet
  facet normal 0 0 1
    outer loop
      vertex -12.578728948150395 -10.792037722821451 85.95
      vertex -12.673333109150404 -9.348657148519328 85.95
      vertex -12.673333109150404 -10.51334285148067 85.95
    endloop
  endfacet
  facet normal 0 0 1
    outer loop
      vertex -12.578728948150395 -10.792037722821451 85.95
      vertex -12.448557158514987 -11.056 85.95
      vertex -12.578728948150395 -9.069962277178547 85.95
    endloop
  endfacet
  facet normal 0 0 1
    outer loop
      vertex -12.285045015655278 -11.30071321526962 85.95
      vertex -12.448557158514987 -8.806 85.95
      vertex -12.448557158514987 -11.056 85.95
    endloop
  endfacet
  facet normal 0 0 1
    outer loop
      vertex -12.285045015655278 -11.30071321526962 85.95
      vertex -12.090990257669732 -11.521990257669732 85.95
      vertex -12.285045015655278 -8.561286784730378 85.95
    endloop
  endfacet
  facet normal 0 0 1
    outer loop
      vertex -12.730750938091074 -10.224683932495115 85.95
      vertex -12.730750938091074 -9.637316067504884 85.95
      vertex -12.75 -9.931 85.95
    endloop
  endfacet
  facet normal 0 0 1
    outer loop
      vertex -12.673333109150404 -10.51334285148067 85.95
      vertex -12.673333109150404 -9.348657148519328 85.95
      vertex -12.730750938091074 -9.637316067504884 85.95
    endloop
  endfacet
  facet normal 0 0 1
    outer loop
      vertex -12.578728948150395 -10.792037722821451 85.95
      vertex -12.578728948150395 -9.069962277178547 85.95
      vertex -12.673333109150404 -9.348657148519328 85.95
    endloop
  endfacet
  facet normal 0 0 1
    outer loop
      vertex -12.448557158514987 -11.056 85.95
      vertex -12.448557158514987 -8.806 85.95
      vertex -12.578728948150395 -9.069962277178547 85.95
    endloop
  endfacet
  facet normal 0 0 1
    outer loop
      vertex -11.869713215269622 -11.71604501565528 85.95
      vertex -12.090990257669732 -8.340009742330267 85.95
      vertex -12.090990257669732 -11.521990257669732 85.95
    endloop
  endfacet
  facet normal 0 0 1
    outer loop
      vertex -11.869713215269622 -11.71604501565528 85.95
      vertex -11.625 -11.879557158514986 85.95
      vertex -11.869713215269622 -8.14595498434472 85.95
    endloop
  endfacet
  facet normal -0.9807852804032303 0.19509032201612855 0
    outer loop
      vertex -12.730750938091074 -9.637316067504884 80.95
      vertex -12.730750938091074 -9.637316067504884 85.95
      vertex -12.673333109150404 -9.348657148519328 80.95
    endloop
  endfacet
  facet normal -0.9469301294951059 0.3214394653031609 0
    outer loop
      vertex -12.673333109150404 -9.348657148519328 80.95
      vertex -12.673333109150404 -9.348657148519328 85.95
      vertex -12.578728948150395 -9.069962277178547 80.95
    endloop
  endfacet
  facet normal -0.9807852804032303 0.19509032201612855 0
    outer loop
      vertex -12.673333109150404 -9.348657148519328 80.95
      vertex -12.730750938091074 -9.637316067504884 85.95
      vertex -12.673333109150404 -9.348657148519328 85.95
    endloop
  endfacet
  facet normal -0.9469301294951059 0.3214394653031609 0
    outer loop
      vertex -12.578728948150395 -9.069962277178547 80.95
      vertex -12.673333109150404 -9.348657148519328 85.95
      vertex -12.578728948150395 -9.069962277178547 85.95
    endloop
  endfacet
  facet normal -0.896872741532688 0.4422886902190019 0
    outer loop
      vertex -12.578728948150395 -9.069962277178547 80.95
      vertex -12.578728948150395 -9.069962277178547 85.95
      vertex -12.448557158514987 -8.806 80.95
    endloop
  endfacet
  facet normal -0.8314696123025439 0.5555702330196043 0
    outer loop
      vertex -12.448557158514987 -8.806 80.95
      vertex -12.448557158514987 -8.806 85.95
      vertex -12.285045015655278 -8.561286784730378 80.95
    endloop
  endfacet
  facet normal -0.896872741532688 0.4422886902190019 0
    outer loop
      vertex -12.448557158514987 -8.806 80.95
      vertex -12.578728948150395 -9.069962277178547 85.95
      vertex -12.448557158514987 -8.806 85.95
    endloop
  endfacet
  facet normal -0.8314696123025439 0.5555702330196043 0
    outer loop
      vertex -12.285045015655278 -8.561286784730378 80.95
      vertex -12.448557158514987 -8.806 85.95
      vertex -12.285045015655278 -8.561286784730378 85.95
    endloop
  endfacet
  facet normal 0 0 1
    outer loop
      vertex -12.285045015655278 -11.30071321526962 85.95
      vertex -12.285045015655278 -8.561286784730378 85.95
      vertex -12.448557158514987 -8.806 85.95
    endloop
  endfacet
  facet normal 0 0 1
    outer loop
      vertex -12.090990257669732 -11.521990257669732 85.95
      vertex -12.090990257669732 -8.340009742330267 85.95
      vertex -12.285045015655278 -8.561286784730378 85.95
    endloop
  endfacet
  facet normal 0 0 1
    outer loop
      vertex -11.869713215269622 -11.71604501565528 85.95
      vertex -11.869713215269622 -8.14595498434472 85.95
      vertex -12.090990257669732 -8.340009742330267 85.95
    endloop
  endfacet
  facet normal 0 0 1
    outer loop
      vertex -11.625 -11.879557158514986 85.95
      vertex -11.625 -7.982442841485012 85.95
      vertex -11.869713215269622 -8.14595498434472 85.95
    endloop
  endfacet
  facet normal 0 0 1
    outer loop
      vertex -11.625 -11.879557158514986 85.95
      vertex -11.361037722821452 -12.009728948150395 85.95
      vertex -11.625 -7.982442841485012 85.95
    endloop
  endfacet
  facet normal 0 0 1
    outer loop
      vertex -11.361037722821452 -12.009728948150395 85.95
      vertex -11.3 -9.931 85.95
      vertex -11.361037722821452 -7.852271051849604 85.95
    endloop
  endfacet
  facet normal 0 0 1
    outer loop
      vertex -11.361037722821452 -12.009728948150395 85.95
      vertex -11.361037722821452 -7.852271051849604 85.95
      vertex -11.625 -7.982442841485012 85.95
    endloop
  endfacet
  facet normal 0 0 1
    outer loop
      vertex -11.361037722821452 -7.852271051849604 85.95
      vertex -11.3 -9.931 85.95
      vertex -11.293155889099049 -9.826579046223959 85.95
    endloop
  endfacet
  facet normal 0 0 1
    outer loop
      vertex -11.361037722821452 -7.852271051849604 85.95
      vertex -11.293155889099049 -9.826579046223959 85.95
      vertex -11.272740661031255 -9.723944763917983 85.95
    endloop
  endfacet
  facet normal 0 0 1
    outer loop
      vertex -11.361037722821452 -7.852271051849604 85.95
      vertex -11.272740661031255 -9.723944763917983 85.95
      vertex -11.23910362600903 -9.624853254107927 85.95
    endloop
  endfacet
  facet normal 0 0 1
    outer loop
      vertex -11.361037722821452 -7.852271051849604 85.95
      vertex -11.23910362600903 -9.624853254107927 85.95
      vertex -11.19282032302755 -9.530999999999999 85.95
    endloop
  endfacet
  facet normal 0 0 1
    outer loop
      vertex -11.361037722821452 -7.852271051849604 85.95
      vertex -11.19282032302755 -9.530999999999999 85.95
      vertex -11.134682672232987 -9.443990856793022 85.95
    endloop
  endfacet
  facet normal 0 0 1
    outer loop
      vertex -11.361037722821452 -7.852271051849604 85.95
      vertex -11.134682672232987 -9.443990856793022 85.95
      vertex -11.065685424949239 -9.36531457505076 85.95
    endloop
  endfacet
  facet normal 0 0 1
    outer loop
      vertex -11.082342851480671 -7.757666890849595 85.95
      vertex -11.065685424949239 -9.36531457505076 85.95
      vertex -10.987009143206976 -9.29631732776701 85.95
    endloop
  endfacet
  facet normal 0 0 1
    outer loop
      vertex -11.082342851480671 -7.757666890849595 85.95
      vertex -10.987009143206976 -9.29631732776701 85.95
      vertex -10.9 -9.238179676972448 85.95
    endloop
  endfacet
  facet normal 0 0 1
    outer loop
      vertex -11.082342851480671 -7.757666890849595 85.95
      vertex -10.9 -9.238179676972448 85.95
      vertex -10.806146745892072 -9.19189637399097 85.95
    endloop
  endfacet
  facet normal 0 0 1
    outer loop
      vertex -11.082342851480671 -7.757666890849595 85.95
      vertex -10.806146745892072 -9.19189637399097 85.95
      vertex -10.707055236082017 -9.158259338968744 85.95
    endloop
  endfacet
  facet normal 0 0 1
    outer loop
      vertex -10.793683932495115 -7.700249061908925 85.95
      vertex -10.707055236082017 -9.158259338968744 85.95
      vertex -10.60442095377604 -9.13784411090095 85.95
    endloop
  endfacet
  facet normal -0.0654031292301422 -0.9978589232386036 8.180030004080925e-20
    outer loop
      vertex -10.793683932495115 -12.161750938091073 80.95
      vertex -10.5 -12.181 80.95
      vertex -10.5 -12.181 85.95
    endloop
  endfacet
  facet normal 0.0654031292301422 -0.9978589232386036 -8.180030004080925e-20
    outer loop
      vertex -10.5 -12.181 80.95
      vertex -10.206316067504885 -12.161750938091073 80.95
      vertex -10.206316067504885 -12.161750938091073 85.95
    endloop
  endfacet
  facet normal 0.0654031292301422 -0.9978589232386036 0
    outer loop
      vertex -10.5 -12.181 80.95
      vertex -10.206316067504885 -12.161750938091073 85.95
      vertex -10.5 -12.181 85.95
    endloop
  endfacet
  facet normal 0.19509032201612855 -0.9807852804032303 0
    outer loop
      vertex -10.206316067504885 -12.161750938091073 80.95
      vertex -9.917657148519329 -12.104333109150403 85.95
      vertex -10.206316067504885 -12.161750938091073 85.95
    endloop
  endfacet
  facet normal 0.19509032201612855 -0.9807852804032303 -2.7828459827144165e-19
    outer loop
      vertex -10.206316067504885 -12.161750938091073 80.95
      vertex -9.917657148519329 -12.104333109150403 80.95
      vertex -9.917657148519329 -12.104333109150403 85.95
    endloop
  endfacet
  facet normal 0.3214394653031609 -0.9469301294951059 9.042399491963149e-19
    outer loop
      vertex -9.917657148519329 -12.104333109150403 80.95
      vertex -9.638962277178548 -12.009728948150395 80.95
      vertex -9.638962277178548 -12.009728948150395 85.95
    endloop
  endfacet
  facet normal 0.3214394653031609 -0.9469301294951059 0
    outer loop
      vertex -9.917657148519329 -12.104333109150403 80.95
      vertex -9.638962277178548 -12.009728948150395 85.95
      vertex -9.917657148519329 -12.104333109150403 85.95
    endloop
  endfacet
  facet normal 0 0 1
    outer loop
      vertex -10.5 -12.181 85.95
      vertex -10.206316067504885 -12.161750938091073 85.95
      vertex -10.39557904622396 -10.724155889099048 85.95
    endloop
  endfacet
  facet normal 0 0 1
    outer loop
      vertex -10.5 -12.181 85.95
      vertex -10.5 -10.731 85.95
      vertex -10.60442095377604 -10.724155889099048 85.95
    endloop
  endfacet
  facet normal 0 0 1
    outer loop
      vertex -10.5 -12.181 85.95
      vertex -10.39557904622396 -10.724155889099048 85.95
      vertex -10.5 -10.731 85.95
    endloop
  endfacet
  facet normal 0 0 1
    outer loop
      vertex -10.206316067504885 -12.161750938091073 85.95
      vertex -9.917657148519329 -12.104333109150403 85.95
      vertex -10.292944763917983 -10.703740661031254 85.95
    endloop
  endfacet
  facet normal 0 0 1
    outer loop
      vertex -10.206316067504885 -12.161750938091073 85.95
      vertex -10.292944763917983 -10.703740661031254 85.95
      vertex -10.39557904622396 -10.724155889099048 85.95
    endloop
  endfacet
  facet normal 0 0 1
    outer loop
      vertex -9.917657148519329 -12.104333109150403 85.95
      vertex -10.193853254107928 -10.670103626009029 85.95
      vertex -10.292944763917983 -10.703740661031254 85.95
    endloop
  endfacet
  facet normal 0 0 1
    outer loop
      vertex -9.917657148519329 -12.104333109150403 85.95
      vertex -9.638962277178548 -12.009728948150395 85.95
      vertex -9.934314575050761 -10.496685424949238 85.95
    endloop
  endfacet
  facet normal 0 0 1
    outer loop
      vertex -9.917657148519329 -12.104333109150403 85.95
      vertex -10.1 -10.62382032302755 85.95
      vertex -10.193853254107928 -10.670103626009029 85.95
    endloop
  endfacet
  facet normal 0 0 1
    outer loop
      vertex -9.917657148519329 -12.104333109150403 85.95
      vertex -10.012990856793024 -10.565682672232988 85.95
      vertex -10.1 -10.62382032302755 85.95
    endloop
  endfacet
  facet normal 0 0 1
    outer loop
      vertex -9.917657148519329 -12.104333109150403 85.95
      vertex -9.934314575050761 -10.496685424949238 85.95
      vertex -10.012990856793024 -10.565682672232988 85.95
    endloop
  endfacet
  facet normal 0 0 1
    outer loop
      vertex -9.638962277178548 -12.009728948150395 85.95
      vertex -9.865317327767013 -10.418009143206977 85.95
      vertex -9.934314575050761 -10.496685424949238 85.95
    endloop
  endfacet
  facet normal 0 0 1
    outer loop
      vertex -9.638962277178548 -12.009728948150395 85.95
      vertex -9.80717967697245 -10.331 85.95
      vertex -9.865317327767013 -10.418009143206977 85.95
    endloop
  endfacet
  facet normal 0 0 1
    outer loop
      vertex -9.638962277178548 -12.009728948150395 85.95
      vertex -9.76089637399097 -10.23714674589207 85.95
      vertex -9.80717967697245 -10.331 85.95
    endloop
  endfacet
  facet normal 0 0 1
    outer loop
      vertex -9.638962277178548 -12.009728948150395 85.95
      vertex -9.727259338968745 -10.138055236082016 85.95
      vertex -9.76089637399097 -10.23714674589207 85.95
    endloop
  endfacet
  facet normal 0 0 1
    outer loop
      vertex -9.638962277178548 -12.009728948150395 85.95
      vertex -9.706844110900951 -10.03542095377604 85.95
      vertex -9.727259338968745 -10.138055236082016 85.95
    endloop
  endfacet
  facet normal 0 0 1
    outer loop
      vertex -9.638962277178548 -12.009728948150395 85.95
      vertex -9.7 -9.931 85.95
      vertex -9.706844110900951 -10.03542095377604 85.95
    endloop
  endfacet
  facet normal 0.4422886902190019 -0.896872741532688 -1.2067754828735314e-18
    outer loop
      vertex -9.638962277178548 -12.009728948150395 80.95
      vertex -9.375 -11.879557158514986 80.95
      vertex -9.375 -11.879557158514986 85.95
    endloop
  endfacet
  facet normal 0.5555702330196001 -0.8314696123025467 -1.684560552395923e-18
    outer loop
      vertex -9.375 -11.879557158514986 80.95
      vertex -9.130286784730378 -11.71604501565528 80.95
      vertex -9.130286784730378 -11.71604501565528 85.95
    endloop
  endfacet
  facet normal 0.4422886902190019 -0.896872741532688 0
    outer loop
      vertex -9.638962277178548 -12.009728948150395 80.95
      vertex -9.375 -11.879557158514986 85.95
      vertex -9.638962277178548 -12.009728948150395 85.95
    endloop
  endfacet
  facet normal 0.5555702330196001 -0.8314696123025467 0
    outer loop
      vertex -9.375 -11.879557158514986 80.95
      vertex -9.130286784730378 -11.71604501565528 85.95
      vertex -9.375 -11.879557158514986 85.95
    endloop
  endfacet
  facet normal 0.6593458151000693 -0.7518398074789769 0
    outer loop
      vertex -9.130286784730378 -11.71604501565528 80.95
      vertex -8.909009742330268 -11.521990257669732 85.95
      vertex -9.130286784730378 -11.71604501565528 85.95
    endloop
  endfacet
  facet normal 0.6593458151000693 -0.7518398074789769 9.937781332677347e-19
    outer loop
      vertex -9.130286784730378 -11.71604501565528 80.95
      vertex -8.909009742330268 -11.521990257669732 80.95
      vertex -8.909009742330268 -11.521990257669732 85.95
    endloop
  endfacet
  facet normal 0.7518398074789799 -0.6593458151000658 -2.0566563056617048e-18
    outer loop
      vertex -8.909009742330268 -11.521990257669732 80.95
      vertex -8.714954984344722 -11.30071321526962 80.95
      vertex -8.714954984344722 -11.30071321526962 85.95
    endloop
  endfacet
  facet normal 0.7518398074789799 -0.6593458151000658 0
    outer loop
      vertex -8.909009742330268 -11.521990257669732 80.95
      vertex -8.714954984344722 -11.30071321526962 85.95
      vertex -8.909009742330268 -11.521990257669732 85.95
    endloop
  endfacet
  facet normal 0.8314696123025439 -0.5555702330196043 0
    outer loop
      vertex -8.714954984344722 -11.30071321526962 80.95
      vertex -8.551442841485013 -11.056 85.95
      vertex -8.714954984344722 -11.30071321526962 85.95
    endloop
  endfacet
  facet normal 0.8314696123025439 -0.5555702330196043 1.3642718854952212e-18
    outer loop
      vertex -8.714954984344722 -11.30071321526962 80.95
      vertex -8.551442841485013 -11.056 80.95
      vertex -8.551442841485013 -11.056 85.95
    endloop
  endfacet
  facet normal 0.896872741532688 -0.4422886902190019 0
    outer loop
      vertex -8.551442841485013 -11.056 80.95
      vertex -8.421271051849605 -10.792037722821451 85.95
      vertex -8.551442841485013 -11.056 85.95
    endloop
  endfacet
  facet normal 0 0 1
    outer loop
      vertex -9.638962277178548 -12.009728948150395 85.95
      vertex -9.638962277178548 -7.852271051849604 85.95
      vertex -9.7 -9.931 85.95
    endloop
  endfacet
  facet normal 0 0 1
    outer loop
      vertex -10.5 -7.680999999999999 85.95
      vertex -10.60442095377604 -9.13784411090095 85.95
      vertex -10.5 -9.130999999999998 85.95
    endloop
  endfacet
  facet normal 0 0 1
    outer loop
      vertex -10.5 -7.680999999999999 85.95
      vertex -10.5 -9.130999999999998 85.95
      vertex -10.39557904622396 -9.13784411090095 85.95
    endloop
  endfacet
  facet normal 0 0 1
    outer loop
      vertex -10.206316067504885 -7.700249061908925 85.95
      vertex -10.39557904622396 -9.13784411090095 85.95
      vertex -10.292944763917983 -9.158259338968744 85.95
    endloop
  endfacet
  facet normal 0 0 1
    outer loop
      vertex -10.206316067504885 -7.700249061908925 85.95
      vertex -10.292944763917983 -9.158259338968744 85.95
      vertex -10.193853254107928 -9.19189637399097 85.95
    endloop
  endfacet
  facet normal 0 0 1
    outer loop
      vertex -10.206316067504885 -7.700249061908925 85.95
      vertex -10.193853254107928 -9.19189637399097 85.95
      vertex -10.1 -9.238179676972448 85.95
    endloop
  endfacet
  facet normal 0 0 1
    outer loop
      vertex -9.638962277178548 -7.852271051849604 85.95
      vertex -9.76089637399097 -9.624853254107927 85.95
      vertex -9.727259338968745 -9.723944763917983 85.95
    endloop
  endfacet
  facet normal 0 0 1
    outer loop
      vertex -9.638962277178548 -7.852271051849604 85.95
      vertex -9.706844110900951 -9.826579046223959 85.95
      vertex -9.7 -9.931 85.95
    endloop
  endfacet
  facet normal 0 0 1
    outer loop
      vertex -9.638962277178548 -7.852271051849604 85.95
      vertex -9.727259338968745 -9.723944763917983 85.95
      vertex -9.706844110900951 -9.826579046223959 85.95
    endloop
  endfacet
  facet normal 0 0 1
    outer loop
      vertex -9.917657148519329 -7.757666890849595 85.95
      vertex -9.80717967697245 -9.530999999999999 85.95
      vertex -9.76089637399097 -9.624853254107927 85.95
    endloop
  endfacet
  facet normal 0 0 1
    outer loop
      vertex -9.917657148519329 -7.757666890849595 85.95
      vertex -9.865317327767013 -9.443990856793022 85.95
      vertex -9.80717967697245 -9.530999999999999 85.95
    endloop
  endfacet
  facet normal 0 0 1
    outer loop
      vertex -9.917657148519329 -7.757666890849595 85.95
      vertex -9.934314575050761 -9.36531457505076 85.95
      vertex -9.865317327767013 -9.443990856793022 85.95
    endloop
  endfacet
  facet normal 0 0 1
    outer loop
      vertex -9.917657148519329 -7.757666890849595 85.95
      vertex -10.012990856793024 -9.29631732776701 85.95
      vertex -9.934314575050761 -9.36531457505076 85.95
    endloop
  endfacet
  facet normal 0 0 1
    outer loop
      vertex -9.917657148519329 -7.757666890849595 85.95
      vertex -10.1 -9.238179676972448 85.95
      vertex -10.012990856793024 -9.29631732776701 85.95
    endloop
  endfacet
  facet normal 0 0 1
    outer loop
      vertex -9.638962277178548 -12.009728948150395 85.95
      vertex -9.375 -11.879557158514986 85.95
      vertex -9.638962277178548 -7.852271051849604 85.95
    endloop
  endfacet
  facet normal 0 0 1
    outer loop
      vertex -9.375 -11.879557158514986 85.95
      vertex -9.130286784730378 -11.71604501565528 85.95
      vertex -9.375 -7.982442841485012 85.95
    endloop
  endfacet
  facet normal 0 0 1
    outer loop
      vertex -9.130286784730378 -11.71604501565528 85.95
      vertex -8.909009742330268 -11.521990257669732 85.95
      vertex -9.130286784730378 -8.14595498434472 85.95
    endloop
  endfacet
  facet normal 0 0 1
    outer loop
      vertex -8.909009742330268 -11.521990257669732 85.95
      vertex -8.714954984344722 -11.30071321526962 85.95
      vertex -8.909009742330268 -8.340009742330267 85.95
    endloop
  endfacet
  facet normal 0 0 1
    outer loop
      vertex -8.714954984344722 -11.30071321526962 85.95
      vertex -8.551442841485013 -11.056 85.95
      vertex -8.714954984344722 -8.561286784730378 85.95
    endloop
  endfacet
  facet normal 0 0 1
    outer loop
      vertex -8.551442841485013 -11.056 85.95
      vertex -8.421271051849605 -10.792037722821451 85.95
      vertex -8.551442841485013 -8.806 85.95
    endloop
  endfacet
  facet normal 0.896872741532688 0.4422886902190019 0
    outer loop
      vertex -8.551442841485013 -8.806 80.95
      vertex -8.551442841485013 -8.806 85.95
      vertex -8.421271051849605 -9.069962277178547 80.95
    endloop
  endfacet
  facet normal 0.8314696123025439 0.5555702330196043 -1.3642718854952212e-18
    outer loop
      vertex -8.551442841485013 -8.806 80.95
      vertex -8.714954984344722 -8.561286784730378 80.95
      vertex -8.714954984344722 -8.561286784730378 85.95
    endloop
  endfacet
  facet normal 0.8314696123025439 0.5555702330196043 0
    outer loop
      vertex -8.551442841485013 -8.806 80.95
      vertex -8.714954984344722 -8.561286784730378 85.95
      vertex -8.551442841485013 -8.806 85.95
    endloop
  endfacet
  facet normal 0 0 1
    outer loop
      vertex -9.375 -11.879557158514986 85.95
      vertex -9.375 -7.982442841485012 85.95
      vertex -9.638962277178548 -7.852271051849604 85.95
    endloop
  endfacet
  facet normal 0 0 1
    outer loop
      vertex -9.130286784730378 -11.71604501565528 85.95
      vertex -9.130286784730378 -8.14595498434472 85.95
      vertex -9.375 -7.982442841485012 85.95
    endloop
  endfacet
  facet normal 0 0 1
    outer loop
      vertex -8.909009742330268 -11.521990257669732 85.95
      vertex -8.909009742330268 -8.340009742330267 85.95
      vertex -9.130286784730378 -8.14595498434472 85.95
    endloop
  endfacet
  facet normal 0 0 1
    outer loop
      vertex -8.714954984344722 -11.30071321526962 85.95
      vertex -8.714954984344722 -8.561286784730378 85.95
      vertex -8.909009742330268 -8.340009742330267 85.95
    endloop
  endfacet
  facet normal 0 0 1
    outer loop
      vertex -8.551442841485013 -11.056 85.95
      vertex -8.551442841485013 -8.806 85.95
      vertex -8.714954984344722 -8.561286784730378 85.95
    endloop
  endfacet
  facet normal -0.7518398074789799 0.6593458151000658 0
    outer loop
      vertex -12.285045015655278 -8.561286784730378 80.95
      vertex -12.285045015655278 -8.561286784730378 85.95
      vertex -12.090990257669732 -8.340009742330267 80.95
    endloop
  endfacet
  facet normal -0.6593458151000693 0.7518398074789769 0
    outer loop
      vertex -12.090990257669732 -8.340009742330267 80.95
      vertex -12.090990257669732 -8.340009742330267 85.95
      vertex -11.869713215269622 -8.14595498434472 80.95
    endloop
  endfacet
  facet normal -0.5555702330196001 0.8314696123025467 0
    outer loop
      vertex -11.869713215269622 -8.14595498434472 80.95
      vertex -11.869713215269622 -8.14595498434472 85.95
      vertex -11.625 -7.982442841485012 80.95
    endloop
  endfacet
  facet normal -0.7518398074789799 0.6593458151000658 -2.0566563056617048e-18
    outer loop
      vertex -12.285045015655278 -8.561286784730378 85.95
      vertex -12.090990257669732 -8.340009742330267 85.95
      vertex -12.090990257669732 -8.340009742330267 80.95
    endloop
  endfacet
  facet normal -0.6593458151000693 0.7518398074789769 0
    outer loop
      vertex -11.869713215269622 -8.14595498434472 80.95
      vertex -12.090990257669732 -8.340009742330267 85.95
      vertex -11.869713215269622 -8.14595498434472 85.95
    endloop
  endfacet
  facet normal -0.5555702330196001 0.8314696123025467 0
    outer loop
      vertex -11.625 -7.982442841485012 80.95
      vertex -11.869713215269622 -8.14595498434472 85.95
      vertex -11.625 -7.982442841485012 85.95
    endloop
  endfacet
  facet normal -0.4422886902190019 0.896872741532688 0
    outer loop
      vertex -11.625 -7.982442841485012 80.95
      vertex -11.625 -7.982442841485012 85.95
      vertex -11.361037722821452 -7.852271051849604 80.95
    endloop
  endfacet
  facet normal -0.3214394653031609 0.9469301294951059 0
    outer loop
      vertex -11.361037722821452 -7.852271051849604 80.95
      vertex -11.361037722821452 -7.852271051849604 85.95
      vertex -11.082342851480671 -7.757666890849595 80.95
    endloop
  endfacet
  facet normal -0.4422886902190019 0.896872741532688 0
    outer loop
      vertex -11.361037722821452 -7.852271051849604 80.95
      vertex -11.625 -7.982442841485012 85.95
      vertex -11.361037722821452 -7.852271051849604 85.95
    endloop
  endfacet
  facet normal -0.3214394653031609 0.9469301294951059 0
    outer loop
      vertex -11.082342851480671 -7.757666890849595 80.95
      vertex -11.361037722821452 -7.852271051849604 85.95
      vertex -11.082342851480671 -7.757666890849595 85.95
    endloop
  endfacet
  facet normal -0.19509032201612855 0.9807852804032303 0
    outer loop
      vertex -11.082342851480671 -7.757666890849595 80.95
      vertex -11.082342851480671 -7.757666890849595 85.95
      vertex -10.793683932495115 -7.700249061908925 80.95
    endloop
  endfacet
  facet normal -0.0654031292301422 0.9978589232386036 0
    outer loop
      vertex -10.793683932495115 -7.700249061908925 80.95
      vertex -10.793683932495115 -7.700249061908925 85.95
      vertex -10.5 -7.680999999999999 80.95
    endloop
  endfacet
  facet normal -0.19509032201612855 0.9807852804032303 0
    outer loop
      vertex -10.793683932495115 -7.700249061908925 80.95
      vertex -11.082342851480671 -7.757666890849595 85.95
      vertex -10.793683932495115 -7.700249061908925 85.95
    endloop
  endfacet
  facet normal 0 0 1
    outer loop
      vertex -11.361037722821452 -7.852271051849604 85.95
      vertex -11.065685424949239 -9.36531457505076 85.95
      vertex -11.082342851480671 -7.757666890849595 85.95
    endloop
  endfacet
  facet normal 0 0 1
    outer loop
      vertex -11.082342851480671 -7.757666890849595 85.95
      vertex -10.707055236082017 -9.158259338968744 85.95
      vertex -10.793683932495115 -7.700249061908925 85.95
    endloop
  endfacet
  facet normal 0 0 1
    outer loop
      vertex -10.793683932495115 -7.700249061908925 85.95
      vertex -10.60442095377604 -9.13784411090095 85.95
      vertex -10.5 -7.680999999999999 85.95
    endloop
  endfacet
  facet normal 0.0654031292301422 0.9978589232386036 0
    outer loop
      vertex -10.5 -7.680999999999999 80.95
      vertex -10.5 -7.680999999999999 85.95
      vertex -10.206316067504885 -7.700249061908925 80.95
    endloop
  endfacet
  facet normal 0.19509032201612855 0.9807852804032303 0
    outer loop
      vertex -10.206316067504885 -7.700249061908925 80.95
      vertex -10.206316067504885 -7.700249061908925 85.95
      vertex -9.917657148519329 -7.757666890849595 80.95
    endloop
  endfacet
  facet normal -0.0654031292301422 0.9978589232386036 0
    outer loop
      vertex -10.5 -7.680999999999999 80.95
      vertex -10.793683932495115 -7.700249061908925 85.95
      vertex -10.5 -7.680999999999999 85.95
    endloop
  endfacet
  facet normal 0.0654031292301422 0.9978589232386036 0
    outer loop
      vertex -10.206316067504885 -7.700249061908925 80.95
      vertex -10.5 -7.680999999999999 85.95
      vertex -10.206316067504885 -7.700249061908925 85.95
    endloop
  endfacet
  facet normal 0.3214394653031609 0.9469301294951059 0
    outer loop
      vertex -9.917657148519329 -7.757666890849595 80.95
      vertex -9.917657148519329 -7.757666890849595 85.95
      vertex -9.638962277178548 -7.852271051849604 80.95
    endloop
  endfacet
  facet normal 0.19509032201612855 0.9807852804032303 0
    outer loop
      vertex -9.917657148519329 -7.757666890849595 80.95
      vertex -10.206316067504885 -7.700249061908925 85.95
      vertex -9.917657148519329 -7.757666890849595 85.95
    endloop
  endfacet
  facet normal 0.3214394653031609 0.9469301294951059 0
    outer loop
      vertex -9.638962277178548 -7.852271051849604 80.95
      vertex -9.917657148519329 -7.757666890849595 85.95
      vertex -9.638962277178548 -7.852271051849604 85.95
    endloop
  endfacet
  facet normal 0 0 1
    outer loop
      vertex -10.5 -7.680999999999999 85.95
      vertex -10.39557904622396 -9.13784411090095 85.95
      vertex -10.206316067504885 -7.700249061908925 85.95
    endloop
  endfacet
  facet normal 0 0 1
    outer loop
      vertex -10.206316067504885 -7.700249061908925 85.95
      vertex -10.1 -9.238179676972448 85.95
      vertex -9.917657148519329 -7.757666890849595 85.95
    endloop
  endfacet
  facet normal 0 0 1
    outer loop
      vertex -9.917657148519329 -7.757666890849595 85.95
      vertex -9.76089637399097 -9.624853254107927 85.95
      vertex -9.638962277178548 -7.852271051849604 85.95
    endloop
  endfacet
  facet normal 0.5555702330196001 0.8314696123025467 0
    outer loop
      vertex -9.375 -7.982442841485012 80.95
      vertex -9.375 -7.982442841485012 85.95
      vertex -9.130286784730378 -8.14595498434472 80.95
    endloop
  endfacet
  facet normal 0.6593458151000693 0.7518398074789769 0
    outer loop
      vertex -9.130286784730378 -8.14595498434472 80.95
      vertex -9.130286784730378 -8.14595498434472 85.95
      vertex -8.909009742330268 -8.340009742330267 80.95
    endloop
  endfacet
  facet normal 0.5555702330196001 0.8314696123025467 0
    outer loop
      vertex -9.130286784730378 -8.14595498434472 80.95
      vertex -9.375 -7.982442841485012 85.95
      vertex -9.130286784730378 -8.14595498434472 85.95
    endloop
  endfacet
  facet normal 0.4422886902190019 0.896872741532688 0
    outer loop
      vertex -9.638962277178548 -7.852271051849604 80.95
      vertex -9.638962277178548 -7.852271051849604 85.95
      vertex -9.375 -7.982442841485012 80.95
    endloop
  endfacet
  facet normal 0.4422886902190019 0.896872741532688 0
    outer loop
      vertex -9.375 -7.982442841485012 80.95
      vertex -9.638962277178548 -7.852271051849604 85.95
      vertex -9.375 -7.982442841485012 85.95
    endloop
  endfacet
  facet normal 0.7518398074789799 0.6593458151000658 2.0566563056617048e-18
    outer loop
      vertex -8.714954984344722 -8.561286784730378 80.95
      vertex -8.909009742330268 -8.340009742330267 80.95
      vertex -8.909009742330268 -8.340009742330267 85.95
    endloop
  endfacet
  facet normal 0.6593458151000693 0.7518398074789769 0
    outer loop
      vertex -8.909009742330268 -8.340009742330267 80.95
      vertex -9.130286784730378 -8.14595498434472 85.95
      vertex -8.909009742330268 -8.340009742330267 85.95
    endloop
  endfacet
  facet normal 0.7518398074789799 0.6593458151000658 0
    outer loop
      vertex -8.714954984344722 -8.561286784730378 80.95
      vertex -8.909009742330268 -8.340009742330267 85.95
      vertex -8.714954984344722 -8.561286784730378 85.95
    endloop
  endfacet
  facet normal 0.896872741532688 -0.4422886902190019 -1.2067754828735314e-18
    outer loop
      vertex -8.551442841485013 -11.056 80.95
      vertex -8.421271051849605 -10.792037722821451 80.95
      vertex -8.421271051849605 -10.792037722821451 85.95
    endloop
  endfacet
  facet normal 0.9469301294951059 -0.3214394653031609 0
    outer loop
      vertex -8.421271051849605 -10.792037722821451 80.95
      vertex -8.326666890849596 -10.51334285148067 85.95
      vertex -8.421271051849605 -10.792037722821451 85.95
    endloop
  endfacet
  facet normal 0.9469301294951059 -0.3214394653031609 9.042399491963149e-19
    outer loop
      vertex -8.421271051849605 -10.792037722821451 80.95
      vertex -8.326666890849596 -10.51334285148067 80.95
      vertex -8.326666890849596 -10.51334285148067 85.95
    endloop
  endfacet
  facet normal 0.9807852804032303 -0.19509032201612855 -2.7828459827144165e-19
    outer loop
      vertex -8.326666890849596 -10.51334285148067 80.95
      vertex -8.269249061908926 -10.224683932495115 80.95
      vertex -8.269249061908926 -10.224683932495115 85.95
    endloop
  endfacet
  facet normal 0.9807852804032303 -0.19509032201612855 0
    outer loop
      vertex -8.326666890849596 -10.51334285148067 80.95
      vertex -8.269249061908926 -10.224683932495115 85.95
      vertex -8.326666890849596 -10.51334285148067 85.95
    endloop
  endfacet
  facet normal 0.9978589232386036 -0.0654031292301422 0
    outer loop
      vertex -8.269249061908926 -10.224683932495115 80.95
      vertex -8.25 -9.931 85.95
      vertex -8.269249061908926 -10.224683932495115 85.95
    endloop
  endfacet
  facet normal 0.9978589232386036 -0.0654031292301422 -8.180030004080925e-20
    outer loop
      vertex -8.269249061908926 -10.224683932495115 80.95
      vertex -8.25 -9.931 80.95
      vertex -8.25 -9.931 85.95
    endloop
  endfacet
  facet normal 0.9978589232386036 0.0654031292301422 8.180030004080925e-20
    outer loop
      vertex -8.25 -9.931 80.95
      vertex -8.269249061908926 -9.637316067504884 80.95
      vertex -8.269249061908926 -9.637316067504884 85.95
    endloop
  endfacet
  facet normal 0.9978589232386036 0.0654031292301422 0
    outer loop
      vertex -8.25 -9.931 80.95
      vertex -8.269249061908926 -9.637316067504884 85.95
      vertex -8.25 -9.931 85.95
    endloop
  endfacet
  facet normal 0 0 1
    outer loop
      vertex -8.421271051849605 -10.792037722821451 85.95
      vertex -8.326666890849596 -10.51334285148067 85.95
      vertex -8.421271051849605 -9.069962277178547 85.95
    endloop
  endfacet
  facet normal 0 0 1
    outer loop
      vertex -8.326666890849596 -10.51334285148067 85.95
      vertex -8.269249061908926 -10.224683932495115 85.95
      vertex -8.326666890849596 -9.348657148519328 85.95
    endloop
  endfacet
  facet normal 0 0 1
    outer loop
      vertex -8.269249061908926 -10.224683932495115 85.95
      vertex -8.25 -9.931 85.95
      vertex -8.269249061908926 -9.637316067504884 85.95
    endloop
  endfacet
  facet normal 0 0 1
    outer loop
      vertex -8.269249061908926 -10.224683932495115 85.95
      vertex -8.269249061908926 -9.637316067504884 85.95
      vertex -8.326666890849596 -9.348657148519328 85.95
    endloop
  endfacet
  facet normal 0 0 1
    outer loop
      vertex -8.326666890849596 -10.51334285148067 85.95
      vertex -8.326666890849596 -9.348657148519328 85.95
      vertex -8.421271051849605 -9.069962277178547 85.95
    endloop
  endfacet
  facet normal 0.9807852804032303 0.19509032201612855 2.7828459827144165e-19
    outer loop
      vertex -8.269249061908926 -9.637316067504884 80.95
      vertex -8.326666890849596 -9.348657148519328 80.95
      vertex -8.326666890849596 -9.348657148519328 85.95
    endloop
  endfacet
  facet normal 0.9469301294951059 0.3214394653031609 -9.042399491963149e-19
    outer loop
      vertex -8.326666890849596 -9.348657148519328 80.95
      vertex -8.421271051849605 -9.069962277178547 80.95
      vertex -8.421271051849605 -9.069962277178547 85.95
    endloop
  endfacet
  facet normal 0.9807852804032303 0.19509032201612855 0
    outer loop
      vertex -8.269249061908926 -9.637316067504884 80.95
      vertex -8.326666890849596 -9.348657148519328 85.95
      vertex -8.269249061908926 -9.637316067504884 85.95
    endloop
  endfacet
  facet normal 0.9469301294951059 0.3214394653031609 0
    outer loop
      vertex -8.326666890849596 -9.348657148519328 80.95
      vertex -8.421271051849605 -9.069962277178547 85.95
      vertex -8.326666890849596 -9.348657148519328 85.95
    endloop
  endfacet
  facet normal 0.896872741532688 0.4422886902190019 1.2067754828735314e-18
    outer loop
      vertex -8.551442841485013 -8.806 85.95
      vertex -8.421271051849605 -9.069962277178547 85.95
      vertex -8.421271051849605 -9.069962277178547 80.95
    endloop
  endfacet
  facet normal 0 0 1
    outer loop
      vertex -8.551442841485013 -8.806 85.95
      vertex -8.421271051849605 -10.792037722821451 85.95
      vertex -8.421271051849605 -9.069962277178547 85.95
    endloop
  endfacet
  facet normal -0.7518398074789799 -0.6593458151000658 0
    outer loop
      vertex -12.090990257669732 0.9780097423302687 80.95
      vertex -12.090990257669732 0.9780097423302687 85.95
      vertex -12.285045015655278 1.1992867847303794 80.95
    endloop
  endfacet
  facet normal -0.5555702330196016 -0.8314696123025457 -6.37576265343618e-19
    outer loop
      vertex -11.869713215269622 0.7839549843447218 80.95
      vertex -11.625 0.620442841485014 80.95
      vertex -11.625 0.620442841485014 85.95
    endloop
  endfacet
  facet normal -0.6593458151000681 -0.7518398074789782 1.501347813308023e-19
    outer loop
      vertex -12.090990257669732 0.9780097423302687 80.95
      vertex -11.869713215269622 0.7839549843447218 80.95
      vertex -11.869713215269622 0.7839549843447218 85.95
    endloop
  endfacet
  facet normal -0.6593458151000681 -0.7518398074789782 0
    outer loop
      vertex -12.090990257669732 0.9780097423302687 80.95
      vertex -11.869713215269622 0.7839549843447218 85.95
      vertex -12.090990257669732 0.9780097423302687 85.95
    endloop
  endfacet
  facet normal -0.5555702330196016 -0.8314696123025457 0
    outer loop
      vertex -11.869713215269622 0.7839549843447218 80.95
      vertex -11.625 0.620442841485014 85.95
      vertex -11.869713215269622 0.7839549843447218 85.95
    endloop
  endfacet
  facet normal -0.896872741532688 -0.4422886902190019 0
    outer loop
      vertex -12.448557158514987 1.4440000000000008 80.95
      vertex -12.448557158514987 1.4440000000000008 85.95
      vertex -12.578728948150395 1.7079622771785488 80.95
    endloop
  endfacet
  facet normal -0.8314696123025437 -0.5555702330196046 0
    outer loop
      vertex -12.285045015655278 1.1992867847303794 80.95
      vertex -12.285045015655278 1.1992867847303794 85.95
      vertex -12.448557158514987 1.4440000000000008 80.95
    endloop
  endfacet
  facet normal -0.7518398074789799 -0.6593458151000658 0
    outer loop
      vertex -12.285045015655278 1.1992867847303794 80.95
      vertex -12.090990257669732 0.9780097423302687 85.95
      vertex -12.285045015655278 1.1992867847303794 85.95
    endloop
  endfacet
  facet normal -0.8314696123025437 -0.5555702330196046 0
    outer loop
      vertex -12.448557158514987 1.4440000000000008 80.95
      vertex -12.285045015655278 1.1992867847303794 85.95
      vertex -12.448557158514987 1.4440000000000008 85.95
    endloop
  endfacet
  facet normal -0.9469301294951059 -0.32143946530316114 0
    outer loop
      vertex -12.578728948150395 1.7079622771785488 80.95
      vertex -12.578728948150395 1.7079622771785488 85.95
      vertex -12.673333109150404 1.9866571485193292 80.95
    endloop
  endfacet
  facet normal -0.9807852804032303 -0.1950903220161287 0
    outer loop
      vertex -12.673333109150404 1.9866571485193292 80.95
      vertex -12.673333109150404 1.9866571485193292 85.95
      vertex -12.730750938091074 2.275316067504885 80.95
    endloop
  endfacet
  facet normal -0.896872741532688 -0.4422886902190019 0
    outer loop
      vertex -12.578728948150395 1.7079622771785488 80.95
      vertex -12.448557158514987 1.4440000000000008 85.95
      vertex -12.578728948150395 1.7079622771785488 85.95
    endloop
  endfacet
  facet normal -0.9469301294951059 -0.32143946530316114 0
    outer loop
      vertex -12.673333109150404 1.9866571485193292 80.95
      vertex -12.578728948150395 1.7079622771785488 85.95
      vertex -12.673333109150404 1.9866571485193292 85.95
    endloop
  endfacet
  facet normal 0 0 1
    outer loop
      vertex -12.285045015655278 1.1992867847303794 85.95
      vertex -12.448557158514987 3.694000000000001 85.95
      vertex -12.448557158514987 1.4440000000000008 85.95
    endloop
  endfacet
  facet normal 0 0 1
    outer loop
      vertex -12.090990257669732 0.9780097423302687 85.95
      vertex -12.285045015655278 3.9387132152696225 85.95
      vertex -12.285045015655278 1.1992867847303794 85.95
    endloop
  endfacet
  facet normal 0 0 1
    outer loop
      vertex -12.090990257669732 0.9780097423302687 85.95
      vertex -11.869713215269622 0.7839549843447218 85.95
      vertex -12.090990257669732 4.159990257669733 85.95
    endloop
  endfacet
  facet normal 0 0 1
    outer loop
      vertex -11.869713215269622 0.7839549843447218 85.95
      vertex -11.625 0.620442841485014 85.95
      vertex -11.869713215269622 4.35404501565528 85.95
    endloop
  endfacet
  facet normal -0.32143946530316225 -0.9469301294951055 -1.3315549315029724e-19
    outer loop
      vertex -11.361037722821452 0.49027105184960584 80.95
      vertex -11.082342851480671 0.39566689084959705 80.95
      vertex -11.082342851480671 0.39566689084959705 85.95
    endloop
  endfacet
  facet normal -0.32143946530316225 -0.9469301294951055 0
    outer loop
      vertex -11.361037722821452 0.49027105184960584 80.95
      vertex -11.082342851480671 0.39566689084959705 85.95
      vertex -11.361037722821452 0.49027105184960584 85.95
    endloop
  endfacet
  facet normal -0.4422886902190013 -0.8968727415326883 0
    outer loop
      vertex -11.361037722821452 0.49027105184960584 80.95
      vertex -11.361037722821452 0.49027105184960584 85.95
      vertex -11.625 0.620442841485014 80.95
    endloop
  endfacet
  facet normal -0.4422886902190013 -0.8968727415326883 0
    outer loop
      vertex -11.625 0.620442841485014 80.95
      vertex -11.361037722821452 0.49027105184960584 85.95
      vertex -11.625 0.620442841485014 85.95
    endloop
  endfacet
  facet normal -0.1950903220161271 -0.9807852804032307 1.5649227839344362e-19
    outer loop
      vertex -11.082342851480671 0.39566689084959705 80.95
      vertex -10.793683932495115 0.33824906190892756 80.95
      vertex -10.793683932495115 0.33824906190892756 85.95
    endloop
  endfacet
  facet normal -0.1950903220161271 -0.9807852804032307 0
    outer loop
      vertex -11.082342851480671 0.39566689084959705 80.95
      vertex -10.793683932495115 0.33824906190892756 85.95
      vertex -11.082342851480671 0.39566689084959705 85.95
    endloop
  endfacet
  facet normal -0.0654031292301437 -0.9978589232386035 0
    outer loop
      vertex -10.793683932495115 0.33824906190892756 80.95
      vertex -10.5 0.31900000000000084 85.95
      vertex -10.793683932495115 0.33824906190892756 85.95
    endloop
  endfacet
  facet normal 0 0 1
    outer loop
      vertex -11.361037722821452 0.49027105184960584 85.95
      vertex -11.082342851480671 0.39566689084959705 85.95
      vertex -11.23910362600903 2.262853254107929 85.95
    endloop
  endfacet
  facet normal 0 0 1
    outer loop
      vertex -11.082342851480671 0.39566689084959705 85.95
      vertex -10.793683932495115 0.33824906190892756 85.95
      vertex -10.9 1.87617967697245 85.95
    endloop
  endfacet
  facet normal 0 0 1
    outer loop
      vertex -10.793683932495115 0.33824906190892756 85.95
      vertex -10.5 0.31900000000000084 85.95
      vertex -10.60442095377604 1.7758441109009526 85.95
    endloop
  endfacet
  facet normal 0 0 1
    outer loop
      vertex -11.361037722821452 0.49027105184960584 85.95
      vertex -11.625 4.517557158514988 85.95
      vertex -11.625 0.620442841485014 85.95
    endloop
  endfacet
  facet normal 0 0 1
    outer loop
      vertex -11.361037722821452 0.49027105184960584 85.95
      vertex -11.23910362600903 2.262853254107929 85.95
      vertex -11.272740661031255 2.3619447639179842 85.95
    endloop
  endfacet
  facet normal 0 0 1
    outer loop
      vertex -11.361037722821452 0.49027105184960584 85.95
      vertex -11.272740661031255 2.3619447639179842 85.95
      vertex -11.293155889099049 2.4645790462239594 85.95
    endloop
  endfacet
  facet normal 0 0 1
    outer loop
      vertex -11.361037722821452 0.49027105184960584 85.95
      vertex -11.293155889099049 2.4645790462239594 85.95
      vertex -11.3 2.569000000000001 85.95
    endloop
  endfacet
  facet normal 0 0 1
    outer loop
      vertex -11.082342851480671 0.39566689084959705 85.95
      vertex -11.19282032302755 2.169000000000001 85.95
      vertex -11.23910362600903 2.262853254107929 85.95
    endloop
  endfacet
  facet normal 0 0 1
    outer loop
      vertex -11.082342851480671 0.39566689084959705 85.95
      vertex -10.987009143206976 1.9343173277670127 85.95
      vertex -11.065685424949239 2.0033145750507626 85.95
    endloop
  endfacet
  facet normal 0 0 1
    outer loop
      vertex -11.082342851480671 0.39566689084959705 85.95
      vertex -11.065685424949239 2.0033145750507626 85.95
      vertex -11.134682672232987 2.0819908567930243 85.95
    endloop
  endfacet
  facet normal 0 0 1
    outer loop
      vertex -11.082342851480671 0.39566689084959705 85.95
      vertex -11.134682672232987 2.0819908567930243 85.95
      vertex -11.19282032302755 2.169000000000001 85.95
    endloop
  endfacet
  facet normal 0 0 1
    outer loop
      vertex -11.082342851480671 0.39566689084959705 85.95
      vertex -10.9 1.87617967697245 85.95
      vertex -10.987009143206976 1.9343173277670127 85.95
    endloop
  endfacet
  facet normal 0 0 1
    outer loop
      vertex -10.793683932495115 0.33824906190892756 85.95
      vertex -10.707055236082017 1.796259338968746 85.95
      vertex -10.806146745892072 1.8298963739909713 85.95
    endloop
  endfacet
  facet normal 0 0 1
    outer loop
      vertex -10.793683932495115 0.33824906190892756 85.95
      vertex -10.60442095377604 1.7758441109009526 85.95
      vertex -10.707055236082017 1.796259338968746 85.95
    endloop
  endfacet
  facet normal 0 0 1
    outer loop
      vertex -10.793683932495115 0.33824906190892756 85.95
      vertex -10.806146745892072 1.8298963739909713 85.95
      vertex -10.9 1.87617967697245 85.95
    endloop
  endfacet
  facet normal -0.9978589232386036 -0.0654031292301421 0
    outer loop
      vertex -12.730750938091074 2.275316067504885 80.95
      vertex -12.730750938091074 2.275316067504885 85.95
      vertex -12.75 2.569000000000001 80.95
    endloop
  endfacet
  facet normal -0.9807852804032303 -0.1950903220161287 0
    outer loop
      vertex -12.730750938091074 2.275316067504885 80.95
      vertex -12.673333109150404 1.9866571485193292 85.95
      vertex -12.730750938091074 2.275316067504885 85.95
    endloop
  endfacet
  facet normal -0.9978589232386036 -0.0654031292301421 0
    outer loop
      vertex -12.75 2.569000000000001 80.95
      vertex -12.730750938091074 2.275316067504885 85.95
      vertex -12.75 2.569000000000001 85.95
    endloop
  endfacet
  facet normal -0.9978589232386036 0.0654031292301421 0
    outer loop
      vertex -12.75 2.569000000000001 80.95
      vertex -12.75 2.569000000000001 85.95
      vertex -12.730750938091074 2.8626839324951168 80.95
    endloop
  endfacet
  facet normal -0.9807852804032303 0.19509032201612886 0
    outer loop
      vertex -12.730750938091074 2.8626839324951168 80.95
      vertex -12.730750938091074 2.8626839324951168 85.95
      vertex -12.673333109150404 3.1513428514806723 80.95
    endloop
  endfacet
  facet normal -0.9978589232386036 0.0654031292301421 0
    outer loop
      vertex -12.730750938091074 2.8626839324951168 80.95
      vertex -12.75 2.569000000000001 85.95
      vertex -12.730750938091074 2.8626839324951168 85.95
    endloop
  endfacet
  facet normal -0.9807852804032303 0.19509032201612886 0
    outer loop
      vertex -12.673333109150404 3.1513428514806723 80.95
      vertex -12.730750938091074 2.8626839324951168 85.95
      vertex -12.673333109150404 3.1513428514806723 85.95
    endloop
  endfacet
  facet normal 0 0 1
    outer loop
      vertex -12.673333109150404 1.9866571485193292 85.95
      vertex -12.730750938091074 2.8626839324951168 85.95
      vertex -12.730750938091074 2.275316067504885 85.95
    endloop
  endfacet
  facet normal 0 0 1
    outer loop
      vertex -12.578728948150395 1.7079622771785488 85.95
      vertex -12.673333109150404 3.1513428514806723 85.95
      vertex -12.673333109150404 1.9866571485193292 85.95
    endloop
  endfacet
  facet normal 0 0 1
    outer loop
      vertex -12.448557158514987 1.4440000000000008 85.95
      vertex -12.578728948150395 3.430037722821453 85.95
      vertex -12.578728948150395 1.7079622771785488 85.95
    endloop
  endfacet
  facet normal 0 0 1
    outer loop
      vertex -12.730750938091074 2.275316067504885 85.95
      vertex -12.730750938091074 2.8626839324951168 85.95
      vertex -12.75 2.569000000000001 85.95
    endloop
  endfacet
  facet normal 0 0 1
    outer loop
      vertex -12.673333109150404 1.9866571485193292 85.95
      vertex -12.673333109150404 3.1513428514806723 85.95
      vertex -12.730750938091074 2.8626839324951168 85.95
    endloop
  endfacet
  facet normal 0 0 1
    outer loop
      vertex -12.578728948150395 1.7079622771785488 85.95
      vertex -12.578728948150395 3.430037722821453 85.95
      vertex -12.673333109150404 3.1513428514806723 85.95
    endloop
  endfacet
  facet normal 0 0 1
    outer loop
      vertex -12.448557158514987 1.4440000000000008 85.95
      vertex -12.448557158514987 3.694000000000001 85.95
      vertex -12.578728948150395 3.430037722821453 85.95
    endloop
  endfacet
  facet normal 0 0 1
    outer loop
      vertex -12.285045015655278 1.1992867847303794 85.95
      vertex -12.285045015655278 3.9387132152696225 85.95
      vertex -12.448557158514987 3.694000000000001 85.95
    endloop
  endfacet
  facet normal 0 0 1
    outer loop
      vertex -12.090990257669732 0.9780097423302687 85.95
      vertex -12.090990257669732 4.159990257669733 85.95
      vertex -12.285045015655278 3.9387132152696225 85.95
    endloop
  endfacet
  facet normal 0 0 1
    outer loop
      vertex -11.869713215269622 0.7839549843447218 85.95
      vertex -11.869713215269622 4.35404501565528 85.95
      vertex -12.090990257669732 4.159990257669733 85.95
    endloop
  endfacet
  facet normal 0 0 1
    outer loop
      vertex -11.625 0.620442841485014 85.95
      vertex -11.625 4.517557158514988 85.95
      vertex -11.869713215269622 4.35404501565528 85.95
    endloop
  endfacet
  facet normal -0.9469301294951059 0.3214394653031609 0
    outer loop
      vertex -12.673333109150404 3.1513428514806723 80.95
      vertex -12.673333109150404 3.1513428514806723 85.95
      vertex -12.578728948150395 3.430037722821453 80.95
    endloop
  endfacet
  facet normal -0.896872741532688 0.4422886902190019 0
    outer loop
      vertex -12.578728948150395 3.430037722821453 80.95
      vertex -12.578728948150395 3.430037722821453 85.95
      vertex -12.448557158514987 3.694000000000001 80.95
    endloop
  endfacet
  facet normal -0.9469301294951059 0.3214394653031609 0
    outer loop
      vertex -12.578728948150395 3.430037722821453 80.95
      vertex -12.673333109150404 3.1513428514806723 85.95
      vertex -12.578728948150395 3.430037722821453 85.95
    endloop
  endfacet
  facet normal -0.896872741532688 0.4422886902190019 0
    outer loop
      vertex -12.448557158514987 3.694000000000001 80.95
      vertex -12.578728948150395 3.430037722821453 85.95
      vertex -12.448557158514987 3.694000000000001 85.95
    endloop
  endfacet
  facet normal -0.8314696123025439 0.5555702330196043 0
    outer loop
      vertex -12.448557158514987 3.694000000000001 80.95
      vertex -12.448557158514987 3.694000000000001 85.95
      vertex -12.285045015655278 3.9387132152696225 80.95
    endloop
  endfacet
  facet normal -0.7518398074789799 0.6593458151000658 0
    outer loop
      vertex -12.285045015655278 3.9387132152696225 80.95
      vertex -12.285045015655278 3.9387132152696225 85.95
      vertex -12.090990257669732 4.159990257669733 80.95
    endloop
  endfacet
  facet normal -0.8314696123025439 0.5555702330196043 0
    outer loop
      vertex -12.285045015655278 3.9387132152696225 80.95
      vertex -12.448557158514987 3.694000000000001 85.95
      vertex -12.285045015655278 3.9387132152696225 85.95
    endloop
  endfacet
  facet normal -0.6593458151000676 0.7518398074789785 0
    outer loop
      vertex -12.090990257669732 4.159990257669733 80.95
      vertex -12.090990257669732 4.159990257669733 85.95
      vertex -11.869713215269622 4.35404501565528 80.95
    endloop
  endfacet
  facet normal -0.7518398074789799 0.6593458151000658 0
    outer loop
      vertex -12.090990257669732 4.159990257669733 80.95
      vertex -12.285045015655278 3.9387132152696225 85.95
      vertex -12.090990257669732 4.159990257669733 85.95
    endloop
  endfacet
  facet normal 0 0 1
    outer loop
      vertex -11.361037722821452 0.49027105184960584 85.95
      vertex -11.3 2.569000000000001 85.95
      vertex -11.361037722821452 4.647728948150396 85.95
    endloop
  endfacet
  facet normal 0 0 1
    outer loop
      vertex -11.361037722821452 0.49027105184960584 85.95
      vertex -11.361037722821452 4.647728948150396 85.95
      vertex -11.625 4.517557158514988 85.95
    endloop
  endfacet
  facet normal 0 0 1
    outer loop
      vertex -11.361037722821452 4.647728948150396 85.95
      vertex -11.3 2.569000000000001 85.95
      vertex -11.293155889099049 2.6734209537760423 85.95
    endloop
  endfacet
  facet normal 0 0 1
    outer loop
      vertex -11.361037722821452 4.647728948150396 85.95
      vertex -11.293155889099049 2.6734209537760423 85.95
      vertex -11.272740661031255 2.7760552360820174 85.95
    endloop
  endfacet
  facet normal 0 0 1
    outer loop
      vertex -11.361037722821452 4.647728948150396 85.95
      vertex -11.272740661031255 2.7760552360820174 85.95
      vertex -11.23910362600903 2.8751467458920725 85.95
    endloop
  endfacet
  facet normal 0 0 1
    outer loop
      vertex -11.361037722821452 4.647728948150396 85.95
      vertex -11.23910362600903 2.8751467458920725 85.95
      vertex -11.19282032302755 2.9690000000000007 85.95
    endloop
  endfacet
  facet normal 0 0 1
    outer loop
      vertex -11.361037722821452 4.647728948150396 85.95
      vertex -11.19282032302755 2.9690000000000007 85.95
      vertex -11.134682672232987 3.0560091432069774 85.95
    endloop
  endfacet
  facet normal 0 0 1
    outer loop
      vertex -11.361037722821452 4.647728948150396 85.95
      vertex -11.134682672232987 3.0560091432069774 85.95
      vertex -11.065685424949239 3.134685424949239 85.95
    endloop
  endfacet
  facet normal 0 0 1
    outer loop
      vertex -11.361037722821452 4.647728948150396 85.95
      vertex -11.065685424949239 3.134685424949239 85.95
      vertex -11.082342851480671 4.742333109150405 85.95
    endloop
  endfacet
  facet normal 0 0 1
    outer loop
      vertex -11.082342851480671 4.742333109150405 85.95
      vertex -11.065685424949239 3.134685424949239 85.95
      vertex -10.987009143206976 3.203682672232989 85.95
    endloop
  endfacet
  facet normal 0 0 1
    outer loop
      vertex -11.082342851480671 4.742333109150405 85.95
      vertex -10.987009143206976 3.203682672232989 85.95
      vertex -10.9 3.2618203230275515 85.95
    endloop
  endfacet
  facet normal 0 0 1
    outer loop
      vertex -11.082342851480671 4.742333109150405 85.95
      vertex -10.9 3.2618203230275515 85.95
      vertex -10.806146745892072 3.3081036260090304 85.95
    endloop
  endfacet
  facet normal 0 0 1
    outer loop
      vertex -11.082342851480671 4.742333109150405 85.95
      vertex -10.806146745892072 3.3081036260090304 85.95
      vertex -10.707055236082017 3.3417406610312557 85.95
    endloop
  endfacet
  facet normal 0 0 1
    outer loop
      vertex -10.793683932495115 4.799750938091075 85.95
      vertex -10.707055236082017 3.3417406610312557 85.95
      vertex -10.60442095377604 3.362155889099049 85.95
    endloop
  endfacet
  facet normal -0.0654031292301437 -0.9978589232386035 -1.3402683775515664e-19
    outer loop
      vertex -10.793683932495115 0.33824906190892756 80.95
      vertex -10.5 0.31900000000000084 80.95
      vertex -10.5 0.31900000000000084 85.95
    endloop
  endfacet
  facet normal 0.0654031292301437 -0.9978589232386035 1.3402683775515664e-19
    outer loop
      vertex -10.5 0.31900000000000084 80.95
      vertex -10.206316067504885 0.33824906190892756 80.95
      vertex -10.206316067504885 0.33824906190892756 85.95
    endloop
  endfacet
  facet normal 0.0654031292301437 -0.9978589232386035 0
    outer loop
      vertex -10.5 0.31900000000000084 80.95
      vertex -10.206316067504885 0.33824906190892756 85.95
      vertex -10.5 0.31900000000000084 85.95
    endloop
  endfacet
  facet normal 0.1950903220161271 -0.9807852804032307 0
    outer loop
      vertex -10.206316067504885 0.33824906190892756 80.95
      vertex -9.917657148519329 0.39566689084959705 85.95
      vertex -10.206316067504885 0.33824906190892756 85.95
    endloop
  endfacet
  facet normal 0.1950903220161271 -0.9807852804032307 -1.5649227839344362e-19
    outer loop
      vertex -10.206316067504885 0.33824906190892756 80.95
      vertex -9.917657148519329 0.39566689084959705 80.95
      vertex -9.917657148519329 0.39566689084959705 85.95
    endloop
  endfacet
  facet normal 0.32143946530316225 -0.9469301294951055 1.3315549315029724e-19
    outer loop
      vertex -9.917657148519329 0.39566689084959705 80.95
      vertex -9.638962277178548 0.49027105184960584 80.95
      vertex -9.638962277178548 0.49027105184960584 85.95
    endloop
  endfacet
  facet normal 0.32143946530316225 -0.9469301294951055 0
    outer loop
      vertex -9.917657148519329 0.39566689084959705 80.95
      vertex -9.638962277178548 0.49027105184960584 85.95
      vertex -9.917657148519329 0.39566689084959705 85.95
    endloop
  endfacet
  facet normal 0 0 1
    outer loop
      vertex -10.5 0.31900000000000084 85.95
      vertex -10.206316067504885 0.33824906190892756 85.95
      vertex -10.39557904622396 1.7758441109009526 85.95
    endloop
  endfacet
  facet normal 0 0 1
    outer loop
      vertex -10.206316067504885 0.33824906190892756 85.95
      vertex -9.917657148519329 0.39566689084959705 85.95
      vertex -10.292944763917983 1.796259338968746 85.95
    endloop
  endfacet
  facet normal 0 0 1
    outer loop
      vertex -9.917657148519329 0.39566689084959705 85.95
      vertex -9.638962277178548 0.49027105184960584 85.95
      vertex -9.934314575050761 2.0033145750507626 85.95
    endloop
  endfacet
  facet normal 0 0 1
    outer loop
      vertex -10.5 0.31900000000000084 85.95
      vertex -10.5 1.7690000000000008 85.95
      vertex -10.60442095377604 1.7758441109009526 85.95
    endloop
  endfacet
  facet normal 0 0 1
    outer loop
      vertex -10.5 0.31900000000000084 85.95
      vertex -10.39557904622396 1.7758441109009526 85.95
      vertex -10.5 1.7690000000000008 85.95
    endloop
  endfacet
  facet normal 0 0 1
    outer loop
      vertex -10.206316067504885 0.33824906190892756 85.95
      vertex -10.292944763917983 1.796259338968746 85.95
      vertex -10.39557904622396 1.7758441109009526 85.95
    endloop
  endfacet
  facet normal 0 0 1
    outer loop
      vertex -9.917657148519329 0.39566689084959705 85.95
      vertex -10.193853254107928 1.8298963739909713 85.95
      vertex -10.292944763917983 1.796259338968746 85.95
    endloop
  endfacet
  facet normal 0 0 1
    outer loop
      vertex -9.917657148519329 0.39566689084959705 85.95
      vertex -10.1 1.87617967697245 85.95
      vertex -10.193853254107928 1.8298963739909713 85.95
    endloop
  endfacet
  facet normal 0 0 1
    outer loop
      vertex -9.917657148519329 0.39566689084959705 85.95
      vertex -10.012990856793024 1.9343173277670127 85.95
      vertex -10.1 1.87617967697245 85.95
    endloop
  endfacet
  facet normal 0 0 1
    outer loop
      vertex -9.917657148519329 0.39566689084959705 85.95
      vertex -9.934314575050761 2.0033145750507626 85.95
      vertex -10.012990856793024 1.9343173277670127 85.95
    endloop
  endfacet
  facet normal 0 0 1
    outer loop
      vertex -9.638962277178548 0.49027105184960584 85.95
      vertex -9.865317327767013 2.0819908567930243 85.95
      vertex -9.934314575050761 2.0033145750507626 85.95
    endloop
  endfacet
  facet normal 0 0 1
    outer loop
      vertex -9.638962277178548 0.49027105184960584 85.95
      vertex -9.80717967697245 2.169000000000001 85.95
      vertex -9.865317327767013 2.0819908567930243 85.95
    endloop
  endfacet
  facet normal 0 0 1
    outer loop
      vertex -9.638962277178548 0.49027105184960584 85.95
      vertex -9.76089637399097 2.262853254107929 85.95
      vertex -9.80717967697245 2.169000000000001 85.95
    endloop
  endfacet
  facet normal 0 0 1
    outer loop
      vertex -9.638962277178548 0.49027105184960584 85.95
      vertex -9.727259338968745 2.3619447639179842 85.95
      vertex -9.76089637399097 2.262853254107929 85.95
    endloop
  endfacet
  facet normal 0 0 1
    outer loop
      vertex -9.638962277178548 0.49027105184960584 85.95
      vertex -9.706844110900951 2.4645790462239594 85.95
      vertex -9.727259338968745 2.3619447639179842 85.95
    endloop
  endfacet
  facet normal 0 0 1
    outer loop
      vertex -9.638962277178548 0.49027105184960584 85.95
      vertex -9.7 2.569000000000001 85.95
      vertex -9.706844110900951 2.4645790462239594 85.95
    endloop
  endfacet
  facet normal 0.4422886902190013 -0.8968727415326883 1.4017613318883433e-18
    outer loop
      vertex -9.638962277178548 0.49027105184960584 80.95
      vertex -9.375 0.620442841485014 80.95
      vertex -9.375 0.620442841485014 85.95
    endloop
  endfacet
  facet normal 0.5555702330196016 -0.8314696123025457 6.37576265343618e-19
    outer loop
      vertex -9.375 0.620442841485014 80.95
      vertex -9.130286784730378 0.7839549843447218 80.95
      vertex -9.130286784730378 0.7839549843447218 85.95
    endloop
  endfacet
  facet normal 0.4422886902190013 -0.8968727415326883 0
    outer loop
      vertex -9.638962277178548 0.49027105184960584 80.95
      vertex -9.375 0.620442841485014 85.95
      vertex -9.638962277178548 0.49027105184960584 85.95
    endloop
  endfacet
  facet normal 0.5555702330196016 -0.8314696123025457 0
    outer loop
      vertex -9.375 0.620442841485014 80.95
      vertex -9.130286784730378 0.7839549843447218 85.95
      vertex -9.375 0.620442841485014 85.95
    endloop
  endfacet
  facet normal 0.6593458151000681 -0.7518398074789782 0
    outer loop
      vertex -9.130286784730378 0.7839549843447218 80.95
      vertex -8.909009742330268 0.9780097423302687 85.95
      vertex -9.130286784730378 0.7839549843447218 85.95
    endloop
  endfacet
  facet normal 0.6593458151000681 -0.7518398074789782 -1.501347813308023e-19
    outer loop
      vertex -9.130286784730378 0.7839549843447218 80.95
      vertex -8.909009742330268 0.9780097423302687 80.95
      vertex -8.909009742330268 0.9780097423302687 85.95
    endloop
  endfacet
  facet normal 0.7518398074789799 -0.6593458151000658 0
    outer loop
      vertex -8.909009742330268 0.9780097423302687 80.95
      vertex -8.714954984344722 1.1992867847303794 85.95
      vertex -8.909009742330268 0.9780097423302687 85.95
    endloop
  endfacet
  facet normal 0.7518398074789799 -0.6593458151000658 -2.0566563056617048e-18
    outer loop
      vertex -8.909009742330268 0.9780097423302687 80.95
      vertex -8.714954984344722 1.1992867847303794 80.95
      vertex -8.714954984344722 1.1992867847303794 85.95
    endloop
  endfacet
  facet normal 0.8314696123025437 -0.5555702330196046 2.684903763132412e-19
    outer loop
      vertex -8.714954984344722 1.1992867847303794 80.95
      vertex -8.551442841485013 1.4440000000000008 80.95
      vertex -8.551442841485013 1.4440000000000008 85.95
    endloop
  endfacet
  facet normal 0.8314696123025437 -0.5555702330196046 0
    outer loop
      vertex -8.714954984344722 1.1992867847303794 80.95
      vertex -8.551442841485013 1.4440000000000008 85.95
      vertex -8.714954984344722 1.1992867847303794 85.95
    endloop
  endfacet
  facet normal 0.896872741532688 -0.4422886902190019 0
    outer loop
      vertex -8.551442841485013 1.4440000000000008 80.95
      vertex -8.421271051849605 1.7079622771785488 85.95
      vertex -8.551442841485013 1.4440000000000008 85.95
    endloop
  endfacet
  facet normal 0 0 1
    outer loop
      vertex -9.638962277178548 0.49027105184960584 85.95
      vertex -9.375 0.620442841485014 85.95
      vertex -9.638962277178548 4.647728948150396 85.95
    endloop
  endfacet
  facet normal 0 0 1
    outer loop
      vertex -9.375 0.620442841485014 85.95
      vertex -9.130286784730378 0.7839549843447218 85.95
      vertex -9.375 4.517557158514988 85.95
    endloop
  endfacet
  facet normal 0 0 1
    outer loop
      vertex -9.130286784730378 0.7839549843447218 85.95
      vertex -8.909009742330268 0.9780097423302687 85.95
      vertex -9.130286784730378 4.35404501565528 85.95
    endloop
  endfacet
  facet normal 0 0 1
    outer loop
      vertex -8.909009742330268 0.9780097423302687 85.95
      vertex -8.714954984344722 1.1992867847303794 85.95
      vertex -8.909009742330268 4.159990257669733 85.95
    endloop
  endfacet
  facet normal 0 0 1
    outer loop
      vertex -9.638962277178548 0.49027105184960584 85.95
      vertex -9.638962277178548 4.647728948150396 85.95
      vertex -9.7 2.569000000000001 85.95
    endloop
  endfacet
  facet normal 0 0 1
    outer loop
      vertex -10.5 4.819000000000001 85.95
      vertex -10.60442095377604 3.362155889099049 85.95
      vertex -10.5 3.3690000000000007 85.95
    endloop
  endfacet
  facet normal 0 0 1
    outer loop
      vertex -10.5 4.819000000000001 85.95
      vertex -10.5 3.3690000000000007 85.95
      vertex -10.39557904622396 3.362155889099049 85.95
    endloop
  endfacet
  facet normal 0 0 1
    outer loop
      vertex -10.206316067504885 4.799750938091075 85.95
      vertex -10.39557904622396 3.362155889099049 85.95
      vertex -10.292944763917983 3.3417406610312557 85.95
    endloop
  endfacet
  facet normal 0 0 1
    outer loop
      vertex -10.206316067504885 4.799750938091075 85.95
      vertex -10.292944763917983 3.3417406610312557 85.95
      vertex -10.193853254107928 3.3081036260090304 85.95
    endloop
  endfacet
  facet normal 0 0 1
    outer loop
      vertex -10.206316067504885 4.799750938091075 85.95
      vertex -10.193853254107928 3.3081036260090304 85.95
      vertex -10.1 3.2618203230275515 85.95
    endloop
  endfacet
  facet normal 0 0 1
    outer loop
      vertex -9.917657148519329 4.742333109150405 85.95
      vertex -9.80717967697245 2.9690000000000007 85.95
      vertex -9.76089637399097 2.8751467458920725 85.95
    endloop
  endfacet
  facet normal 0 0 1
    outer loop
      vertex -9.917657148519329 4.742333109150405 85.95
      vertex -9.934314575050761 3.134685424949239 85.95
      vertex -9.865317327767013 3.0560091432069774 85.95
    endloop
  endfacet
  facet normal 0 0 1
    outer loop
      vertex -9.917657148519329 4.742333109150405 85.95
      vertex -10.012990856793024 3.203682672232989 85.95
      vertex -9.934314575050761 3.134685424949239 85.95
    endloop
  endfacet
  facet normal 0 0 1
    outer loop
      vertex -9.917657148519329 4.742333109150405 85.95
      vertex -9.865317327767013 3.0560091432069774 85.95
      vertex -9.80717967697245 2.9690000000000007 85.95
    endloop
  endfacet
  facet normal 0 0 1
    outer loop
      vertex -9.638962277178548 4.647728948150396 85.95
      vertex -9.76089637399097 2.8751467458920725 85.95
      vertex -9.727259338968745 2.7760552360820174 85.95
    endloop
  endfacet
  facet normal 0 0 1
    outer loop
      vertex -9.638962277178548 4.647728948150396 85.95
      vertex -9.706844110900951 2.6734209537760423 85.95
      vertex -9.7 2.569000000000001 85.95
    endloop
  endfacet
  facet normal 0 0 1
    outer loop
      vertex -9.638962277178548 4.647728948150396 85.95
      vertex -9.727259338968745 2.7760552360820174 85.95
      vertex -9.706844110900951 2.6734209537760423 85.95
    endloop
  endfacet
  facet normal 0 0 1
    outer loop
      vertex -9.917657148519329 4.742333109150405 85.95
      vertex -10.1 3.2618203230275515 85.95
      vertex -10.012990856793024 3.203682672232989 85.95
    endloop
  endfacet
  facet normal 0 0 1
    outer loop
      vertex -9.917657148519329 4.742333109150405 85.95
      vertex -9.76089637399097 2.8751467458920725 85.95
      vertex -9.638962277178548 4.647728948150396 85.95
    endloop
  endfacet
  facet normal 0 0 1
    outer loop
      vertex -8.714954984344722 1.1992867847303794 85.95
      vertex -8.551442841485013 1.4440000000000008 85.95
      vertex -8.714954984344722 3.9387132152696225 85.95
    endloop
  endfacet
  facet normal 0 0 1
    outer loop
      vertex -8.551442841485013 1.4440000000000008 85.95
      vertex -8.421271051849605 1.7079622771785488 85.95
      vertex -8.551442841485013 3.694000000000001 85.95
    endloop
  endfacet
  facet normal 0 0 1
    outer loop
      vertex -8.909009742330268 0.9780097423302687 85.95
      vertex -8.909009742330268 4.159990257669733 85.95
      vertex -9.130286784730378 4.35404501565528 85.95
    endloop
  endfacet
  facet normal 0 0 1
    outer loop
      vertex -8.714954984344722 1.1992867847303794 85.95
      vertex -8.714954984344722 3.9387132152696225 85.95
      vertex -8.909009742330268 4.159990257669733 85.95
    endloop
  endfacet
  facet normal 0 0 1
    outer loop
      vertex -8.551442841485013 1.4440000000000008 85.95
      vertex -8.551442841485013 3.694000000000001 85.95
      vertex -8.714954984344722 3.9387132152696225 85.95
    endloop
  endfacet
  facet normal 0.896872741532688 0.4422886902190019 0
    outer loop
      vertex -8.551442841485013 3.694000000000001 80.95
      vertex -8.551442841485013 3.694000000000001 85.95
      vertex -8.421271051849605 3.430037722821453 80.95
    endloop
  endfacet
  facet normal 0.7518398074789799 0.6593458151000658 0
    outer loop
      vertex -8.909009742330268 4.159990257669733 80.95
      vertex -8.909009742330268 4.159990257669733 85.95
      vertex -8.714954984344722 3.9387132152696225 80.95
    endloop
  endfacet
  facet normal 0.8314696123025439 0.5555702330196043 -1.3642718854952212e-18
    outer loop
      vertex -8.551442841485013 3.694000000000001 80.95
      vertex -8.714954984344722 3.9387132152696225 80.95
      vertex -8.714954984344722 3.9387132152696225 85.95
    endloop
  endfacet
  facet normal 0.6593458151000676 0.7518398074789785 0
    outer loop
      vertex -8.909009742330268 4.159990257669733 80.95
      vertex -9.130286784730378 4.35404501565528 85.95
      vertex -8.909009742330268 4.159990257669733 85.95
    endloop
  endfacet
  facet normal 0.7518398074789799 0.6593458151000658 0
    outer loop
      vertex -8.714954984344722 3.9387132152696225 80.95
      vertex -8.909009742330268 4.159990257669733 85.95
      vertex -8.714954984344722 3.9387132152696225 85.95
    endloop
  endfacet
  facet normal 0.8314696123025439 0.5555702330196043 0
    outer loop
      vertex -8.551442841485013 3.694000000000001 80.95
      vertex -8.714954984344722 3.9387132152696225 85.95
      vertex -8.551442841485013 3.694000000000001 85.95
    endloop
  endfacet
  facet normal 0 0 1
    outer loop
      vertex -9.375 0.620442841485014 85.95
      vertex -9.375 4.517557158514988 85.95
      vertex -9.638962277178548 4.647728948150396 85.95
    endloop
  endfacet
  facet normal 0 0 1
    outer loop
      vertex -9.130286784730378 0.7839549843447218 85.95
      vertex -9.130286784730378 4.35404501565528 85.95
      vertex -9.375 4.517557158514988 85.95
    endloop
  endfacet
  facet normal -0.5555702330196022 0.8314696123025453 0
    outer loop
      vertex -11.869713215269622 4.35404501565528 80.95
      vertex -11.869713215269622 4.35404501565528 85.95
      vertex -11.625 4.517557158514988 80.95
    endloop
  endfacet
  facet normal -0.6593458151000676 0.7518398074789785 -5.314390861969821e-19
    outer loop
      vertex -12.090990257669732 4.159990257669733 85.95
      vertex -11.869713215269622 4.35404501565528 85.95
      vertex -11.869713215269622 4.35404501565528 80.95
    endloop
  endfacet
  facet normal -0.5555702330196022 0.8314696123025453 0
    outer loop
      vertex -11.625 4.517557158514988 80.95
      vertex -11.869713215269622 4.35404501565528 85.95
      vertex -11.625 4.517557158514988 85.95
    endloop
  endfacet
  facet normal -0.4422886902190019 0.896872741532688 0
    outer loop
      vertex -11.625 4.517557158514988 80.95
      vertex -11.625 4.517557158514988 85.95
      vertex -11.361037722821452 4.647728948150396 80.95
    endloop
  endfacet
  facet normal -0.3214394653031609 0.9469301294951059 0
    outer loop
      vertex -11.361037722821452 4.647728948150396 80.95
      vertex -11.361037722821452 4.647728948150396 85.95
      vertex -11.082342851480671 4.742333109150405 80.95
    endloop
  endfacet
  facet normal -0.4422886902190019 0.896872741532688 0
    outer loop
      vertex -11.361037722821452 4.647728948150396 80.95
      vertex -11.625 4.517557158514988 85.95
      vertex -11.361037722821452 4.647728948150396 85.95
    endloop
  endfacet
  facet normal -0.3214394653031609 0.9469301294951059 0
    outer loop
      vertex -11.082342851480671 4.742333109150405 80.95
      vertex -11.361037722821452 4.647728948150396 85.95
      vertex -11.082342851480671 4.742333109150405 85.95
    endloop
  endfacet
  facet normal -0.19509032201612855 0.9807852804032303 0
    outer loop
      vertex -11.082342851480671 4.742333109150405 80.95
      vertex -11.082342851480671 4.742333109150405 85.95
      vertex -10.793683932495115 4.799750938091075 80.95
    endloop
  endfacet
  facet normal -0.19509032201612855 0.9807852804032303 0
    outer loop
      vertex -10.793683932495115 4.799750938091075 80.95
      vertex -11.082342851480671 4.742333109150405 85.95
      vertex -10.793683932495115 4.799750938091075 85.95
    endloop
  endfacet
  facet normal -0.0654031292301422 0.9978589232386036 0
    outer loop
      vertex -10.793683932495115 4.799750938091075 80.95
      vertex -10.793683932495115 4.799750938091075 85.95
      vertex -10.5 4.819000000000001 80.95
    endloop
  endfacet
  facet normal 0 0 1
    outer loop
      vertex -11.082342851480671 4.742333109150405 85.95
      vertex -10.707055236082017 3.3417406610312557 85.95
      vertex -10.793683932495115 4.799750938091075 85.95
    endloop
  endfacet
  facet normal 0 0 1
    outer loop
      vertex -10.793683932495115 4.799750938091075 85.95
      vertex -10.60442095377604 3.362155889099049 85.95
      vertex -10.5 4.819000000000001 85.95
    endloop
  endfacet
  facet normal 0.19509032201612855 0.9807852804032303 0
    outer loop
      vertex -10.206316067504885 4.799750938091075 80.95
      vertex -10.206316067504885 4.799750938091075 85.95
      vertex -9.917657148519329 4.742333109150405 80.95
    endloop
  endfacet
  facet normal 0.0654031292301422 0.9978589232386036 0
    outer loop
      vertex -10.5 4.819000000000001 80.95
      vertex -10.5 4.819000000000001 85.95
      vertex -10.206316067504885 4.799750938091075 80.95
    endloop
  endfacet
  facet normal -0.0654031292301422 0.9978589232386036 0
    outer loop
      vertex -10.5 4.819000000000001 80.95
      vertex -10.793683932495115 4.799750938091075 85.95
      vertex -10.5 4.819000000000001 85.95
    endloop
  endfacet
  facet normal 0.0654031292301422 0.9978589232386036 0
    outer loop
      vertex -10.206316067504885 4.799750938091075 80.95
      vertex -10.5 4.819000000000001 85.95
      vertex -10.206316067504885 4.799750938091075 85.95
    endloop
  endfacet
  facet normal 0.3214394653031609 0.9469301294951059 0
    outer loop
      vertex -9.917657148519329 4.742333109150405 80.95
      vertex -9.917657148519329 4.742333109150405 85.95
      vertex -9.638962277178548 4.647728948150396 80.95
    endloop
  endfacet
  facet normal 0.19509032201612855 0.9807852804032303 0
    outer loop
      vertex -9.917657148519329 4.742333109150405 80.95
      vertex -10.206316067504885 4.799750938091075 85.95
      vertex -9.917657148519329 4.742333109150405 85.95
    endloop
  endfacet
  facet normal 0.3214394653031609 0.9469301294951059 0
    outer loop
      vertex -9.638962277178548 4.647728948150396 80.95
      vertex -9.917657148519329 4.742333109150405 85.95
      vertex -9.638962277178548 4.647728948150396 85.95
    endloop
  endfacet
  facet normal 0 0 1
    outer loop
      vertex -10.5 4.819000000000001 85.95
      vertex -10.39557904622396 3.362155889099049 85.95
      vertex -10.206316067504885 4.799750938091075 85.95
    endloop
  endfacet
  facet normal 0 0 1
    outer loop
      vertex -10.206316067504885 4.799750938091075 85.95
      vertex -10.1 3.2618203230275515 85.95
      vertex -9.917657148519329 4.742333109150405 85.95
    endloop
  endfacet
  facet normal 0.4422886902190019 0.896872741532688 0
    outer loop
      vertex -9.638962277178548 4.647728948150396 80.95
      vertex -9.638962277178548 4.647728948150396 85.95
      vertex -9.375 4.517557158514988 80.95
    endloop
  endfacet
  facet normal 0.5555702330196022 0.8314696123025453 0
    outer loop
      vertex -9.375 4.517557158514988 80.95
      vertex -9.375 4.517557158514988 85.95
      vertex -9.130286784730378 4.35404501565528 80.95
    endloop
  endfacet
  facet normal 0.6593458151000676 0.7518398074789785 5.314390861969821e-19
    outer loop
      vertex -8.909009742330268 4.159990257669733 80.95
      vertex -9.130286784730378 4.35404501565528 80.95
      vertex -9.130286784730378 4.35404501565528 85.95
    endloop
  endfacet
  facet normal 0.4422886902190019 0.896872741532688 0
    outer loop
      vertex -9.375 4.517557158514988 80.95
      vertex -9.638962277178548 4.647728948150396 85.95
      vertex -9.375 4.517557158514988 85.95
    endloop
  endfacet
  facet normal 0.5555702330196022 0.8314696123025453 0
    outer loop
      vertex -9.130286784730378 4.35404501565528 80.95
      vertex -9.375 4.517557158514988 85.95
      vertex -9.130286784730378 4.35404501565528 85.95
    endloop
  endfacet
  facet normal 0.896872741532688 -0.4422886902190019 -1.2067754828735314e-18
    outer loop
      vertex -8.551442841485013 1.4440000000000008 80.95
      vertex -8.421271051849605 1.7079622771785488 80.95
      vertex -8.421271051849605 1.7079622771785488 85.95
    endloop
  endfacet
  facet normal 0.9469301294951059 -0.32143946530316114 7.753559754498855e-19
    outer loop
      vertex -8.421271051849605 1.7079622771785488 80.95
      vertex -8.326666890849596 1.9866571485193292 80.95
      vertex -8.326666890849596 1.9866571485193292 85.95
    endloop
  endfacet
  facet normal 0.9469301294951059 -0.32143946530316114 0
    outer loop
      vertex -8.421271051849605 1.7079622771785488 80.95
      vertex -8.326666890849596 1.9866571485193292 85.95
      vertex -8.421271051849605 1.7079622771785488 85.95
    endloop
  endfacet
  facet normal 0.9807852804032303 -0.1950903220161287 0
    outer loop
      vertex -8.326666890849596 1.9866571485193292 80.95
      vertex -8.269249061908926 2.275316067504885 85.95
      vertex -8.326666890849596 1.9866571485193292 85.95
    endloop
  endfacet
  facet normal 0.9807852804032303 -0.1950903220161287 4.885619346177465e-19
    outer loop
      vertex -8.326666890849596 1.9866571485193292 80.95
      vertex -8.269249061908926 2.275316067504885 80.95
      vertex -8.269249061908926 2.275316067504885 85.95
    endloop
  endfacet
  facet normal 0.9978589232386036 -0.0654031292301421 -1.6695877138554451e-19
    outer loop
      vertex -8.269249061908926 2.275316067504885 80.95
      vertex -8.25 2.569000000000001 80.95
      vertex -8.25 2.569000000000001 85.95
    endloop
  endfacet
  facet normal 0.9978589232386036 -0.0654031292301421 0
    outer loop
      vertex -8.269249061908926 2.275316067504885 80.95
      vertex -8.25 2.569000000000001 85.95
      vertex -8.269249061908926 2.275316067504885 85.95
    endloop
  endfacet
  facet normal 0.9978589232386036 0.0654031292301421 1.6695877138554451e-19
    outer loop
      vertex -8.25 2.569000000000001 80.95
      vertex -8.269249061908926 2.8626839324951168 80.95
      vertex -8.269249061908926 2.8626839324951168 85.95
    endloop
  endfacet
  facet normal 0.9807852804032303 0.19509032201612886 1.1022408395537848e-18
    outer loop
      vertex -8.269249061908926 2.8626839324951168 80.95
      vertex -8.326666890849596 3.1513428514806723 80.95
      vertex -8.326666890849596 3.1513428514806723 85.95
    endloop
  endfacet
  facet normal 0.9978589232386036 0.0654031292301421 0
    outer loop
      vertex -8.25 2.569000000000001 80.95
      vertex -8.269249061908926 2.8626839324951168 85.95
      vertex -8.25 2.569000000000001 85.95
    endloop
  endfacet
  facet normal 0.9807852804032303 0.19509032201612886 0
    outer loop
      vertex -8.269249061908926 2.8626839324951168 80.95
      vertex -8.326666890849596 3.1513428514806723 85.95
      vertex -8.269249061908926 2.8626839324951168 85.95
    endloop
  endfacet
  facet normal 0 0 1
    outer loop
      vertex -8.421271051849605 1.7079622771785488 85.95
      vertex -8.326666890849596 1.9866571485193292 85.95
      vertex -8.421271051849605 3.430037722821453 85.95
    endloop
  endfacet
  facet normal 0 0 1
    outer loop
      vertex -8.326666890849596 1.9866571485193292 85.95
      vertex -8.269249061908926 2.275316067504885 85.95
      vertex -8.326666890849596 3.1513428514806723 85.95
    endloop
  endfacet
  facet normal 0 0 1
    outer loop
      vertex -8.269249061908926 2.275316067504885 85.95
      vertex -8.25 2.569000000000001 85.95
      vertex -8.269249061908926 2.8626839324951168 85.95
    endloop
  endfacet
  facet normal 0 0 1
    outer loop
      vertex -8.269249061908926 2.275316067504885 85.95
      vertex -8.269249061908926 2.8626839324951168 85.95
      vertex -8.326666890849596 3.1513428514806723 85.95
    endloop
  endfacet
  facet normal 0 0 1
    outer loop
      vertex -8.326666890849596 1.9866571485193292 85.95
      vertex -8.326666890849596 3.1513428514806723 85.95
      vertex -8.421271051849605 3.430037722821453 85.95
    endloop
  endfacet
  facet normal 0 0 1
    outer loop
      vertex -8.551442841485013 3.694000000000001 85.95
      vertex -8.421271051849605 1.7079622771785488 85.95
      vertex -8.421271051849605 3.430037722821453 85.95
    endloop
  endfacet
  facet normal 0.9469301294951059 0.3214394653031609 -9.042399491963149e-19
    outer loop
      vertex -8.326666890849596 3.1513428514806723 80.95
      vertex -8.421271051849605 3.430037722821453 80.95
      vertex -8.421271051849605 3.430037722821453 85.95
    endloop
  endfacet
  facet normal 0.9469301294951059 0.3214394653031609 0
    outer loop
      vertex -8.326666890849596 3.1513428514806723 80.95
      vertex -8.421271051849605 3.430037722821453 85.95
      vertex -8.326666890849596 3.1513428514806723 85.95
    endloop
  endfacet
  facet normal 0.896872741532688 0.4422886902190019 1.2067754828735314e-18
    outer loop
      vertex -8.551442841485013 3.694000000000001 85.95
      vertex -8.421271051849605 3.430037722821453 85.95
      vertex -8.421271051849605 3.430037722821453 80.95
    endloop
  endfacet
  facet normal -0.9469301294951059 -0.3214394653031609 0
    outer loop
      vertex 8.421271051849605 -10.792037722821451 80.95
      vertex 8.421271051849605 -10.792037722821451 85.95
      vertex 8.326666890849596 -10.51334285148067 80.95
    endloop
  endfacet
  facet normal -0.896872741532688 -0.4422886902190019 0
    outer loop
      vertex 8.421271051849605 -10.792037722821451 80.95
      vertex 8.551442841485013 -11.056 85.95
      vertex 8.421271051849605 -10.792037722821451 85.95
    endloop
  endfacet
  facet normal -0.9807852804032303 -0.19509032201612855 0
    outer loop
      vertex 8.326666890849596 -10.51334285148067 80.95
      vertex 8.326666890849596 -10.51334285148067 85.95
      vertex 8.269249061908926 -10.224683932495115 80.95
    endloop
  endfacet
  facet normal -0.9978589232386036 -0.0654031292301422 0
    outer loop
      vertex 8.269249061908926 -10.224683932495115 80.95
      vertex 8.269249061908926 -10.224683932495115 85.95
      vertex 8.25 -9.931 80.95
    endloop
  endfacet
  facet normal -0.9469301294951059 -0.3214394653031609 0
    outer loop
      vertex 8.326666890849596 -10.51334285148067 80.95
      vertex 8.421271051849605 -10.792037722821451 85.95
      vertex 8.326666890849596 -10.51334285148067 85.95
    endloop
  endfacet
  facet normal -0.9807852804032303 -0.19509032201612855 0
    outer loop
      vertex 8.269249061908926 -10.224683932495115 80.95
      vertex 8.326666890849596 -10.51334285148067 85.95
      vertex 8.269249061908926 -10.224683932495115 85.95
    endloop
  endfacet
  facet normal -0.9978589232386036 0.0654031292301422 0
    outer loop
      vertex 8.25 -9.931 80.95
      vertex 8.25 -9.931 85.95
      vertex 8.269249061908926 -9.637316067504884 80.95
    endloop
  endfacet
  facet normal -0.9978589232386036 -0.0654031292301422 0
    outer loop
      vertex 8.25 -9.931 80.95
      vertex 8.269249061908926 -10.224683932495115 85.95
      vertex 8.25 -9.931 85.95
    endloop
  endfacet
  facet normal -0.9978589232386036 0.0654031292301422 0
    outer loop
      vertex 8.269249061908926 -9.637316067504884 80.95
      vertex 8.25 -9.931 85.95
      vertex 8.269249061908926 -9.637316067504884 85.95
    endloop
  endfacet
  facet normal 0 0 1
    outer loop
      vertex 8.326666890849596 -10.51334285148067 85.95
      vertex 8.269249061908926 -9.637316067504884 85.95
      vertex 8.269249061908926 -10.224683932495115 85.95
    endloop
  endfacet
  facet normal 0 0 1
    outer loop
      vertex 8.421271051849605 -10.792037722821451 85.95
      vertex 8.326666890849596 -9.348657148519328 85.95
      vertex 8.326666890849596 -10.51334285148067 85.95
    endloop
  endfacet
  facet normal 0 0 1
    outer loop
      vertex 8.421271051849605 -10.792037722821451 85.95
      vertex 8.551442841485013 -11.056 85.95
      vertex 8.421271051849605 -9.069962277178547 85.95
    endloop
  endfacet
  facet normal 0 0 1
    outer loop
      vertex 8.269249061908926 -10.224683932495115 85.95
      vertex 8.269249061908926 -9.637316067504884 85.95
      vertex 8.25 -9.931 85.95
    endloop
  endfacet
  facet normal 0 0 1
    outer loop
      vertex 8.326666890849596 -10.51334285148067 85.95
      vertex 8.326666890849596 -9.348657148519328 85.95
      vertex 8.269249061908926 -9.637316067504884 85.95
    endloop
  endfacet
  facet normal 0 0 1
    outer loop
      vertex 8.421271051849605 -10.792037722821451 85.95
      vertex 8.421271051849605 -9.069962277178547 85.95
      vertex 8.326666890849596 -9.348657148519328 85.95
    endloop
  endfacet
  facet normal -0.9807852804032303 0.19509032201612855 0
    outer loop
      vertex 8.269249061908926 -9.637316067504884 80.95
      vertex 8.269249061908926 -9.637316067504884 85.95
      vertex 8.326666890849596 -9.348657148519328 80.95
    endloop
  endfacet
  facet normal -0.9469301294951059 0.3214394653031609 0
    outer loop
      vertex 8.326666890849596 -9.348657148519328 80.95
      vertex 8.326666890849596 -9.348657148519328 85.95
      vertex 8.421271051849605 -9.069962277178547 80.95
    endloop
  endfacet
  facet normal -0.9807852804032303 0.19509032201612855 0
    outer loop
      vertex 8.326666890849596 -9.348657148519328 80.95
      vertex 8.269249061908926 -9.637316067504884 85.95
      vertex 8.326666890849596 -9.348657148519328 85.95
    endloop
  endfacet
  facet normal -0.9469301294951059 0.3214394653031609 0
    outer loop
      vertex 8.421271051849605 -9.069962277178547 80.95
      vertex 8.326666890849596 -9.348657148519328 85.95
      vertex 8.421271051849605 -9.069962277178547 85.95
    endloop
  endfacet
  facet normal -0.896872741532688 0.4422886902190019 0
    outer loop
      vertex 8.421271051849605 -9.069962277178547 80.95
      vertex 8.421271051849605 -9.069962277178547 85.95
      vertex 8.551442841485013 -8.806 80.95
    endloop
  endfacet
  facet normal -0.5555702330196001 -0.8314696123025467 1.684560552395923e-18
    outer loop
      vertex 9.130286784730378 -11.71604501565528 80.95
      vertex 9.375 -11.879557158514986 80.95
      vertex 9.375 -11.879557158514986 85.95
    endloop
  endfacet
  facet normal -0.4422886902190019 -0.896872741532688 1.2067754828735314e-18
    outer loop
      vertex 9.375 -11.879557158514986 80.95
      vertex 9.638962277178548 -12.009728948150395 80.95
      vertex 9.638962277178548 -12.009728948150395 85.95
    endloop
  endfacet
  facet normal -0.5555702330196001 -0.8314696123025467 0
    outer loop
      vertex 9.130286784730378 -11.71604501565528 80.95
      vertex 9.375 -11.879557158514986 85.95
      vertex 9.130286784730378 -11.71604501565528 85.95
    endloop
  endfacet
  facet normal -0.4422886902190019 -0.896872741532688 0
    outer loop
      vertex 9.375 -11.879557158514986 80.95
      vertex 9.638962277178548 -12.009728948150395 85.95
      vertex 9.375 -11.879557158514986 85.95
    endloop
  endfacet
  facet normal -0.8314696123025439 -0.5555702330196043 0
    outer loop
      vertex 8.714954984344722 -11.30071321526962 80.95
      vertex 8.714954984344722 -11.30071321526962 85.95
      vertex 8.551442841485013 -11.056 80.95
    endloop
  endfacet
  facet normal -0.7518398074789799 -0.6593458151000658 2.0566563056617048e-18
    outer loop
      vertex 8.714954984344722 -11.30071321526962 80.95
      vertex 8.909009742330268 -11.521990257669732 80.95
      vertex 8.909009742330268 -11.521990257669732 85.95
    endloop
  endfacet
  facet normal -0.6593458151000693 -0.7518398074789769 0
    outer loop
      vertex 8.909009742330268 -11.521990257669732 80.95
      vertex 9.130286784730378 -11.71604501565528 85.95
      vertex 8.909009742330268 -11.521990257669732 85.95
    endloop
  endfacet
  facet normal -0.7518398074789799 -0.6593458151000658 0
    outer loop
      vertex 8.714954984344722 -11.30071321526962 80.95
      vertex 8.909009742330268 -11.521990257669732 85.95
      vertex 8.714954984344722 -11.30071321526962 85.95
    endloop
  endfacet
  facet normal -0.896872741532688 -0.4422886902190019 1.2067754828735314e-18
    outer loop
      vertex 8.421271051849605 -10.792037722821451 80.95
      vertex 8.551442841485013 -11.056 80.95
      vertex 8.551442841485013 -11.056 85.95
    endloop
  endfacet
  facet normal -0.8314696123025439 -0.5555702330196043 0
    outer loop
      vertex 8.551442841485013 -11.056 80.95
      vertex 8.714954984344722 -11.30071321526962 85.95
      vertex 8.551442841485013 -11.056 85.95
    endloop
  endfacet
  facet normal -0.6593458151000693 -0.7518398074789769 0
    outer loop
      vertex 9.130286784730378 -11.71604501565528 80.95
      vertex 9.130286784730378 -11.71604501565528 85.95
      vertex 8.909009742330268 -11.521990257669732 80.95
    endloop
  endfacet
  facet normal -0.3214394653031609 -0.9469301294951059 -9.042399491963149e-19
    outer loop
      vertex 9.638962277178548 -12.009728948150395 80.95
      vertex 9.917657148519329 -12.104333109150403 80.95
      vertex 9.917657148519329 -12.104333109150403 85.95
    endloop
  endfacet
  facet normal -0.3214394653031609 -0.9469301294951059 0
    outer loop
      vertex 9.638962277178548 -12.009728948150395 80.95
      vertex 9.917657148519329 -12.104333109150403 85.95
      vertex 9.638962277178548 -12.009728948150395 85.95
    endloop
  endfacet
  facet normal -0.19509032201612855 -0.9807852804032303 0
    outer loop
      vertex 9.917657148519329 -12.104333109150403 80.95
      vertex 10.206316067504885 -12.161750938091073 85.95
      vertex 9.917657148519329 -12.104333109150403 85.95
    endloop
  endfacet
  facet normal -0.19509032201612855 -0.9807852804032303 2.7828459827144165e-19
    outer loop
      vertex 9.917657148519329 -12.104333109150403 80.95
      vertex 10.206316067504885 -12.161750938091073 80.95
      vertex 10.206316067504885 -12.161750938091073 85.95
    endloop
  endfacet
  facet normal -0.0654031292301422 -0.9978589232386036 8.180030004080925e-20
    outer loop
      vertex 10.206316067504885 -12.161750938091073 80.95
      vertex 10.5 -12.181 80.95
      vertex 10.5 -12.181 85.95
    endloop
  endfacet
  facet normal -0.0654031292301422 -0.9978589232386036 0
    outer loop
      vertex 10.206316067504885 -12.161750938091073 80.95
      vertex 10.5 -12.181 85.95
      vertex 10.206316067504885 -12.161750938091073 85.95
    endloop
  endfacet
  facet normal 0.0654031292301422 -0.9978589232386036 0
    outer loop
      vertex 10.5 -12.181 80.95
      vertex 10.793683932495115 -12.161750938091073 85.95
      vertex 10.5 -12.181 85.95
    endloop
  endfacet
  facet normal 0 0 1
    outer loop
      vertex 10.206316067504885 -12.161750938091073 85.95
      vertex 10.5 -12.181 85.95
      vertex 10.39557904622396 -10.724155889099048 85.95
    endloop
  endfacet
  facet normal 0 0 1
    outer loop
      vertex 9.638962277178548 -12.009728948150395 85.95
      vertex 9.917657148519329 -12.104333109150403 85.95
      vertex 9.76089637399097 -10.23714674589207 85.95
    endloop
  endfacet
  facet normal 0 0 1
    outer loop
      vertex 9.917657148519329 -12.104333109150403 85.95
      vertex 10.206316067504885 -12.161750938091073 85.95
      vertex 10.1 -10.62382032302755 85.95
    endloop
  endfacet
  facet normal 0 0 1
    outer loop
      vertex 9.638962277178548 -12.009728948150395 85.95
      vertex 9.727259338968745 -10.138055236082016 85.95
      vertex 9.706844110900951 -10.03542095377604 85.95
    endloop
  endfacet
  facet normal 0 0 1
    outer loop
      vertex 9.638962277178548 -12.009728948150395 85.95
      vertex 9.706844110900951 -10.03542095377604 85.95
      vertex 9.7 -9.931 85.95
    endloop
  endfacet
  facet normal 0 0 1
    outer loop
      vertex 9.638962277178548 -12.009728948150395 85.95
      vertex 9.76089637399097 -10.23714674589207 85.95
      vertex 9.727259338968745 -10.138055236082016 85.95
    endloop
  endfacet
  facet normal 0 0 1
    outer loop
      vertex 9.917657148519329 -12.104333109150403 85.95
      vertex 10.012990856793024 -10.565682672232988 85.95
      vertex 9.934314575050761 -10.496685424949238 85.95
    endloop
  endfacet
  facet normal 0 0 1
    outer loop
      vertex 9.917657148519329 -12.104333109150403 85.95
      vertex 9.80717967697245 -10.331 85.95
      vertex 9.76089637399097 -10.23714674589207 85.95
    endloop
  endfacet
  facet normal 0 0 1
    outer loop
      vertex 9.917657148519329 -12.104333109150403 85.95
      vertex 9.865317327767013 -10.418009143206977 85.95
      vertex 9.80717967697245 -10.331 85.95
    endloop
  endfacet
  facet normal 0 0 1
    outer loop
      vertex 9.917657148519329 -12.104333109150403 85.95
      vertex 9.934314575050761 -10.496685424949238 85.95
      vertex 9.865317327767013 -10.418009143206977 85.95
    endloop
  endfacet
  facet normal 0 0 1
    outer loop
      vertex 9.917657148519329 -12.104333109150403 85.95
      vertex 10.1 -10.62382032302755 85.95
      vertex 10.012990856793024 -10.565682672232988 85.95
    endloop
  endfacet
  facet normal 0 0 1
    outer loop
      vertex 10.206316067504885 -12.161750938091073 85.95
      vertex 10.292944763917983 -10.703740661031254 85.95
      vertex 10.193853254107928 -10.670103626009029 85.95
    endloop
  endfacet
  facet normal 0 0 1
    outer loop
      vertex 10.206316067504885 -12.161750938091073 85.95
      vertex 10.39557904622396 -10.724155889099048 85.95
      vertex 10.292944763917983 -10.703740661031254 85.95
    endloop
  endfacet
  facet normal 0 0 1
    outer loop
      vertex 10.5 -12.181 85.95
      vertex 10.5 -10.731 85.95
      vertex 10.39557904622396 -10.724155889099048 85.95
    endloop
  endfacet
  facet normal 0 0 1
    outer loop
      vertex 10.5 -12.181 85.95
      vertex 10.60442095377604 -10.724155889099048 85.95
      vertex 10.5 -10.731 85.95
    endloop
  endfacet
  facet normal 0 0 1
    outer loop
      vertex 10.206316067504885 -12.161750938091073 85.95
      vertex 10.193853254107928 -10.670103626009029 85.95
      vertex 10.1 -10.62382032302755 85.95
    endloop
  endfacet
  facet normal 0 0 1
    outer loop
      vertex 8.714954984344722 -11.30071321526962 85.95
      vertex 8.551442841485013 -8.806 85.95
      vertex 8.551442841485013 -11.056 85.95
    endloop
  endfacet
  facet normal 0 0 1
    outer loop
      vertex 8.714954984344722 -11.30071321526962 85.95
      vertex 8.909009742330268 -11.521990257669732 85.95
      vertex 8.714954984344722 -8.561286784730378 85.95
    endloop
  endfacet
  facet normal 0 0 1
    outer loop
      vertex 9.130286784730378 -11.71604501565528 85.95
      vertex 8.909009742330268 -8.340009742330267 85.95
      vertex 8.909009742330268 -11.521990257669732 85.95
    endloop
  endfacet
  facet normal 0 0 1
    outer loop
      vertex 8.421271051849605 -9.069962277178547 85.95
      vertex 8.551442841485013 -11.056 85.95
      vertex 8.551442841485013 -8.806 85.95
    endloop
  endfacet
  facet normal 0 0 1
    outer loop
      vertex 9.130286784730378 -11.71604501565528 85.95
      vertex 9.375 -11.879557158514986 85.95
      vertex 9.130286784730378 -8.14595498434472 85.95
    endloop
  endfacet
  facet normal 0 0 1
    outer loop
      vertex 9.375 -11.879557158514986 85.95
      vertex 9.638962277178548 -12.009728948150395 85.95
      vertex 9.375 -7.982442841485012 85.95
    endloop
  endfacet
  facet normal -0.8314696123025439 0.5555702330196043 0
    outer loop
      vertex 8.551442841485013 -8.806 80.95
      vertex 8.551442841485013 -8.806 85.95
      vertex 8.714954984344722 -8.561286784730378 80.95
    endloop
  endfacet
  facet normal -0.896872741532688 0.4422886902190019 -1.2067754828735314e-18
    outer loop
      vertex 8.421271051849605 -9.069962277178547 85.95
      vertex 8.551442841485013 -8.806 85.95
      vertex 8.551442841485013 -8.806 80.95
    endloop
  endfacet
  facet normal -0.8314696123025439 0.5555702330196043 0
    outer loop
      vertex 8.714954984344722 -8.561286784730378 80.95
      vertex 8.551442841485013 -8.806 85.95
      vertex 8.714954984344722 -8.561286784730378 85.95
    endloop
  endfacet
  facet normal 0 0 1
    outer loop
      vertex 8.714954984344722 -11.30071321526962 85.95
      vertex 8.714954984344722 -8.561286784730378 85.95
      vertex 8.551442841485013 -8.806 85.95
    endloop
  endfacet
  facet normal 0 0 1
    outer loop
      vertex 8.909009742330268 -11.521990257669732 85.95
      vertex 8.909009742330268 -8.340009742330267 85.95
      vertex 8.714954984344722 -8.561286784730378 85.95
    endloop
  endfacet
  facet normal 0 0 1
    outer loop
      vertex 9.130286784730378 -11.71604501565528 85.95
      vertex 9.130286784730378 -8.14595498434472 85.95
      vertex 8.909009742330268 -8.340009742330267 85.95
    endloop
  endfacet
  facet normal 0 0 1
    outer loop
      vertex 9.375 -11.879557158514986 85.95
      vertex 9.375 -7.982442841485012 85.95
      vertex 9.130286784730378 -8.14595498434472 85.95
    endloop
  endfacet
  facet normal 0 0 1
    outer loop
      vertex 9.638962277178548 -12.009728948150395 85.95
      vertex 9.638962277178548 -7.852271051849604 85.95
      vertex 9.375 -7.982442841485012 85.95
    endloop
  endfacet
  facet normal 0 0 1
    outer loop
      vertex 9.638962277178548 -12.009728948150395 85.95
      vertex 9.7 -9.931 85.95
      vertex 9.638962277178548 -7.852271051849604 85.95
    endloop
  endfacet
  facet normal 0 0 1
    outer loop
      vertex 9.638962277178548 -7.852271051849604 85.95
      vertex 9.7 -9.931 85.95
      vertex 9.706844110900951 -9.826579046223959 85.95
    endloop
  endfacet
  facet normal 0 0 1
    outer loop
      vertex 9.638962277178548 -7.852271051849604 85.95
      vertex 9.706844110900951 -9.826579046223959 85.95
      vertex 9.727259338968745 -9.723944763917983 85.95
    endloop
  endfacet
  facet normal 0 0 1
    outer loop
      vertex 9.638962277178548 -7.852271051849604 85.95
      vertex 9.727259338968745 -9.723944763917983 85.95
      vertex 9.76089637399097 -9.624853254107927 85.95
    endloop
  endfacet
  facet normal 0 0 1
    outer loop
      vertex 9.638962277178548 -7.852271051849604 85.95
      vertex 9.76089637399097 -9.624853254107927 85.95
      vertex 9.80717967697245 -9.530999999999999 85.95
    endloop
  endfacet
  facet normal 0 0 1
    outer loop
      vertex 9.638962277178548 -7.852271051849604 85.95
      vertex 9.80717967697245 -9.530999999999999 85.95
      vertex 9.865317327767013 -9.443990856793022 85.95
    endloop
  endfacet
  facet normal 0 0 1
    outer loop
      vertex 9.638962277178548 -7.852271051849604 85.95
      vertex 9.865317327767013 -9.443990856793022 85.95
      vertex 9.934314575050761 -9.36531457505076 85.95
    endloop
  endfacet
  facet normal 0 0 1
    outer loop
      vertex 9.917657148519329 -7.757666890849595 85.95
      vertex 9.934314575050761 -9.36531457505076 85.95
      vertex 10.012990856793024 -9.29631732776701 85.95
    endloop
  endfacet
  facet normal 0 0 1
    outer loop
      vertex 9.917657148519329 -7.757666890849595 85.95
      vertex 10.012990856793024 -9.29631732776701 85.95
      vertex 10.1 -9.238179676972448 85.95
    endloop
  endfacet
  facet normal 0 0 1
    outer loop
      vertex 9.917657148519329 -7.757666890849595 85.95
      vertex 10.1 -9.238179676972448 85.95
      vertex 10.193853254107928 -9.19189637399097 85.95
    endloop
  endfacet
  facet normal 0 0 1
    outer loop
      vertex 9.917657148519329 -7.757666890849595 85.95
      vertex 10.193853254107928 -9.19189637399097 85.95
      vertex 10.292944763917983 -9.158259338968744 85.95
    endloop
  endfacet
  facet normal 0 0 1
    outer loop
      vertex 10.206316067504885 -7.700249061908925 85.95
      vertex 10.292944763917983 -9.158259338968744 85.95
      vertex 10.39557904622396 -9.13784411090095 85.95
    endloop
  endfacet
  facet normal 0 0 1
    outer loop
      vertex 10.5 -7.680999999999999 85.95
      vertex 10.39557904622396 -9.13784411090095 85.95
      vertex 10.5 -9.130999999999998 85.95
    endloop
  endfacet
  facet normal 0 0 1
    outer loop
      vertex 10.5 -7.680999999999999 85.95
      vertex 10.5 -9.130999999999998 85.95
      vertex 10.60442095377604 -9.13784411090095 85.95
    endloop
  endfacet
  facet normal 0.0654031292301422 -0.9978589232386036 -8.180030004080925e-20
    outer loop
      vertex 10.5 -12.181 80.95
      vertex 10.793683932495115 -12.161750938091073 80.95
      vertex 10.793683932495115 -12.161750938091073 85.95
    endloop
  endfacet
  facet normal 0.19509032201612855 -0.9807852804032303 -2.7828459827144165e-19
    outer loop
      vertex 10.793683932495115 -12.161750938091073 80.95
      vertex 11.082342851480671 -12.104333109150403 80.95
      vertex 11.082342851480671 -12.104333109150403 85.95
    endloop
  endfacet
  facet normal 0.19509032201612855 -0.9807852804032303 0
    outer loop
      vertex 10.793683932495115 -12.161750938091073 80.95
      vertex 11.082342851480671 -12.104333109150403 85.95
      vertex 10.793683932495115 -12.161750938091073 85.95
    endloop
  endfacet
  facet normal 0.3214394653031609 -0.9469301294951059 9.042399491963149e-19
    outer loop
      vertex 11.082342851480671 -12.104333109150403 80.95
      vertex 11.361037722821452 -12.009728948150395 80.95
      vertex 11.361037722821452 -12.009728948150395 85.95
    endloop
  endfacet
  facet normal 0.4422886902190019 -0.896872741532688 -1.2067754828735314e-18
    outer loop
      vertex 11.361037722821452 -12.009728948150395 80.95
      vertex 11.625 -11.879557158514986 80.95
      vertex 11.625 -11.879557158514986 85.95
    endloop
  endfacet
  facet normal 0.3214394653031609 -0.9469301294951059 0
    outer loop
      vertex 11.082342851480671 -12.104333109150403 80.95
      vertex 11.361037722821452 -12.009728948150395 85.95
      vertex 11.082342851480671 -12.104333109150403 85.95
    endloop
  endfacet
  facet normal 0.4422886902190019 -0.896872741532688 0
    outer loop
      vertex 11.361037722821452 -12.009728948150395 80.95
      vertex 11.625 -11.879557158514986 85.95
      vertex 11.361037722821452 -12.009728948150395 85.95
    endloop
  endfacet
  facet normal 0 0 1
    outer loop
      vertex 10.5 -12.181 85.95
      vertex 10.793683932495115 -12.161750938091073 85.95
      vertex 10.60442095377604 -10.724155889099048 85.95
    endloop
  endfacet
  facet normal 0 0 1
    outer loop
      vertex 10.793683932495115 -12.161750938091073 85.95
      vertex 11.082342851480671 -12.104333109150403 85.95
      vertex 10.707055236082017 -10.703740661031254 85.95
    endloop
  endfacet
  facet normal 0 0 1
    outer loop
      vertex 10.793683932495115 -12.161750938091073 85.95
      vertex 10.707055236082017 -10.703740661031254 85.95
      vertex 10.60442095377604 -10.724155889099048 85.95
    endloop
  endfacet
  facet normal 0 0 1
    outer loop
      vertex 11.082342851480671 -12.104333109150403 85.95
      vertex 10.806146745892072 -10.670103626009029 85.95
      vertex 10.707055236082017 -10.703740661031254 85.95
    endloop
  endfacet
  facet normal 0 0 1
    outer loop
      vertex 11.082342851480671 -12.104333109150403 85.95
      vertex 10.9 -10.62382032302755 85.95
      vertex 10.806146745892072 -10.670103626009029 85.95
    endloop
  endfacet
  facet normal 0 0 1
    outer loop
      vertex 11.082342851480671 -12.104333109150403 85.95
      vertex 10.987009143206976 -10.565682672232988 85.95
      vertex 10.9 -10.62382032302755 85.95
    endloop
  endfacet
  facet normal 0 0 1
    outer loop
      vertex 11.082342851480671 -12.104333109150403 85.95
      vertex 11.065685424949239 -10.496685424949238 85.95
      vertex 10.987009143206976 -10.565682672232988 85.95
    endloop
  endfacet
  facet normal 0 0 1
    outer loop
      vertex 11.082342851480671 -12.104333109150403 85.95
      vertex 11.361037722821452 -12.009728948150395 85.95
      vertex 11.065685424949239 -10.496685424949238 85.95
    endloop
  endfacet
  facet normal 0 0 1
    outer loop
      vertex 11.361037722821452 -12.009728948150395 85.95
      vertex 11.134682672232987 -10.418009143206977 85.95
      vertex 11.065685424949239 -10.496685424949238 85.95
    endloop
  endfacet
  facet normal 0 0 1
    outer loop
      vertex 11.361037722821452 -12.009728948150395 85.95
      vertex 11.19282032302755 -10.331 85.95
      vertex 11.134682672232987 -10.418009143206977 85.95
    endloop
  endfacet
  facet normal 0 0 1
    outer loop
      vertex 11.361037722821452 -12.009728948150395 85.95
      vertex 11.23910362600903 -10.23714674589207 85.95
      vertex 11.19282032302755 -10.331 85.95
    endloop
  endfacet
  facet normal 0 0 1
    outer loop
      vertex 11.361037722821452 -12.009728948150395 85.95
      vertex 11.272740661031255 -10.138055236082016 85.95
      vertex 11.23910362600903 -10.23714674589207 85.95
    endloop
  endfacet
  facet normal 0 0 1
    outer loop
      vertex 11.361037722821452 -12.009728948150395 85.95
      vertex 11.293155889099049 -10.03542095377604 85.95
      vertex 11.272740661031255 -10.138055236082016 85.95
    endloop
  endfacet
  facet normal 0 0 1
    outer loop
      vertex 11.361037722821452 -12.009728948150395 85.95
      vertex 11.3 -9.931 85.95
      vertex 11.293155889099049 -10.03542095377604 85.95
    endloop
  endfacet
  facet normal 0.5555702330196001 -0.8314696123025467 -1.684560552395923e-18
    outer loop
      vertex 11.625 -11.879557158514986 80.95
      vertex 11.869713215269622 -11.71604501565528 80.95
      vertex 11.869713215269622 -11.71604501565528 85.95
    endloop
  endfacet
  facet normal 0.5555702330196001 -0.8314696123025467 0
    outer loop
      vertex 11.625 -11.879557158514986 80.95
      vertex 11.869713215269622 -11.71604501565528 85.95
      vertex 11.625 -11.879557158514986 85.95
    endloop
  endfacet
  facet normal 0.6593458151000693 -0.7518398074789769 9.937781332677347e-19
    outer loop
      vertex 11.869713215269622 -11.71604501565528 80.95
      vertex 12.090990257669732 -11.521990257669732 80.95
      vertex 12.090990257669732 -11.521990257669732 85.95
    endloop
  endfacet
  facet normal 0.6593458151000693 -0.7518398074789769 0
    outer loop
      vertex 11.869713215269622 -11.71604501565528 80.95
      vertex 12.090990257669732 -11.521990257669732 85.95
      vertex 11.869713215269622 -11.71604501565528 85.95
    endloop
  endfacet
  facet normal 0.7518398074789799 -0.6593458151000658 0
    outer loop
      vertex 12.090990257669732 -11.521990257669732 80.95
      vertex 12.285045015655278 -11.30071321526962 85.95
      vertex 12.090990257669732 -11.521990257669732 85.95
    endloop
  endfacet
  facet normal 0.7518398074789799 -0.6593458151000658 -2.0566563056617048e-18
    outer loop
      vertex 12.090990257669732 -11.521990257669732 80.95
      vertex 12.285045015655278 -11.30071321526962 80.95
      vertex 12.285045015655278 -11.30071321526962 85.95
    endloop
  endfacet
  facet normal 0.8314696123025439 -0.5555702330196043 0
    outer loop
      vertex 12.285045015655278 -11.30071321526962 80.95
      vertex 12.448557158514987 -11.056 85.95
      vertex 12.285045015655278 -11.30071321526962 85.95
    endloop
  endfacet
  facet normal 0.8314696123025439 -0.5555702330196043 1.3642718854952212e-18
    outer loop
      vertex 12.285045015655278 -11.30071321526962 80.95
      vertex 12.448557158514987 -11.056 80.95
      vertex 12.448557158514987 -11.056 85.95
    endloop
  endfacet
  facet normal 0.896872741532688 -0.4422886902190019 -1.2067754828735314e-18
    outer loop
      vertex 12.448557158514987 -11.056 80.95
      vertex 12.578728948150395 -10.792037722821451 80.95
      vertex 12.578728948150395 -10.792037722821451 85.95
    endloop
  endfacet
  facet normal 0.896872741532688 -0.4422886902190019 0
    outer loop
      vertex 12.448557158514987 -11.056 80.95
      vertex 12.578728948150395 -10.792037722821451 85.95
      vertex 12.448557158514987 -11.056 85.95
    endloop
  endfacet
  facet normal 0.9469301294951059 -0.3214394653031609 0
    outer loop
      vertex 12.578728948150395 -10.792037722821451 80.95
      vertex 12.673333109150404 -10.51334285148067 85.95
      vertex 12.578728948150395 -10.792037722821451 85.95
    endloop
  endfacet
  facet normal 0 0 1
    outer loop
      vertex 11.361037722821452 -12.009728948150395 85.95
      vertex 11.625 -11.879557158514986 85.95
      vertex 11.361037722821452 -7.852271051849604 85.95
    endloop
  endfacet
  facet normal 0 0 1
    outer loop
      vertex 11.361037722821452 -12.009728948150395 85.95
      vertex 11.361037722821452 -7.852271051849604 85.95
      vertex 11.3 -9.931 85.95
    endloop
  endfacet
  facet normal 0 0 1
    outer loop
      vertex 10.793683932495115 -7.700249061908925 85.95
      vertex 10.60442095377604 -9.13784411090095 85.95
      vertex 10.707055236082017 -9.158259338968744 85.95
    endloop
  endfacet
  facet normal 0 0 1
    outer loop
      vertex 10.793683932495115 -7.700249061908925 85.95
      vertex 10.707055236082017 -9.158259338968744 85.95
      vertex 10.806146745892072 -9.19189637399097 85.95
    endloop
  endfacet
  facet normal 0 0 1
    outer loop
      vertex 10.793683932495115 -7.700249061908925 85.95
      vertex 10.806146745892072 -9.19189637399097 85.95
      vertex 10.9 -9.238179676972448 85.95
    endloop
  endfacet
  facet normal 0 0 1
    outer loop
      vertex 11.082342851480671 -7.757666890849595 85.95
      vertex 11.134682672232987 -9.443990856793022 85.95
      vertex 11.19282032302755 -9.530999999999999 85.95
    endloop
  endfacet
  facet normal 0 0 1
    outer loop
      vertex 11.082342851480671 -7.757666890849595 85.95
      vertex 10.987009143206976 -9.29631732776701 85.95
      vertex 11.065685424949239 -9.36531457505076 85.95
    endloop
  endfacet
  facet normal 0 0 1
    outer loop
      vertex 11.082342851480671 -7.757666890849595 85.95
      vertex 11.065685424949239 -9.36531457505076 85.95
      vertex 11.134682672232987 -9.443990856793022 85.95
    endloop
  endfacet
  facet normal 0 0 1
    outer loop
      vertex 11.082342851480671 -7.757666890849595 85.95
      vertex 10.9 -9.238179676972448 85.95
      vertex 10.987009143206976 -9.29631732776701 85.95
    endloop
  endfacet
  facet normal 0 0 1
    outer loop
      vertex 11.361037722821452 -7.852271051849604 85.95
      vertex 11.293155889099049 -9.826579046223959 85.95
      vertex 11.3 -9.931 85.95
    endloop
  endfacet
  facet normal 0 0 1
    outer loop
      vertex 11.361037722821452 -7.852271051849604 85.95
      vertex 11.272740661031255 -9.723944763917983 85.95
      vertex 11.293155889099049 -9.826579046223959 85.95
    endloop
  endfacet
  facet normal 0 0 1
    outer loop
      vertex 11.361037722821452 -7.852271051849604 85.95
      vertex 11.23910362600903 -9.624853254107927 85.95
      vertex 11.272740661031255 -9.723944763917983 85.95
    endloop
  endfacet
  facet normal 0 0 1
    outer loop
      vertex 11.625 -11.879557158514986 85.95
      vertex 11.625 -7.982442841485012 85.95
      vertex 11.361037722821452 -7.852271051849604 85.95
    endloop
  endfacet
  facet normal 0 0 1
    outer loop
      vertex 11.082342851480671 -7.757666890849595 85.95
      vertex 11.19282032302755 -9.530999999999999 85.95
      vertex 11.23910362600903 -9.624853254107927 85.95
    endloop
  endfacet
  facet normal 0.9469301294951059 -0.3214394653031609 9.042399491963149e-19
    outer loop
      vertex 12.578728948150395 -10.792037722821451 80.95
      vertex 12.673333109150404 -10.51334285148067 80.95
      vertex 12.673333109150404 -10.51334285148067 85.95
    endloop
  endfacet
  facet normal 0.9807852804032303 -0.19509032201612855 -2.7828459827144165e-19
    outer loop
      vertex 12.673333109150404 -10.51334285148067 80.95
      vertex 12.730750938091074 -10.224683932495115 80.95
      vertex 12.730750938091074 -10.224683932495115 85.95
    endloop
  endfacet
  facet normal 0.9807852804032303 -0.19509032201612855 0
    outer loop
      vertex 12.673333109150404 -10.51334285148067 80.95
      vertex 12.730750938091074 -10.224683932495115 85.95
      vertex 12.673333109150404 -10.51334285148067 85.95
    endloop
  endfacet
  facet normal 0.9978589232386036 -0.0654031292301422 0
    outer loop
      vertex 12.730750938091074 -10.224683932495115 80.95
      vertex 12.75 -9.931 85.95
      vertex 12.730750938091074 -10.224683932495115 85.95
    endloop
  endfacet
  facet normal 0.9978589232386036 -0.0654031292301422 -8.180030004080925e-20
    outer loop
      vertex 12.730750938091074 -10.224683932495115 80.95
      vertex 12.75 -9.931 80.95
      vertex 12.75 -9.931 85.95
    endloop
  endfacet
  facet normal 0.9978589232386036 0.0654031292301422 0
    outer loop
      vertex 12.730750938091074 -9.637316067504884 80.95
      vertex 12.730750938091074 -9.637316067504884 85.95
      vertex 12.75 -9.931 80.95
    endloop
  endfacet
  facet normal 0.9978589232386036 0.0654031292301422 8.180030004080925e-20
    outer loop
      vertex 12.730750938091074 -9.637316067504884 85.95
      vertex 12.75 -9.931 85.95
      vertex 12.75 -9.931 80.95
    endloop
  endfacet
  facet normal 0 0 1
    outer loop
      vertex 11.625 -11.879557158514986 85.95
      vertex 11.869713215269622 -11.71604501565528 85.95
      vertex 11.625 -7.982442841485012 85.95
    endloop
  endfacet
  facet normal 0 0 1
    outer loop
      vertex 11.869713215269622 -11.71604501565528 85.95
      vertex 12.090990257669732 -11.521990257669732 85.95
      vertex 11.869713215269622 -8.14595498434472 85.95
    endloop
  endfacet
  facet normal 0 0 1
    outer loop
      vertex 12.090990257669732 -11.521990257669732 85.95
      vertex 12.285045015655278 -11.30071321526962 85.95
      vertex 12.090990257669732 -8.340009742330267 85.95
    endloop
  endfacet
  facet normal 0 0 1
    outer loop
      vertex 12.285045015655278 -11.30071321526962 85.95
      vertex 12.448557158514987 -11.056 85.95
      vertex 12.285045015655278 -8.561286784730378 85.95
    endloop
  endfacet
  facet normal 0 0 1
    outer loop
      vertex 12.448557158514987 -11.056 85.95
      vertex 12.578728948150395 -10.792037722821451 85.95
      vertex 12.448557158514987 -8.806 85.95
    endloop
  endfacet
  facet normal 0 0 1
    outer loop
      vertex 12.578728948150395 -10.792037722821451 85.95
      vertex 12.673333109150404 -10.51334285148067 85.95
      vertex 12.578728948150395 -9.069962277178547 85.95
    endloop
  endfacet
  facet normal 0 0 1
    outer loop
      vertex 12.673333109150404 -10.51334285148067 85.95
      vertex 12.730750938091074 -10.224683932495115 85.95
      vertex 12.673333109150404 -9.348657148519328 85.95
    endloop
  endfacet
  facet normal 0 0 1
    outer loop
      vertex 12.730750938091074 -10.224683932495115 85.95
      vertex 12.75 -9.931 85.95
      vertex 12.730750938091074 -9.637316067504884 85.95
    endloop
  endfacet
  facet normal 0 0 1
    outer loop
      vertex 12.730750938091074 -10.224683932495115 85.95
      vertex 12.730750938091074 -9.637316067504884 85.95
      vertex 12.673333109150404 -9.348657148519328 85.95
    endloop
  endfacet
  facet normal 0 0 1
    outer loop
      vertex 12.673333109150404 -10.51334285148067 85.95
      vertex 12.673333109150404 -9.348657148519328 85.95
      vertex 12.578728948150395 -9.069962277178547 85.95
    endloop
  endfacet
  facet normal 0.9807852804032303 0.19509032201612855 2.7828459827144165e-19
    outer loop
      vertex 12.730750938091074 -9.637316067504884 80.95
      vertex 12.673333109150404 -9.348657148519328 80.95
      vertex 12.673333109150404 -9.348657148519328 85.95
    endloop
  endfacet
  facet normal 0.9469301294951059 0.3214394653031609 -9.042399491963149e-19
    outer loop
      vertex 12.673333109150404 -9.348657148519328 80.95
      vertex 12.578728948150395 -9.069962277178547 80.95
      vertex 12.578728948150395 -9.069962277178547 85.95
    endloop
  endfacet
  facet normal 0.9807852804032303 0.19509032201612855 0
    outer loop
      vertex 12.730750938091074 -9.637316067504884 80.95
      vertex 12.673333109150404 -9.348657148519328 85.95
      vertex 12.730750938091074 -9.637316067504884 85.95
    endloop
  endfacet
  facet normal 0.9469301294951059 0.3214394653031609 0
    outer loop
      vertex 12.673333109150404 -9.348657148519328 80.95
      vertex 12.578728948150395 -9.069962277178547 85.95
      vertex 12.673333109150404 -9.348657148519328 85.95
    endloop
  endfacet
  facet normal 0.8314696123025439 0.5555702330196043 -1.3642718854952212e-18
    outer loop
      vertex 12.448557158514987 -8.806 80.95
      vertex 12.285045015655278 -8.561286784730378 80.95
      vertex 12.285045015655278 -8.561286784730378 85.95
    endloop
  endfacet
  facet normal 0.896872741532688 0.4422886902190019 1.2067754828735314e-18
    outer loop
      vertex 12.578728948150395 -9.069962277178547 80.95
      vertex 12.448557158514987 -8.806 80.95
      vertex 12.448557158514987 -8.806 85.95
    endloop
  endfacet
  facet normal 0.8314696123025439 0.5555702330196043 0
    outer loop
      vertex 12.448557158514987 -8.806 80.95
      vertex 12.285045015655278 -8.561286784730378 85.95
      vertex 12.448557158514987 -8.806 85.95
    endloop
  endfacet
  facet normal 0.896872741532688 0.4422886902190019 0
    outer loop
      vertex 12.578728948150395 -9.069962277178547 80.95
      vertex 12.448557158514987 -8.806 85.95
      vertex 12.578728948150395 -9.069962277178547 85.95
    endloop
  endfacet
  facet normal 0 0 1
    outer loop
      vertex 11.869713215269622 -11.71604501565528 85.95
      vertex 11.869713215269622 -8.14595498434472 85.95
      vertex 11.625 -7.982442841485012 85.95
    endloop
  endfacet
  facet normal 0 0 1
    outer loop
      vertex 12.090990257669732 -11.521990257669732 85.95
      vertex 12.090990257669732 -8.340009742330267 85.95
      vertex 11.869713215269622 -8.14595498434472 85.95
    endloop
  endfacet
  facet normal 0 0 1
    outer loop
      vertex 12.285045015655278 -11.30071321526962 85.95
      vertex 12.285045015655278 -8.561286784730378 85.95
      vertex 12.090990257669732 -8.340009742330267 85.95
    endloop
  endfacet
  facet normal 0 0 1
    outer loop
      vertex 12.448557158514987 -11.056 85.95
      vertex 12.448557158514987 -8.806 85.95
      vertex 12.285045015655278 -8.561286784730378 85.95
    endloop
  endfacet
  facet normal 0 0 1
    outer loop
      vertex 12.578728948150395 -10.792037722821451 85.95
      vertex 12.578728948150395 -9.069962277178547 85.95
      vertex 12.448557158514987 -8.806 85.95
    endloop
  endfacet
  facet normal -0.7518398074789799 0.6593458151000658 0
    outer loop
      vertex 8.714954984344722 -8.561286784730378 80.95
      vertex 8.714954984344722 -8.561286784730378 85.95
      vertex 8.909009742330268 -8.340009742330267 80.95
    endloop
  endfacet
  facet normal -0.6593458151000693 0.7518398074789769 0
    outer loop
      vertex 8.909009742330268 -8.340009742330267 80.95
      vertex 8.909009742330268 -8.340009742330267 85.95
      vertex 9.130286784730378 -8.14595498434472 80.95
    endloop
  endfacet
  facet normal -0.7518398074789799 0.6593458151000658 -2.0566563056617048e-18
    outer loop
      vertex 8.714954984344722 -8.561286784730378 85.95
      vertex 8.909009742330268 -8.340009742330267 85.95
      vertex 8.909009742330268 -8.340009742330267 80.95
    endloop
  endfacet
  facet normal -0.5555702330196001 0.8314696123025467 0
    outer loop
      vertex 9.130286784730378 -8.14595498434472 80.95
      vertex 9.130286784730378 -8.14595498434472 85.95
      vertex 9.375 -7.982442841485012 80.95
    endloop
  endfacet
  facet normal -0.6593458151000693 0.7518398074789769 0
    outer loop
      vertex 9.130286784730378 -8.14595498434472 80.95
      vertex 8.909009742330268 -8.340009742330267 85.95
      vertex 9.130286784730378 -8.14595498434472 85.95
    endloop
  endfacet
  facet normal -0.5555702330196001 0.8314696123025467 0
    outer loop
      vertex 9.375 -7.982442841485012 80.95
      vertex 9.130286784730378 -8.14595498434472 85.95
      vertex 9.375 -7.982442841485012 85.95
    endloop
  endfacet
  facet normal -0.4422886902190019 0.896872741532688 0
    outer loop
      vertex 9.375 -7.982442841485012 80.95
      vertex 9.375 -7.982442841485012 85.95
      vertex 9.638962277178548 -7.852271051849604 80.95
    endloop
  endfacet
  facet normal -0.4422886902190019 0.896872741532688 0
    outer loop
      vertex 9.638962277178548 -7.852271051849604 80.95
      vertex 9.375 -7.982442841485012 85.95
      vertex 9.638962277178548 -7.852271051849604 85.95
    endloop
  endfacet
  facet normal -0.3214394653031609 0.9469301294951059 0
    outer loop
      vertex 9.638962277178548 -7.852271051849604 80.95
      vertex 9.638962277178548 -7.852271051849604 85.95
      vertex 9.917657148519329 -7.757666890849595 80.95
    endloop
  endfacet
  facet normal -0.19509032201612855 0.9807852804032303 0
    outer loop
      vertex 9.917657148519329 -7.757666890849595 80.95
      vertex 9.917657148519329 -7.757666890849595 85.95
      vertex 10.206316067504885 -7.700249061908925 80.95
    endloop
  endfacet
  facet normal -0.3214394653031609 0.9469301294951059 0
    outer loop
      vertex 9.917657148519329 -7.757666890849595 80.95
      vertex 9.638962277178548 -7.852271051849604 85.95
      vertex 9.917657148519329 -7.757666890849595 85.95
    endloop
  endfacet
  facet normal -0.0654031292301422 0.9978589232386036 0
    outer loop
      vertex 10.206316067504885 -7.700249061908925 80.95
      vertex 10.206316067504885 -7.700249061908925 85.95
      vertex 10.5 -7.680999999999999 80.95
    endloop
  endfacet
  facet normal 0.0654031292301422 0.9978589232386036 0
    outer loop
      vertex 10.5 -7.680999999999999 80.95
      vertex 10.5 -7.680999999999999 85.95
      vertex 10.793683932495115 -7.700249061908925 80.95
    endloop
  endfacet
  facet normal -0.19509032201612855 0.9807852804032303 0
    outer loop
      vertex 10.206316067504885 -7.700249061908925 80.95
      vertex 9.917657148519329 -7.757666890849595 85.95
      vertex 10.206316067504885 -7.700249061908925 85.95
    endloop
  endfacet
  facet normal -0.0654031292301422 0.9978589232386036 0
    outer loop
      vertex 10.5 -7.680999999999999 80.95
      vertex 10.206316067504885 -7.700249061908925 85.95
      vertex 10.5 -7.680999999999999 85.95
    endloop
  endfacet
  facet normal 0 0 1
    outer loop
      vertex 9.638962277178548 -7.852271051849604 85.95
      vertex 9.934314575050761 -9.36531457505076 85.95
      vertex 9.917657148519329 -7.757666890849595 85.95
    endloop
  endfacet
  facet normal 0 0 1
    outer loop
      vertex 9.917657148519329 -7.757666890849595 85.95
      vertex 10.292944763917983 -9.158259338968744 85.95
      vertex 10.206316067504885 -7.700249061908925 85.95
    endloop
  endfacet
  facet normal 0 0 1
    outer loop
      vertex 10.206316067504885 -7.700249061908925 85.95
      vertex 10.39557904622396 -9.13784411090095 85.95
      vertex 10.5 -7.680999999999999 85.95
    endloop
  endfacet
  facet normal 0.19509032201612855 0.9807852804032303 0
    outer loop
      vertex 10.793683932495115 -7.700249061908925 80.95
      vertex 10.793683932495115 -7.700249061908925 85.95
      vertex 11.082342851480671 -7.757666890849595 80.95
    endloop
  endfacet
  facet normal 0.0654031292301422 0.9978589232386036 0
    outer loop
      vertex 10.793683932495115 -7.700249061908925 80.95
      vertex 10.5 -7.680999999999999 85.95
      vertex 10.793683932495115 -7.700249061908925 85.95
    endloop
  endfacet
  facet normal 0.19509032201612855 0.9807852804032303 0
    outer loop
      vertex 11.082342851480671 -7.757666890849595 80.95
      vertex 10.793683932495115 -7.700249061908925 85.95
      vertex 11.082342851480671 -7.757666890849595 85.95
    endloop
  endfacet
  facet normal 0.3214394653031609 0.9469301294951059 0
    outer loop
      vertex 11.082342851480671 -7.757666890849595 80.95
      vertex 11.082342851480671 -7.757666890849595 85.95
      vertex 11.361037722821452 -7.852271051849604 80.95
    endloop
  endfacet
  facet normal 0.4422886902190019 0.896872741532688 1.2067754828735314e-18
    outer loop
      vertex 11.625 -7.982442841485012 80.95
      vertex 11.361037722821452 -7.852271051849604 80.95
      vertex 11.361037722821452 -7.852271051849604 85.95
    endloop
  endfacet
  facet normal 0.3214394653031609 0.9469301294951059 0
    outer loop
      vertex 11.361037722821452 -7.852271051849604 80.95
      vertex 11.082342851480671 -7.757666890849595 85.95
      vertex 11.361037722821452 -7.852271051849604 85.95
    endloop
  endfacet
  facet normal 0.4422886902190019 0.896872741532688 0
    outer loop
      vertex 11.625 -7.982442841485012 80.95
      vertex 11.361037722821452 -7.852271051849604 85.95
      vertex 11.625 -7.982442841485012 85.95
    endloop
  endfacet
  facet normal 0 0 1
    outer loop
      vertex 10.5 -7.680999999999999 85.95
      vertex 10.60442095377604 -9.13784411090095 85.95
      vertex 10.793683932495115 -7.700249061908925 85.95
    endloop
  endfacet
  facet normal 0 0 1
    outer loop
      vertex 10.793683932495115 -7.700249061908925 85.95
      vertex 10.9 -9.238179676972448 85.95
      vertex 11.082342851480671 -7.757666890849595 85.95
    endloop
  endfacet
  facet normal 0 0 1
    outer loop
      vertex 11.082342851480671 -7.757666890849595 85.95
      vertex 11.23910362600903 -9.624853254107927 85.95
      vertex 11.361037722821452 -7.852271051849604 85.95
    endloop
  endfacet
  facet normal 0.5555702330196001 0.8314696123025467 0
    outer loop
      vertex 11.625 -7.982442841485012 80.95
      vertex 11.625 -7.982442841485012 85.95
      vertex 11.869713215269622 -8.14595498434472 80.95
    endloop
  endfacet
  facet normal 0.6593458151000693 0.7518398074789769 0
    outer loop
      vertex 11.869713215269622 -8.14595498434472 80.95
      vertex 11.869713215269622 -8.14595498434472 85.95
      vertex 12.090990257669732 -8.340009742330267 80.95
    endloop
  endfacet
  facet normal 0.7518398074789799 0.6593458151000658 2.0566563056617048e-18
    outer loop
      vertex 12.285045015655278 -8.561286784730378 80.95
      vertex 12.090990257669732 -8.340009742330267 80.95
      vertex 12.090990257669732 -8.340009742330267 85.95
    endloop
  endfacet
  facet normal 0.5555702330196001 0.8314696123025467 0
    outer loop
      vertex 11.869713215269622 -8.14595498434472 80.95
      vertex 11.625 -7.982442841485012 85.95
      vertex 11.869713215269622 -8.14595498434472 85.95
    endloop
  endfacet
  facet normal 0.6593458151000693 0.7518398074789769 0
    outer loop
      vertex 12.090990257669732 -8.340009742330267 80.95
      vertex 11.869713215269622 -8.14595498434472 85.95
      vertex 12.090990257669732 -8.340009742330267 85.95
    endloop
  endfacet
  facet normal 0.7518398074789799 0.6593458151000658 0
    outer loop
      vertex 12.285045015655278 -8.561286784730378 80.95
      vertex 12.090990257669732 -8.340009742330267 85.95
      vertex 12.285045015655278 -8.561286784730378 85.95
    endloop
  endfacet
  facet normal -0.9469301294951059 -0.32143946530316114 0
    outer loop
      vertex 8.421271051849605 1.7079622771785488 80.95
      vertex 8.421271051849605 1.7079622771785488 85.95
      vertex 8.326666890849596 1.9866571485193292 80.95
    endloop
  endfacet
  facet normal -0.9807852804032303 -0.1950903220161287 0
    outer loop
      vertex 8.326666890849596 1.9866571485193292 80.95
      vertex 8.326666890849596 1.9866571485193292 85.95
      vertex 8.269249061908926 2.275316067504885 80.95
    endloop
  endfacet
  facet normal -0.896872741532688 -0.4422886902190019 0
    outer loop
      vertex 8.421271051849605 1.7079622771785488 80.95
      vertex 8.551442841485013 1.4440000000000008 85.95
      vertex 8.421271051849605 1.7079622771785488 85.95
    endloop
  endfacet
  facet normal -0.9469301294951059 -0.32143946530316114 0
    outer loop
      vertex 8.326666890849596 1.9866571485193292 80.95
      vertex 8.421271051849605 1.7079622771785488 85.95
      vertex 8.326666890849596 1.9866571485193292 85.95
    endloop
  endfacet
  facet normal -0.9978589232386036 -0.0654031292301421 0
    outer loop
      vertex 8.269249061908926 2.275316067504885 80.95
      vertex 8.269249061908926 2.275316067504885 85.95
      vertex 8.25 2.569000000000001 80.95
    endloop
  endfacet
  facet normal -0.9807852804032303 -0.1950903220161287 0
    outer loop
      vertex 8.269249061908926 2.275316067504885 80.95
      vertex 8.326666890849596 1.9866571485193292 85.95
      vertex 8.269249061908926 2.275316067504885 85.95
    endloop
  endfacet
  facet normal -0.9978589232386036 -0.0654031292301421 0
    outer loop
      vertex 8.25 2.569000000000001 80.95
      vertex 8.269249061908926 2.275316067504885 85.95
      vertex 8.25 2.569000000000001 85.95
    endloop
  endfacet
  facet normal -0.9978589232386036 0.0654031292301421 0
    outer loop
      vertex 8.25 2.569000000000001 80.95
      vertex 8.25 2.569000000000001 85.95
      vertex 8.269249061908926 2.8626839324951168 80.95
    endloop
  endfacet
  facet normal -0.9807852804032303 0.19509032201612886 0
    outer loop
      vertex 8.269249061908926 2.8626839324951168 80.95
      vertex 8.269249061908926 2.8626839324951168 85.95
      vertex 8.326666890849596 3.1513428514806723 80.95
    endloop
  endfacet
  facet normal -0.9978589232386036 0.0654031292301421 0
    outer loop
      vertex 8.269249061908926 2.8626839324951168 80.95
      vertex 8.25 2.569000000000001 85.95
      vertex 8.269249061908926 2.8626839324951168 85.95
    endloop
  endfacet
  facet normal -0.9807852804032303 0.19509032201612886 0
    outer loop
      vertex 8.326666890849596 3.1513428514806723 80.95
      vertex 8.269249061908926 2.8626839324951168 85.95
      vertex 8.326666890849596 3.1513428514806723 85.95
    endloop
  endfacet
  facet normal 0 0 1
    outer loop
      vertex 8.326666890849596 1.9866571485193292 85.95
      vertex 8.269249061908926 2.8626839324951168 85.95
      vertex 8.269249061908926 2.275316067504885 85.95
    endloop
  endfacet
  facet normal 0 0 1
    outer loop
      vertex 8.421271051849605 1.7079622771785488 85.95
      vertex 8.326666890849596 3.1513428514806723 85.95
      vertex 8.326666890849596 1.9866571485193292 85.95
    endloop
  endfacet
  facet normal 0 0 1
    outer loop
      vertex 8.421271051849605 1.7079622771785488 85.95
      vertex 8.551442841485013 1.4440000000000008 85.95
      vertex 8.421271051849605 3.430037722821453 85.95
    endloop
  endfacet
  facet normal 0 0 1
    outer loop
      vertex 8.269249061908926 2.275316067504885 85.95
      vertex 8.269249061908926 2.8626839324951168 85.95
      vertex 8.25 2.569000000000001 85.95
    endloop
  endfacet
  facet normal 0 0 1
    outer loop
      vertex 8.326666890849596 1.9866571485193292 85.95
      vertex 8.326666890849596 3.1513428514806723 85.95
      vertex 8.269249061908926 2.8626839324951168 85.95
    endloop
  endfacet
  facet normal 0 0 1
    outer loop
      vertex 8.421271051849605 1.7079622771785488 85.95
      vertex 8.421271051849605 3.430037722821453 85.95
      vertex 8.326666890849596 3.1513428514806723 85.95
    endloop
  endfacet
  facet normal -0.9469301294951059 0.3214394653031609 0
    outer loop
      vertex 8.326666890849596 3.1513428514806723 80.95
      vertex 8.326666890849596 3.1513428514806723 85.95
      vertex 8.421271051849605 3.430037722821453 80.95
    endloop
  endfacet
  facet normal -0.896872741532688 0.4422886902190019 0
    outer loop
      vertex 8.421271051849605 3.430037722821453 80.95
      vertex 8.421271051849605 3.430037722821453 85.95
      vertex 8.551442841485013 3.694000000000001 80.95
    endloop
  endfacet
  facet normal -0.9469301294951059 0.3214394653031609 0
    outer loop
      vertex 8.421271051849605 3.430037722821453 80.95
      vertex 8.326666890849596 3.1513428514806723 85.95
      vertex 8.421271051849605 3.430037722821453 85.95
    endloop
  endfacet
  facet normal -0.7518398074789799 -0.6593458151000658 0
    outer loop
      vertex 8.909009742330268 0.9780097423302687 80.95
      vertex 8.909009742330268 0.9780097423302687 85.95
      vertex 8.714954984344722 1.1992867847303794 80.95
    endloop
  endfacet
  facet normal -0.6593458151000681 -0.7518398074789782 0
    outer loop
      vertex 8.909009742330268 0.9780097423302687 80.95
      vertex 9.130286784730378 0.7839549843447218 85.95
      vertex 8.909009742330268 0.9780097423302687 85.95
    endloop
  endfacet
  facet normal -0.5555702330196016 -0.8314696123025457 -6.37576265343618e-19
    outer loop
      vertex 9.130286784730378 0.7839549843447218 80.95
      vertex 9.375 0.620442841485014 80.95
      vertex 9.375 0.620442841485014 85.95
    endloop
  endfacet
  facet normal -0.6593458151000681 -0.7518398074789782 1.501347813308023e-19
    outer loop
      vertex 8.909009742330268 0.9780097423302687 80.95
      vertex 9.130286784730378 0.7839549843447218 80.95
      vertex 9.130286784730378 0.7839549843447218 85.95
    endloop
  endfacet
  facet normal -0.4422886902190013 -0.8968727415326883 -1.4017613318883433e-18
    outer loop
      vertex 9.375 0.620442841485014 80.95
      vertex 9.638962277178548 0.49027105184960584 80.95
      vertex 9.638962277178548 0.49027105184960584 85.95
    endloop
  endfacet
  facet normal -0.5555702330196016 -0.8314696123025457 0
    outer loop
      vertex 9.130286784730378 0.7839549843447218 80.95
      vertex 9.375 0.620442841485014 85.95
      vertex 9.130286784730378 0.7839549843447218 85.95
    endloop
  endfacet
  facet normal -0.4422886902190013 -0.8968727415326883 0
    outer loop
      vertex 9.375 0.620442841485014 80.95
      vertex 9.638962277178548 0.49027105184960584 85.95
      vertex 9.375 0.620442841485014 85.95
    endloop
  endfacet
  facet normal -0.8314696123025437 -0.5555702330196046 0
    outer loop
      vertex 8.714954984344722 1.1992867847303794 80.95
      vertex 8.714954984344722 1.1992867847303794 85.95
      vertex 8.551442841485013 1.4440000000000008 80.95
    endloop
  endfacet
  facet normal -0.896872741532688 -0.4422886902190019 1.2067754828735314e-18
    outer loop
      vertex 8.421271051849605 1.7079622771785488 80.95
      vertex 8.551442841485013 1.4440000000000008 80.95
      vertex 8.551442841485013 1.4440000000000008 85.95
    endloop
  endfacet
  facet normal -0.8314696123025437 -0.5555702330196046 0
    outer loop
      vertex 8.551442841485013 1.4440000000000008 80.95
      vertex 8.714954984344722 1.1992867847303794 85.95
      vertex 8.551442841485013 1.4440000000000008 85.95
    endloop
  endfacet
  facet normal -0.7518398074789799 -0.6593458151000658 0
    outer loop
      vertex 8.714954984344722 1.1992867847303794 80.95
      vertex 8.909009742330268 0.9780097423302687 85.95
      vertex 8.714954984344722 1.1992867847303794 85.95
    endloop
  endfacet
  facet normal 0 0 1
    outer loop
      vertex 8.714954984344722 1.1992867847303794 85.95
      vertex 8.551442841485013 3.694000000000001 85.95
      vertex 8.551442841485013 1.4440000000000008 85.95
    endloop
  endfacet
  facet normal 0 0 1
    outer loop
      vertex 8.909009742330268 0.9780097423302687 85.95
      vertex 8.714954984344722 3.9387132152696225 85.95
      vertex 8.714954984344722 1.1992867847303794 85.95
    endloop
  endfacet
  facet normal 0 0 1
    outer loop
      vertex 8.909009742330268 0.9780097423302687 85.95
      vertex 9.130286784730378 0.7839549843447218 85.95
      vertex 8.909009742330268 4.159990257669733 85.95
    endloop
  endfacet
  facet normal 0 0 1
    outer loop
      vertex 9.130286784730378 0.7839549843447218 85.95
      vertex 9.375 0.620442841485014 85.95
      vertex 9.130286784730378 4.35404501565528 85.95
    endloop
  endfacet
  facet normal 0 0 1
    outer loop
      vertex 9.375 0.620442841485014 85.95
      vertex 9.638962277178548 0.49027105184960584 85.95
      vertex 9.375 4.517557158514988 85.95
    endloop
  endfacet
  facet normal -0.32143946530316225 -0.9469301294951055 -1.3315549315029724e-19
    outer loop
      vertex 9.638962277178548 0.49027105184960584 80.95
      vertex 9.917657148519329 0.39566689084959705 80.95
      vertex 9.917657148519329 0.39566689084959705 85.95
    endloop
  endfacet
  facet normal -0.32143946530316225 -0.9469301294951055 0
    outer loop
      vertex 9.638962277178548 0.49027105184960584 80.95
      vertex 9.917657148519329 0.39566689084959705 85.95
      vertex 9.638962277178548 0.49027105184960584 85.95
    endloop
  endfacet
  facet normal -0.1950903220161271 -0.9807852804032307 0
    outer loop
      vertex 9.917657148519329 0.39566689084959705 80.95
      vertex 10.206316067504885 0.33824906190892756 85.95
      vertex 9.917657148519329 0.39566689084959705 85.95
    endloop
  endfacet
  facet normal -0.1950903220161271 -0.9807852804032307 1.5649227839344362e-19
    outer loop
      vertex 9.917657148519329 0.39566689084959705 80.95
      vertex 10.206316067504885 0.33824906190892756 80.95
      vertex 10.206316067504885 0.33824906190892756 85.95
    endloop
  endfacet
  facet normal -0.0654031292301437 -0.9978589232386035 -1.3402683775515664e-19
    outer loop
      vertex 10.206316067504885 0.33824906190892756 80.95
      vertex 10.5 0.31900000000000084 80.95
      vertex 10.5 0.31900000000000084 85.95
    endloop
  endfacet
  facet normal -0.0654031292301437 -0.9978589232386035 0
    outer loop
      vertex 10.206316067504885 0.33824906190892756 80.95
      vertex 10.5 0.31900000000000084 85.95
      vertex 10.206316067504885 0.33824906190892756 85.95
    endloop
  endfacet
  facet normal 0.0654031292301437 -0.9978589232386035 0
    outer loop
      vertex 10.5 0.31900000000000084 80.95
      vertex 10.793683932495115 0.33824906190892756 85.95
      vertex 10.5 0.31900000000000084 85.95
    endloop
  endfacet
  facet normal 0 0 1
    outer loop
      vertex 9.638962277178548 0.49027105184960584 85.95
      vertex 9.917657148519329 0.39566689084959705 85.95
      vertex 9.76089637399097 2.262853254107929 85.95
    endloop
  endfacet
  facet normal 0 0 1
    outer loop
      vertex 9.917657148519329 0.39566689084959705 85.95
      vertex 10.206316067504885 0.33824906190892756 85.95
      vertex 10.1 1.87617967697245 85.95
    endloop
  endfacet
  facet normal 0 0 1
    outer loop
      vertex 10.206316067504885 0.33824906190892756 85.95
      vertex 10.5 0.31900000000000084 85.95
      vertex 10.39557904622396 1.7758441109009526 85.95
    endloop
  endfacet
  facet normal 0 0 1
    outer loop
      vertex 9.917657148519329 0.39566689084959705 85.95
      vertex 10.012990856793024 1.9343173277670127 85.95
      vertex 9.934314575050761 2.0033145750507626 85.95
    endloop
  endfacet
  facet normal 0 0 1
    outer loop
      vertex 9.917657148519329 0.39566689084959705 85.95
      vertex 9.865317327767013 2.0819908567930243 85.95
      vertex 9.80717967697245 2.169000000000001 85.95
    endloop
  endfacet
  facet normal 0 0 1
    outer loop
      vertex 9.917657148519329 0.39566689084959705 85.95
      vertex 9.934314575050761 2.0033145750507626 85.95
      vertex 9.865317327767013 2.0819908567930243 85.95
    endloop
  endfacet
  facet normal 0 0 1
    outer loop
      vertex 9.917657148519329 0.39566689084959705 85.95
      vertex 10.1 1.87617967697245 85.95
      vertex 10.012990856793024 1.9343173277670127 85.95
    endloop
  endfacet
  facet normal 0 0 1
    outer loop
      vertex 9.638962277178548 0.49027105184960584 85.95
      vertex 9.727259338968745 2.3619447639179842 85.95
      vertex 9.706844110900951 2.4645790462239594 85.95
    endloop
  endfacet
  facet normal 0 0 1
    outer loop
      vertex 9.638962277178548 0.49027105184960584 85.95
      vertex 9.706844110900951 2.4645790462239594 85.95
      vertex 9.7 2.569000000000001 85.95
    endloop
  endfacet
  facet normal 0 0 1
    outer loop
      vertex 9.638962277178548 0.49027105184960584 85.95
      vertex 9.76089637399097 2.262853254107929 85.95
      vertex 9.727259338968745 2.3619447639179842 85.95
    endloop
  endfacet
  facet normal 0 0 1
    outer loop
      vertex 9.917657148519329 0.39566689084959705 85.95
      vertex 9.80717967697245 2.169000000000001 85.95
      vertex 9.76089637399097 2.262853254107929 85.95
    endloop
  endfacet
  facet normal 0 0 1
    outer loop
      vertex 10.206316067504885 0.33824906190892756 85.95
      vertex 10.292944763917983 1.796259338968746 85.95
      vertex 10.193853254107928 1.8298963739909713 85.95
    endloop
  endfacet
  facet normal 0 0 1
    outer loop
      vertex 10.206316067504885 0.33824906190892756 85.95
      vertex 10.39557904622396 1.7758441109009526 85.95
      vertex 10.292944763917983 1.796259338968746 85.95
    endloop
  endfacet
  facet normal 0 0 1
    outer loop
      vertex 10.206316067504885 0.33824906190892756 85.95
      vertex 10.193853254107928 1.8298963739909713 85.95
      vertex 10.1 1.87617967697245 85.95
    endloop
  endfacet
  facet normal 0 0 1
    outer loop
      vertex 10.5 0.31900000000000084 85.95
      vertex 10.5 1.7690000000000008 85.95
      vertex 10.39557904622396 1.7758441109009526 85.95
    endloop
  endfacet
  facet normal 0 0 1
    outer loop
      vertex 10.5 0.31900000000000084 85.95
      vertex 10.60442095377604 1.7758441109009526 85.95
      vertex 10.5 1.7690000000000008 85.95
    endloop
  endfacet
  facet normal 0 0 1
    outer loop
      vertex 8.421271051849605 3.430037722821453 85.95
      vertex 8.551442841485013 1.4440000000000008 85.95
      vertex 8.551442841485013 3.694000000000001 85.95
    endloop
  endfacet
  facet normal 0 0 1
    outer loop
      vertex 8.714954984344722 1.1992867847303794 85.95
      vertex 8.714954984344722 3.9387132152696225 85.95
      vertex 8.551442841485013 3.694000000000001 85.95
    endloop
  endfacet
  facet normal 0 0 1
    outer loop
      vertex 8.909009742330268 0.9780097423302687 85.95
      vertex 8.909009742330268 4.159990257669733 85.95
      vertex 8.714954984344722 3.9387132152696225 85.95
    endloop
  endfacet
  facet normal 0 0 1
    outer loop
      vertex 9.130286784730378 0.7839549843447218 85.95
      vertex 9.130286784730378 4.35404501565528 85.95
      vertex 8.909009742330268 4.159990257669733 85.95
    endloop
  endfacet
  facet normal 0 0 1
    outer loop
      vertex 9.375 0.620442841485014 85.95
      vertex 9.375 4.517557158514988 85.95
      vertex 9.130286784730378 4.35404501565528 85.95
    endloop
  endfacet
  facet normal -0.896872741532688 0.4422886902190019 -1.2067754828735314e-18
    outer loop
      vertex 8.421271051849605 3.430037722821453 85.95
      vertex 8.551442841485013 3.694000000000001 85.95
      vertex 8.551442841485013 3.694000000000001 80.95
    endloop
  endfacet
  facet normal -0.8314696123025439 0.5555702330196043 0
    outer loop
      vertex 8.551442841485013 3.694000000000001 80.95
      vertex 8.551442841485013 3.694000000000001 85.95
      vertex 8.714954984344722 3.9387132152696225 80.95
    endloop
  endfacet
  facet normal -0.7518398074789799 0.6593458151000658 0
    outer loop
      vertex 8.714954984344722 3.9387132152696225 80.95
      vertex 8.714954984344722 3.9387132152696225 85.95
      vertex 8.909009742330268 4.159990257669733 80.95
    endloop
  endfacet
  facet normal -0.6593458151000676 0.7518398074789785 0
    outer loop
      vertex 8.909009742330268 4.159990257669733 80.95
      vertex 8.909009742330268 4.159990257669733 85.95
      vertex 9.130286784730378 4.35404501565528 80.95
    endloop
  endfacet
  facet normal -0.8314696123025439 0.5555702330196043 0
    outer loop
      vertex 8.714954984344722 3.9387132152696225 80.95
      vertex 8.551442841485013 3.694000000000001 85.95
      vertex 8.714954984344722 3.9387132152696225 85.95
    endloop
  endfacet
  facet normal -0.7518398074789799 0.6593458151000658 0
    outer loop
      vertex 8.909009742330268 4.159990257669733 80.95
      vertex 8.714954984344722 3.9387132152696225 85.95
      vertex 8.909009742330268 4.159990257669733 85.95
    endloop
  endfacet
  facet normal 0 0 1
    outer loop
      vertex 9.638962277178548 0.49027105184960584 85.95
      vertex 9.638962277178548 4.647728948150396 85.95
      vertex 9.375 4.517557158514988 85.95
    endloop
  endfacet
  facet normal 0 0 1
    outer loop
      vertex 9.638962277178548 0.49027105184960584 85.95
      vertex 9.7 2.569000000000001 85.95
      vertex 9.638962277178548 4.647728948150396 85.95
    endloop
  endfacet
  facet normal 0 0 1
    outer loop
      vertex 9.638962277178548 4.647728948150396 85.95
      vertex 9.7 2.569000000000001 85.95
      vertex 9.706844110900951 2.6734209537760423 85.95
    endloop
  endfacet
  facet normal 0 0 1
    outer loop
      vertex 9.638962277178548 4.647728948150396 85.95
      vertex 9.706844110900951 2.6734209537760423 85.95
      vertex 9.727259338968745 2.7760552360820174 85.95
    endloop
  endfacet
  facet normal 0 0 1
    outer loop
      vertex 9.638962277178548 4.647728948150396 85.95
      vertex 9.727259338968745 2.7760552360820174 85.95
      vertex 9.76089637399097 2.8751467458920725 85.95
    endloop
  endfacet
  facet normal 0 0 1
    outer loop
      vertex 9.638962277178548 4.647728948150396 85.95
      vertex 9.76089637399097 2.8751467458920725 85.95
      vertex 9.80717967697245 2.9690000000000007 85.95
    endloop
  endfacet
  facet normal 0 0 1
    outer loop
      vertex 9.638962277178548 4.647728948150396 85.95
      vertex 9.80717967697245 2.9690000000000007 85.95
      vertex 9.865317327767013 3.0560091432069774 85.95
    endloop
  endfacet
  facet normal 0 0 1
    outer loop
      vertex 9.638962277178548 4.647728948150396 85.95
      vertex 9.865317327767013 3.0560091432069774 85.95
      vertex 9.934314575050761 3.134685424949239 85.95
    endloop
  endfacet
  facet normal 0 0 1
    outer loop
      vertex 9.917657148519329 4.742333109150405 85.95
      vertex 9.934314575050761 3.134685424949239 85.95
      vertex 10.012990856793024 3.203682672232989 85.95
    endloop
  endfacet
  facet normal 0 0 1
    outer loop
      vertex 9.917657148519329 4.742333109150405 85.95
      vertex 10.012990856793024 3.203682672232989 85.95
      vertex 10.1 3.2618203230275515 85.95
    endloop
  endfacet
  facet normal 0 0 1
    outer loop
      vertex 9.917657148519329 4.742333109150405 85.95
      vertex 10.1 3.2618203230275515 85.95
      vertex 10.193853254107928 3.3081036260090304 85.95
    endloop
  endfacet
  facet normal 0 0 1
    outer loop
      vertex 9.638962277178548 4.647728948150396 85.95
      vertex 9.934314575050761 3.134685424949239 85.95
      vertex 9.917657148519329 4.742333109150405 85.95
    endloop
  endfacet
  facet normal 0 0 1
    outer loop
      vertex 9.917657148519329 4.742333109150405 85.95
      vertex 10.193853254107928 3.3081036260090304 85.95
      vertex 10.292944763917983 3.3417406610312557 85.95
    endloop
  endfacet
  facet normal 0 0 1
    outer loop
      vertex 10.206316067504885 4.799750938091075 85.95
      vertex 10.292944763917983 3.3417406610312557 85.95
      vertex 10.39557904622396 3.362155889099049 85.95
    endloop
  endfacet
  facet normal 0 0 1
    outer loop
      vertex 10.5 4.819000000000001 85.95
      vertex 10.39557904622396 3.362155889099049 85.95
      vertex 10.5 3.3690000000000007 85.95
    endloop
  endfacet
  facet normal 0 0 1
    outer loop
      vertex 10.5 4.819000000000001 85.95
      vertex 10.5 3.3690000000000007 85.95
      vertex 10.60442095377604 3.362155889099049 85.95
    endloop
  endfacet
  facet normal 0.0654031292301437 -0.9978589232386035 1.3402683775515664e-19
    outer loop
      vertex 10.5 0.31900000000000084 80.95
      vertex 10.793683932495115 0.33824906190892756 80.95
      vertex 10.793683932495115 0.33824906190892756 85.95
    endloop
  endfacet
  facet normal 0.1950903220161271 -0.9807852804032307 -1.5649227839344362e-19
    outer loop
      vertex 10.793683932495115 0.33824906190892756 80.95
      vertex 11.082342851480671 0.39566689084959705 80.95
      vertex 11.082342851480671 0.39566689084959705 85.95
    endloop
  endfacet
  facet normal 0.1950903220161271 -0.9807852804032307 0
    outer loop
      vertex 10.793683932495115 0.33824906190892756 80.95
      vertex 11.082342851480671 0.39566689084959705 85.95
      vertex 10.793683932495115 0.33824906190892756 85.95
    endloop
  endfacet
  facet normal 0.32143946530316225 -0.9469301294951055 1.3315549315029724e-19
    outer loop
      vertex 11.082342851480671 0.39566689084959705 80.95
      vertex 11.361037722821452 0.49027105184960584 80.95
      vertex 11.361037722821452 0.49027105184960584 85.95
    endloop
  endfacet
  facet normal 0.32143946530316225 -0.9469301294951055 0
    outer loop
      vertex 11.082342851480671 0.39566689084959705 80.95
      vertex 11.361037722821452 0.49027105184960584 85.95
      vertex 11.082342851480671 0.39566689084959705 85.95
    endloop
  endfacet
  facet normal 0.4422886902190013 -0.8968727415326883 1.4017613318883433e-18
    outer loop
      vertex 11.361037722821452 0.49027105184960584 80.95
      vertex 11.625 0.620442841485014 80.95
      vertex 11.625 0.620442841485014 85.95
    endloop
  endfacet
  facet normal 0.4422886902190013 -0.8968727415326883 0
    outer loop
      vertex 11.361037722821452 0.49027105184960584 80.95
      vertex 11.625 0.620442841485014 85.95
      vertex 11.361037722821452 0.49027105184960584 85.95
    endloop
  endfacet
  facet normal 0 0 1
    outer loop
      vertex 10.5 0.31900000000000084 85.95
      vertex 10.793683932495115 0.33824906190892756 85.95
      vertex 10.60442095377604 1.7758441109009526 85.95
    endloop
  endfacet
  facet normal 0 0 1
    outer loop
      vertex 10.793683932495115 0.33824906190892756 85.95
      vertex 11.082342851480671 0.39566689084959705 85.95
      vertex 10.707055236082017 1.796259338968746 85.95
    endloop
  endfacet
  facet normal 0 0 1
    outer loop
      vertex 11.082342851480671 0.39566689084959705 85.95
      vertex 11.361037722821452 0.49027105184960584 85.95
      vertex 11.065685424949239 2.0033145750507626 85.95
    endloop
  endfacet
  facet normal 0 0 1
    outer loop
      vertex 10.793683932495115 0.33824906190892756 85.95
      vertex 10.707055236082017 1.796259338968746 85.95
      vertex 10.60442095377604 1.7758441109009526 85.95
    endloop
  endfacet
  facet normal 0 0 1
    outer loop
      vertex 11.082342851480671 0.39566689084959705 85.95
      vertex 10.806146745892072 1.8298963739909713 85.95
      vertex 10.707055236082017 1.796259338968746 85.95
    endloop
  endfacet
  facet normal 0 0 1
    outer loop
      vertex 11.082342851480671 0.39566689084959705 85.95
      vertex 10.9 1.87617967697245 85.95
      vertex 10.806146745892072 1.8298963739909713 85.95
    endloop
  endfacet
  facet normal 0 0 1
    outer loop
      vertex 11.082342851480671 0.39566689084959705 85.95
      vertex 10.987009143206976 1.9343173277670127 85.95
      vertex 10.9 1.87617967697245 85.95
    endloop
  endfacet
  facet normal 0 0 1
    outer loop
      vertex 11.082342851480671 0.39566689084959705 85.95
      vertex 11.065685424949239 2.0033145750507626 85.95
      vertex 10.987009143206976 1.9343173277670127 85.95
    endloop
  endfacet
  facet normal 0 0 1
    outer loop
      vertex 11.361037722821452 0.49027105184960584 85.95
      vertex 11.134682672232987 2.0819908567930243 85.95
      vertex 11.065685424949239 2.0033145750507626 85.95
    endloop
  endfacet
  facet normal 0 0 1
    outer loop
      vertex 11.361037722821452 0.49027105184960584 85.95
      vertex 11.19282032302755 2.169000000000001 85.95
      vertex 11.134682672232987 2.0819908567930243 85.95
    endloop
  endfacet
  facet normal 0 0 1
    outer loop
      vertex 11.361037722821452 0.49027105184960584 85.95
      vertex 11.23910362600903 2.262853254107929 85.95
      vertex 11.19282032302755 2.169000000000001 85.95
    endloop
  endfacet
  facet normal 0 0 1
    outer loop
      vertex 11.361037722821452 0.49027105184960584 85.95
      vertex 11.272740661031255 2.3619447639179842 85.95
      vertex 11.23910362600903 2.262853254107929 85.95
    endloop
  endfacet
  facet normal 0 0 1
    outer loop
      vertex 11.361037722821452 0.49027105184960584 85.95
      vertex 11.293155889099049 2.4645790462239594 85.95
      vertex 11.272740661031255 2.3619447639179842 85.95
    endloop
  endfacet
  facet normal 0 0 1
    outer loop
      vertex 11.361037722821452 0.49027105184960584 85.95
      vertex 11.3 2.569000000000001 85.95
      vertex 11.293155889099049 2.4645790462239594 85.95
    endloop
  endfacet
  facet normal 0 0 1
    outer loop
      vertex 11.361037722821452 0.49027105184960584 85.95
      vertex 11.625 0.620442841485014 85.95
      vertex 11.361037722821452 4.647728948150396 85.95
    endloop
  endfacet
  facet normal 0.5555702330196016 -0.8314696123025457 6.37576265343618e-19
    outer loop
      vertex 11.625 0.620442841485014 80.95
      vertex 11.869713215269622 0.7839549843447218 80.95
      vertex 11.869713215269622 0.7839549843447218 85.95
    endloop
  endfacet
  facet normal 0.6593458151000681 -0.7518398074789782 -1.501347813308023e-19
    outer loop
      vertex 11.869713215269622 0.7839549843447218 80.95
      vertex 12.090990257669732 0.9780097423302687 80.95
      vertex 12.090990257669732 0.9780097423302687 85.95
    endloop
  endfacet
  facet normal 0.5555702330196016 -0.8314696123025457 0
    outer loop
      vertex 11.625 0.620442841485014 80.95
      vertex 11.869713215269622 0.7839549843447218 85.95
      vertex 11.625 0.620442841485014 85.95
    endloop
  endfacet
  facet normal 0.6593458151000681 -0.7518398074789782 0
    outer loop
      vertex 11.869713215269622 0.7839549843447218 80.95
      vertex 12.090990257669732 0.9780097423302687 85.95
      vertex 11.869713215269622 0.7839549843447218 85.95
    endloop
  endfacet
  facet normal 0.7518398074789799 -0.6593458151000658 0
    outer loop
      vertex 12.090990257669732 0.9780097423302687 80.95
      vertex 12.285045015655278 1.1992867847303794 85.95
      vertex 12.090990257669732 0.9780097423302687 85.95
    endloop
  endfacet
  facet normal 0.7518398074789799 -0.6593458151000658 -2.0566563056617048e-18
    outer loop
      vertex 12.090990257669732 0.9780097423302687 80.95
      vertex 12.285045015655278 1.1992867847303794 80.95
      vertex 12.285045015655278 1.1992867847303794 85.95
    endloop
  endfacet
  facet normal 0.8314696123025437 -0.5555702330196046 2.684903763132412e-19
    outer loop
      vertex 12.285045015655278 1.1992867847303794 80.95
      vertex 12.448557158514987 1.4440000000000008 80.95
      vertex 12.448557158514987 1.4440000000000008 85.95
    endloop
  endfacet
  facet normal 0.8314696123025437 -0.5555702330196046 0
    outer loop
      vertex 12.285045015655278 1.1992867847303794 80.95
      vertex 12.448557158514987 1.4440000000000008 85.95
      vertex 12.285045015655278 1.1992867847303794 85.95
    endloop
  endfacet
  facet normal 0.896872741532688 -0.4422886902190019 0
    outer loop
      vertex 12.448557158514987 1.4440000000000008 80.95
      vertex 12.578728948150395 1.7079622771785488 85.95
      vertex 12.448557158514987 1.4440000000000008 85.95
    endloop
  endfacet
  facet normal 0.896872741532688 -0.4422886902190019 -1.2067754828735314e-18
    outer loop
      vertex 12.448557158514987 1.4440000000000008 80.95
      vertex 12.578728948150395 1.7079622771785488 80.95
      vertex 12.578728948150395 1.7079622771785488 85.95
    endloop
  endfacet
  facet normal 0.9469301294951059 -0.32143946530316114 7.753559754498855e-19
    outer loop
      vertex 12.578728948150395 1.7079622771785488 80.95
      vertex 12.673333109150404 1.9866571485193292 80.95
      vertex 12.673333109150404 1.9866571485193292 85.95
    endloop
  endfacet
  facet normal 0.9469301294951059 -0.32143946530316114 0
    outer loop
      vertex 12.578728948150395 1.7079622771785488 80.95
      vertex 12.673333109150404 1.9866571485193292 85.95
      vertex 12.578728948150395 1.7079622771785488 85.95
    endloop
  endfacet
  facet normal 0.9807852804032303 -0.1950903220161287 0
    outer loop
      vertex 12.673333109150404 1.9866571485193292 80.95
      vertex 12.730750938091074 2.275316067504885 85.95
      vertex 12.673333109150404 1.9866571485193292 85.95
    endloop
  endfacet
  facet normal 0 0 1
    outer loop
      vertex 11.625 0.620442841485014 85.95
      vertex 11.869713215269622 0.7839549843447218 85.95
      vertex 11.625 4.517557158514988 85.95
    endloop
  endfacet
  facet normal 0 0 1
    outer loop
      vertex 11.869713215269622 0.7839549843447218 85.95
      vertex 12.090990257669732 0.9780097423302687 85.95
      vertex 11.869713215269622 4.35404501565528 85.95
    endloop
  endfacet
  facet normal 0 0 1
    outer loop
      vertex 12.090990257669732 0.9780097423302687 85.95
      vertex 12.285045015655278 1.1992867847303794 85.95
      vertex 12.090990257669732 4.159990257669733 85.95
    endloop
  endfacet
  facet normal 0 0 1
    outer loop
      vertex 11.361037722821452 0.49027105184960584 85.95
      vertex 11.361037722821452 4.647728948150396 85.95
      vertex 11.3 2.569000000000001 85.95
    endloop
  endfacet
  facet normal 0 0 1
    outer loop
      vertex 11.082342851480671 4.742333109150405 85.95
      vertex 10.987009143206976 3.203682672232989 85.95
      vertex 11.065685424949239 3.134685424949239 85.95
    endloop
  endfacet
  facet normal 0 0 1
    outer loop
      vertex 11.082342851480671 4.742333109150405 85.95
      vertex 11.065685424949239 3.134685424949239 85.95
      vertex 11.134682672232987 3.0560091432069774 85.95
    endloop
  endfacet
  facet normal 0 0 1
    outer loop
      vertex 11.082342851480671 4.742333109150405 85.95
      vertex 11.134682672232987 3.0560091432069774 85.95
      vertex 11.19282032302755 2.9690000000000007 85.95
    endloop
  endfacet
  facet normal 0 0 1
    outer loop
      vertex 10.793683932495115 4.799750938091075 85.95
      vertex 10.60442095377604 3.362155889099049 85.95
      vertex 10.707055236082017 3.3417406610312557 85.95
    endloop
  endfacet
  facet normal 0 0 1
    outer loop
      vertex 10.793683932495115 4.799750938091075 85.95
      vertex 10.707055236082017 3.3417406610312557 85.95
      vertex 10.806146745892072 3.3081036260090304 85.95
    endloop
  endfacet
  facet normal 0 0 1
    outer loop
      vertex 10.793683932495115 4.799750938091075 85.95
      vertex 10.806146745892072 3.3081036260090304 85.95
      vertex 10.9 3.2618203230275515 85.95
    endloop
  endfacet
  facet normal 0 0 1
    outer loop
      vertex 11.082342851480671 4.742333109150405 85.95
      vertex 10.9 3.2618203230275515 85.95
      vertex 10.987009143206976 3.203682672232989 85.95
    endloop
  endfacet
  facet normal 0 0 1
    outer loop
      vertex 11.361037722821452 4.647728948150396 85.95
      vertex 11.293155889099049 2.6734209537760423 85.95
      vertex 11.3 2.569000000000001 85.95
    endloop
  endfacet
  facet normal 0 0 1
    outer loop
      vertex 11.361037722821452 4.647728948150396 85.95
      vertex 11.272740661031255 2.7760552360820174 85.95
      vertex 11.293155889099049 2.6734209537760423 85.95
    endloop
  endfacet
  facet normal 0 0 1
    outer loop
      vertex 11.361037722821452 4.647728948150396 85.95
      vertex 11.23910362600903 2.8751467458920725 85.95
      vertex 11.272740661031255 2.7760552360820174 85.95
    endloop
  endfacet
  facet normal 0 0 1
    outer loop
      vertex 11.082342851480671 4.742333109150405 85.95
      vertex 11.19282032302755 2.9690000000000007 85.95
      vertex 11.23910362600903 2.8751467458920725 85.95
    endloop
  endfacet
  facet normal 0 0 1
    outer loop
      vertex 11.625 0.620442841485014 85.95
      vertex 11.625 4.517557158514988 85.95
      vertex 11.361037722821452 4.647728948150396 85.95
    endloop
  endfacet
  facet normal 0 0 1
    outer loop
      vertex 11.082342851480671 4.742333109150405 85.95
      vertex 11.23910362600903 2.8751467458920725 85.95
      vertex 11.361037722821452 4.647728948150396 85.95
    endloop
  endfacet
  facet normal 0.9807852804032303 -0.1950903220161287 4.885619346177465e-19
    outer loop
      vertex 12.673333109150404 1.9866571485193292 80.95
      vertex 12.730750938091074 2.275316067504885 80.95
      vertex 12.730750938091074 2.275316067504885 85.95
    endloop
  endfacet
  facet normal 0.9978589232386036 -0.0654031292301421 -1.6695877138554451e-19
    outer loop
      vertex 12.730750938091074 2.275316067504885 80.95
      vertex 12.75 2.569000000000001 80.95
      vertex 12.75 2.569000000000001 85.95
    endloop
  endfacet
  facet normal 0.9978589232386036 -0.0654031292301421 0
    outer loop
      vertex 12.730750938091074 2.275316067504885 80.95
      vertex 12.75 2.569000000000001 85.95
      vertex 12.730750938091074 2.275316067504885 85.95
    endloop
  endfacet
  facet normal 0.9978589232386036 0.0654031292301421 0
    outer loop
      vertex 12.730750938091074 2.8626839324951168 80.95
      vertex 12.730750938091074 2.8626839324951168 85.95
      vertex 12.75 2.569000000000001 80.95
    endloop
  endfacet
  facet normal 0.9807852804032303 0.19509032201612886 1.1022408395537848e-18
    outer loop
      vertex 12.730750938091074 2.8626839324951168 80.95
      vertex 12.673333109150404 3.1513428514806723 80.95
      vertex 12.673333109150404 3.1513428514806723 85.95
    endloop
  endfacet
  facet normal 0.9978589232386036 0.0654031292301421 1.6695877138554451e-19
    outer loop
      vertex 12.730750938091074 2.8626839324951168 85.95
      vertex 12.75 2.569000000000001 85.95
      vertex 12.75 2.569000000000001 80.95
    endloop
  endfacet
  facet normal 0.9807852804032303 0.19509032201612886 0
    outer loop
      vertex 12.730750938091074 2.8626839324951168 80.95
      vertex 12.673333109150404 3.1513428514806723 85.95
      vertex 12.730750938091074 2.8626839324951168 85.95
    endloop
  endfacet
  facet normal 0 0 1
    outer loop
      vertex 12.090990257669732 0.9780097423302687 85.95
      vertex 12.090990257669732 4.159990257669733 85.95
      vertex 11.869713215269622 4.35404501565528 85.95
    endloop
  endfacet
  facet normal 0 0 1
    outer loop
      vertex 12.285045015655278 1.1992867847303794 85.95
      vertex 12.448557158514987 1.4440000000000008 85.95
      vertex 12.285045015655278 3.9387132152696225 85.95
    endloop
  endfacet
  facet normal 0 0 1
    outer loop
      vertex 12.448557158514987 1.4440000000000008 85.95
      vertex 12.578728948150395 1.7079622771785488 85.95
      vertex 12.448557158514987 3.694000000000001 85.95
    endloop
  endfacet
  facet normal 0 0 1
    outer loop
      vertex 12.578728948150395 1.7079622771785488 85.95
      vertex 12.673333109150404 1.9866571485193292 85.95
      vertex 12.578728948150395 3.430037722821453 85.95
    endloop
  endfacet
  facet normal 0 0 1
    outer loop
      vertex 12.673333109150404 1.9866571485193292 85.95
      vertex 12.730750938091074 2.275316067504885 85.95
      vertex 12.673333109150404 3.1513428514806723 85.95
    endloop
  endfacet
  facet normal 0 0 1
    outer loop
      vertex 12.730750938091074 2.275316067504885 85.95
      vertex 12.75 2.569000000000001 85.95
      vertex 12.730750938091074 2.8626839324951168 85.95
    endloop
  endfacet
  facet normal 0 0 1
    outer loop
      vertex 12.285045015655278 1.1992867847303794 85.95
      vertex 12.285045015655278 3.9387132152696225 85.95
      vertex 12.090990257669732 4.159990257669733 85.95
    endloop
  endfacet
  facet normal 0 0 1
    outer loop
      vertex 12.448557158514987 1.4440000000000008 85.95
      vertex 12.448557158514987 3.694000000000001 85.95
      vertex 12.285045015655278 3.9387132152696225 85.95
    endloop
  endfacet
  facet normal 0 0 1
    outer loop
      vertex 12.730750938091074 2.275316067504885 85.95
      vertex 12.730750938091074 2.8626839324951168 85.95
      vertex 12.673333109150404 3.1513428514806723 85.95
    endloop
  endfacet
  facet normal 0 0 1
    outer loop
      vertex 12.673333109150404 1.9866571485193292 85.95
      vertex 12.673333109150404 3.1513428514806723 85.95
      vertex 12.578728948150395 3.430037722821453 85.95
    endloop
  endfacet
  facet normal 0 0 1
    outer loop
      vertex 12.578728948150395 1.7079622771785488 85.95
      vertex 12.578728948150395 3.430037722821453 85.95
      vertex 12.448557158514987 3.694000000000001 85.95
    endloop
  endfacet
  facet normal 0.7518398074789799 0.6593458151000658 0
    outer loop
      vertex 12.090990257669732 4.159990257669733 80.95
      vertex 12.090990257669732 4.159990257669733 85.95
      vertex 12.285045015655278 3.9387132152696225 80.95
    endloop
  endfacet
  facet normal 0.6593458151000676 0.7518398074789785 0
    outer loop
      vertex 12.090990257669732 4.159990257669733 80.95
      vertex 11.869713215269622 4.35404501565528 85.95
      vertex 12.090990257669732 4.159990257669733 85.95
    endloop
  endfacet
  facet normal 0.9469301294951059 0.3214394653031609 -9.042399491963149e-19
    outer loop
      vertex 12.673333109150404 3.1513428514806723 80.95
      vertex 12.578728948150395 3.430037722821453 80.95
      vertex 12.578728948150395 3.430037722821453 85.95
    endloop
  endfacet
  facet normal 0.896872741532688 0.4422886902190019 0
    outer loop
      vertex 12.448557158514987 3.694000000000001 80.95
      vertex 12.448557158514987 3.694000000000001 85.95
      vertex 12.578728948150395 3.430037722821453 80.95
    endloop
  endfacet
  facet normal 0.9469301294951059 0.3214394653031609 0
    outer loop
      vertex 12.673333109150404 3.1513428514806723 80.95
      vertex 12.578728948150395 3.430037722821453 85.95
      vertex 12.673333109150404 3.1513428514806723 85.95
    endloop
  endfacet
  facet normal 0.896872741532688 0.4422886902190019 0
    outer loop
      vertex 12.578728948150395 3.430037722821453 80.95
      vertex 12.448557158514987 3.694000000000001 85.95
      vertex 12.578728948150395 3.430037722821453 85.95
    endloop
  endfacet
  facet normal 0.8314696123025439 0.5555702330196043 -1.3642718854952212e-18
    outer loop
      vertex 12.448557158514987 3.694000000000001 80.95
      vertex 12.285045015655278 3.9387132152696225 80.95
      vertex 12.285045015655278 3.9387132152696225 85.95
    endloop
  endfacet
  facet normal 0.8314696123025439 0.5555702330196043 0
    outer loop
      vertex 12.448557158514987 3.694000000000001 80.95
      vertex 12.285045015655278 3.9387132152696225 85.95
      vertex 12.448557158514987 3.694000000000001 85.95
    endloop
  endfacet
  facet normal 0.7518398074789799 0.6593458151000658 0
    outer loop
      vertex 12.285045015655278 3.9387132152696225 80.95
      vertex 12.090990257669732 4.159990257669733 85.95
      vertex 12.285045015655278 3.9387132152696225 85.95
    endloop
  endfacet
  facet normal 0 0 1
    outer loop
      vertex 11.869713215269622 0.7839549843447218 85.95
      vertex 11.869713215269622 4.35404501565528 85.95
      vertex 11.625 4.517557158514988 85.95
    endloop
  endfacet
  facet normal -0.5555702330196022 0.8314696123025453 0
    outer loop
      vertex 9.130286784730378 4.35404501565528 80.95
      vertex 9.130286784730378 4.35404501565528 85.95
      vertex 9.375 4.517557158514988 80.95
    endloop
  endfacet
  facet normal -0.4422886902190019 0.896872741532688 0
    outer loop
      vertex 9.375 4.517557158514988 80.95
      vertex 9.375 4.517557158514988 85.95
      vertex 9.638962277178548 4.647728948150396 80.95
    endloop
  endfacet
  facet normal -0.6593458151000676 0.7518398074789785 -5.314390861969821e-19
    outer loop
      vertex 8.909009742330268 4.159990257669733 85.95
      vertex 9.130286784730378 4.35404501565528 85.95
      vertex 9.130286784730378 4.35404501565528 80.95
    endloop
  endfacet
  facet normal -0.5555702330196022 0.8314696123025453 0
    outer loop
      vertex 9.375 4.517557158514988 80.95
      vertex 9.130286784730378 4.35404501565528 85.95
      vertex 9.375 4.517557158514988 85.95
    endloop
  endfacet
  facet normal -0.4422886902190019 0.896872741532688 0
    outer loop
      vertex 9.638962277178548 4.647728948150396 80.95
      vertex 9.375 4.517557158514988 85.95
      vertex 9.638962277178548 4.647728948150396 85.95
    endloop
  endfacet
  facet normal -0.3214394653031609 0.9469301294951059 0
    outer loop
      vertex 9.638962277178548 4.647728948150396 80.95
      vertex 9.638962277178548 4.647728948150396 85.95
      vertex 9.917657148519329 4.742333109150405 80.95
    endloop
  endfacet
  facet normal -0.19509032201612855 0.9807852804032303 0
    outer loop
      vertex 9.917657148519329 4.742333109150405 80.95
      vertex 9.917657148519329 4.742333109150405 85.95
      vertex 10.206316067504885 4.799750938091075 80.95
    endloop
  endfacet
  facet normal -0.3214394653031609 0.9469301294951059 0
    outer loop
      vertex 9.917657148519329 4.742333109150405 80.95
      vertex 9.638962277178548 4.647728948150396 85.95
      vertex 9.917657148519329 4.742333109150405 85.95
    endloop
  endfacet
  facet normal -0.19509032201612855 0.9807852804032303 0
    outer loop
      vertex 10.206316067504885 4.799750938091075 80.95
      vertex 9.917657148519329 4.742333109150405 85.95
      vertex 10.206316067504885 4.799750938091075 85.95
    endloop
  endfacet
  facet normal -0.0654031292301422 0.9978589232386036 0
    outer loop
      vertex 10.206316067504885 4.799750938091075 80.95
      vertex 10.206316067504885 4.799750938091075 85.95
      vertex 10.5 4.819000000000001 80.95
    endloop
  endfacet
  facet normal 0.0654031292301422 0.9978589232386036 0
    outer loop
      vertex 10.5 4.819000000000001 80.95
      vertex 10.5 4.819000000000001 85.95
      vertex 10.793683932495115 4.799750938091075 80.95
    endloop
  endfacet
  facet normal -0.0654031292301422 0.9978589232386036 0
    outer loop
      vertex 10.5 4.819000000000001 80.95
      vertex 10.206316067504885 4.799750938091075 85.95
      vertex 10.5 4.819000000000001 85.95
    endloop
  endfacet
  facet normal 0 0 1
    outer loop
      vertex 9.917657148519329 4.742333109150405 85.95
      vertex 10.292944763917983 3.3417406610312557 85.95
      vertex 10.206316067504885 4.799750938091075 85.95
    endloop
  endfacet
  facet normal 0 0 1
    outer loop
      vertex 10.206316067504885 4.799750938091075 85.95
      vertex 10.39557904622396 3.362155889099049 85.95
      vertex 10.5 4.819000000000001 85.95
    endloop
  endfacet
  facet normal 0.19509032201612855 0.9807852804032303 2.7828459827144165e-19
    outer loop
      vertex 11.082342851480671 4.742333109150405 80.95
      vertex 10.793683932495115 4.799750938091075 80.95
      vertex 10.793683932495115 4.799750938091075 85.95
    endloop
  endfacet
  facet normal 0.19509032201612855 0.9807852804032303 0
    outer loop
      vertex 11.082342851480671 4.742333109150405 80.95
      vertex 10.793683932495115 4.799750938091075 85.95
      vertex 11.082342851480671 4.742333109150405 85.95
    endloop
  endfacet
  facet normal 0.0654031292301422 0.9978589232386036 0
    outer loop
      vertex 10.793683932495115 4.799750938091075 80.95
      vertex 10.5 4.819000000000001 85.95
      vertex 10.793683932495115 4.799750938091075 85.95
    endloop
  endfacet
  facet normal 0.3214394653031609 0.9469301294951059 0
    outer loop
      vertex 11.082342851480671 4.742333109150405 80.95
      vertex 11.082342851480671 4.742333109150405 85.95
      vertex 11.361037722821452 4.647728948150396 80.95
    endloop
  endfacet
  facet normal 0.4422886902190019 0.896872741532688 0
    outer loop
      vertex 11.361037722821452 4.647728948150396 80.95
      vertex 11.361037722821452 4.647728948150396 85.95
      vertex 11.625 4.517557158514988 80.95
    endloop
  endfacet
  facet normal 0.3214394653031609 0.9469301294951059 0
    outer loop
      vertex 11.361037722821452 4.647728948150396 80.95
      vertex 11.082342851480671 4.742333109150405 85.95
      vertex 11.361037722821452 4.647728948150396 85.95
    endloop
  endfacet
  facet normal 0.4422886902190019 0.896872741532688 0
    outer loop
      vertex 11.625 4.517557158514988 80.95
      vertex 11.361037722821452 4.647728948150396 85.95
      vertex 11.625 4.517557158514988 85.95
    endloop
  endfacet
  facet normal 0 0 1
    outer loop
      vertex 10.5 4.819000000000001 85.95
      vertex 10.60442095377604 3.362155889099049 85.95
      vertex 10.793683932495115 4.799750938091075 85.95
    endloop
  endfacet
  facet normal 0 0 1
    outer loop
      vertex 11.082342851480671 4.742333109150405 85.95
      vertex 10.793683932495115 4.799750938091075 85.95
      vertex 10.9 3.2618203230275515 85.95
    endloop
  endfacet
  facet normal 0.5555702330196022 0.8314696123025453 0
    outer loop
      vertex 11.625 4.517557158514988 80.95
      vertex 11.625 4.517557158514988 85.95
      vertex 11.869713215269622 4.35404501565528 80.95
    endloop
  endfacet
  facet normal 0.6593458151000676 0.7518398074789785 5.314390861969821e-19
    outer loop
      vertex 12.090990257669732 4.159990257669733 80.95
      vertex 11.869713215269622 4.35404501565528 80.95
      vertex 11.869713215269622 4.35404501565528 85.95
    endloop
  endfacet
  facet normal 0.5555702330196022 0.8314696123025453 0
    outer loop
      vertex 11.869713215269622 4.35404501565528 80.95
      vertex 11.625 4.517557158514988 85.95
      vertex 11.869713215269622 4.35404501565528 85.95
    endloop
  endfacet
  facet normal -0.7518397936522605 -0.6593458308664175 0
    outer loop
      vertex -16.586706683039665 -16.217522859573364 0
      vertex -16.414213560521603 -16.414213560521603 0
      vertex -16.586706683039665 -16.217522859573364 4
    endloop
  endfacet
  facet normal -0.8314696207458844 -0.5555702203832522 0
    outer loop
      vertex -16.586706683039665 -16.217522859573364 0
      vertex -16.73205080628395 -16 4
      vertex -16.73205080628395 -16 0
    endloop
  endfacet
  facet normal -0.7518397936522605 -0.6593458308664175 0
    outer loop
      vertex -16.414213560521603 -16.414213560521603 0
      vertex -16.414213560521603 -16.414213560521603 4
      vertex -16.586706683039665 -16.217522859573364 4
    endloop
  endfacet
  facet normal -0.8314696207458844 -0.5555702203832522 0
    outer loop
      vertex -16.586706683039665 -16.217522859573364 0
      vertex -16.586706683039665 -16.217522859573364 4
      vertex -16.73205080628395 -16 4
    endloop
  endfacet
  facet normal -0.6593458308664175 -0.7518397936522605 0
    outer loop
      vertex -16.217522859573364 -16.586706683039665 0
      vertex -16.414213560521603 -16.414213560521603 4
      vertex -16.414213560521603 -16.414213560521603 0
    endloop
  endfacet
  facet normal -0.5555702203832522 -0.8314696207458844 0
    outer loop
      vertex -16.217522859573364 -16.586706683039665 0
      vertex -16 -16.73205080628395 0
      vertex -16.217522859573364 -16.586706683039665 4
    endloop
  endfacet
  facet normal -0.6593458308664175 -0.7518397936522605 0
    outer loop
      vertex -16.217522859573364 -16.586706683039665 0
      vertex -16.217522859573364 -16.586706683039665 4
      vertex -16.414213560521603 -16.414213560521603 4
    endloop
  endfacet
  facet normal -0.5555702203832522 -0.8314696207458844 0
    outer loop
      vertex -16 -16.73205080628395 0
      vertex -16 -16.73205080628395 4
      vertex -16.217522859573364 -16.586706683039665 4
    endloop
  endfacet
  facet normal -0.8968727332159228 -0.4422887070837332 0
    outer loop
      vertex -16.73205080628395 -16 0
      vertex -16.847759068012238 -15.765366867184639 4
      vertex -16.847759068012238 -15.765366867184639 0
    endloop
  endfacet
  facet normal -0.9469301319984066 -0.32143945792867507 0
    outer loop
      vertex -16.847759068012238 -15.765366867184639 0
      vertex -16.931851655244827 -15.517638087272644 4
      vertex -16.931851655244827 -15.517638087272644 0
    endloop
  endfacet
  facet normal -0.9469301319984066 -0.32143945792867507 0
    outer loop
      vertex -16.847759068012238 -15.765366867184639 0
      vertex -16.847759068012238 -15.765366867184639 4
      vertex -16.931851655244827 -15.517638087272644 4
    endloop
  endfacet
  facet normal -0.8968727332159228 -0.4422887070837332 0
    outer loop
      vertex -16.73205080628395 -16 0
      vertex -16.73205080628395 -16 4
      vertex -16.847759068012238 -15.765366867184639 4
    endloop
  endfacet
  facet normal -0.9807852843656897 -0.19509030209549946 0
    outer loop
      vertex -16.931851655244827 -15.517638087272644 0
      vertex -16.931851655244827 -15.517638087272644 4
      vertex -16.982889719307423 -15.261052384972572 4
    endloop
  endfacet
  facet normal -0.9807852843656897 -0.19509030209549946 0
    outer loop
      vertex -16.931851655244827 -15.517638087272644 0
      vertex -16.982889719307423 -15.261052384972572 4
      vertex -16.982889719307423 -15.261052384972572 0
    endloop
  endfacet
  facet normal -0.9978589223891017 -0.06540314219103631 0
    outer loop
      vertex -16.982889719307423 -15.261052384972572 0
      vertex -17 -15 4
      vertex -17 -15 0
    endloop
  endfacet
  facet normal -0.9978589223891017 -0.06540314219103631 0
    outer loop
      vertex -16.982889719307423 -15.261052384972572 0
      vertex -16.982889719307423 -15.261052384972572 4
      vertex -17 -15 4
    endloop
  endfacet
  facet normal -0.4422887070837332 -0.8968727332159228 0
    outer loop
      vertex -16 -16.73205080628395 0
      vertex -15.765366867184639 -16.847759068012238 0
      vertex -16 -16.73205080628395 4
    endloop
  endfacet
  facet normal -0.32143945792867507 -0.9469301319984066 0
    outer loop
      vertex -15.765366867184639 -16.847759068012238 0
      vertex -15.517638087272644 -16.931851655244827 0
      vertex -15.765366867184639 -16.847759068012238 4
    endloop
  endfacet
  facet normal -0.19509030209549946 -0.9807852843656897 0
    outer loop
      vertex -15.517638087272644 -16.931851655244827 0
      vertex -15.261052384972572 -16.982889719307423 0
      vertex -15.517638087272644 -16.931851655244827 4
    endloop
  endfacet
  facet normal -0.4422887070837332 -0.8968727332159228 0
    outer loop
      vertex -16 -16.73205080628395 4
      vertex -15.765366867184639 -16.847759068012238 0
      vertex -15.765366867184639 -16.847759068012238 4
    endloop
  endfacet
  facet normal -0.32143945792867507 -0.9469301319984066 0
    outer loop
      vertex -15.517638087272644 -16.931851655244827 0
      vertex -15.517638087272644 -16.931851655244827 4
      vertex -15.765366867184639 -16.847759068012238 4
    endloop
  endfacet
  facet normal -0.06540314219103631 -0.9978589223891017 0
    outer loop
      vertex -15.261052384972572 -16.982889719307423 0
      vertex -15 -17 0
      vertex -15.261052384972572 -16.982889719307423 4
    endloop
  endfacet
  facet normal -0.19509030209549946 -0.9807852843656897 0
    outer loop
      vertex -15.261052384972572 -16.982889719307423 0
      vertex -15.261052384972572 -16.982889719307423 4
      vertex -15.517638087272644 -16.931851655244827 4
    endloop
  endfacet
  facet normal -0.06540314219103631 -0.9978589223891017 0
    outer loop
      vertex -15 -17 0
      vertex -15 -17 4
      vertex -15.261052384972572 -16.982889719307423 4
    endloop
  endfacet
  facet normal 0 0 -1
    outer loop
      vertex -15 -17 0
      vertex -10.669637568295002 -13.772688671946526 0
      vertex -10.549999997019768 -13.85262794047594 0
    endloop
  endfacet
  facet normal 0 0 -1
    outer loop
      vertex -15 -17 0
      vertex -10.549999997019768 -13.85262794047594 0
      vertex -10.420951776206493 -13.916267484426498 0
    endloop
  endfacet
  facet normal 0 0 -1
    outer loop
      vertex -15 -17 0
      vertex -10.420951776206493 -13.916267484426498 0
      vertex -10.284700952470303 -13.962518408894539 0
    endloop
  endfacet
  facet normal 0 0 -1
    outer loop
      vertex -15 -17 0
      vertex -10.284700952470303 -13.962518408894539 0
      vertex -10.143578812479973 -13.99058935046196 0
    endloop
  endfacet
  facet normal 0 0 -1
    outer loop
      vertex -15 -17 0
      vertex -10.143578812479973 -13.99058935046196 0
      vertex -10 -14 0
    endloop
  endfacet
  facet normal 0 0 1
    outer loop
      vertex -15 -17 4
      vertex -10.549999997019768 -13.85262794047594 4
      vertex -10.669637568295002 -13.772688671946526 4
    endloop
  endfacet
  facet normal 0 0 1
    outer loop
      vertex -15 -17 4
      vertex -10.420951776206493 -13.916267484426498 4
      vertex -10.549999997019768 -13.85262794047594 4
    endloop
  endfacet
  facet normal 0 0 1
    outer loop
      vertex -15 -17 4
      vertex -10.284700952470303 -13.962518408894539 4
      vertex -10.420951776206493 -13.916267484426498 4
    endloop
  endfacet
  facet normal 0 0 1
    outer loop
      vertex -15 -17 4
      vertex -10.143578812479973 -13.99058935046196 4
      vertex -10.284700952470303 -13.962518408894539 4
    endloop
  endfacet
  facet normal 0 0 1
    outer loop
      vertex -15 -17 4
      vertex -10 -14 4
      vertex -10.143578812479973 -13.99058935046196 4
    endloop
  endfacet
  facet normal 0 0 -1
    outer loop
      vertex -15 -17 0
      vertex -10.952627941966057 -13.450000002980232 0
      vertex -10.872688673436642 -13.569637574255466 0
    endloop
  endfacet
  facet normal 0 0 -1
    outer loop
      vertex -15 -17 0
      vertex -11.062518410384655 -13.184700950980186 0
      vertex -11.016267485916615 -13.320951774716377 0
    endloop
  endfacet
  facet normal 0 0 -1
    outer loop
      vertex -15 -17 0
      vertex -11.090589344501495 -13.043578810989857 0
      vertex -11.062518410384655 -13.184700950980186 0
    endloop
  endfacet
  facet normal 0 0 -1
    outer loop
      vertex -15 -17 0
      vertex -11.016267485916615 -13.320951774716377 0
      vertex -10.952627941966057 -13.450000002980232 0
    endloop
  endfacet
  facet normal 0 0 -1
    outer loop
      vertex -15 -17 0
      vertex -11.100000001490116 -12.899999998509884 0
      vertex -11.090589344501495 -13.043578810989857 0
    endloop
  endfacet
  facet normal 0 0 -1
    outer loop
      vertex -15 -17 0
      vertex -10.872688673436642 -13.569637574255466 0
      vertex -10.777817457914352 -13.677817456424236 0
    endloop
  endfacet
  facet normal 0 0 -1
    outer loop
      vertex -15 -17 0
      vertex -10.777817457914352 -13.677817456424236 0
      vertex -10.669637568295002 -13.772688671946526 0
    endloop
  endfacet
  facet normal 0 0 1
    outer loop
      vertex -15 -17 4
      vertex -10.872688673436642 -13.569637574255466 4
      vertex -10.952627941966057 -13.450000002980232 4
    endloop
  endfacet
  facet normal 0 0 1
    outer loop
      vertex -15 -17 4
      vertex -11.016267485916615 -13.320951774716377 4
      vertex -11.062518410384655 -13.184700950980186 4
    endloop
  endfacet
  facet normal 0 0 1
    outer loop
      vertex -15 -17 4
      vertex -11.062518410384655 -13.184700950980186 4
      vertex -11.090589344501495 -13.043578810989857 4
    endloop
  endfacet
  facet normal 0 0 1
    outer loop
      vertex -15 -17 4
      vertex -10.952627941966057 -13.450000002980232 4
      vertex -11.016267485916615 -13.320951774716377 4
    endloop
  endfacet
  facet normal 0 0 1
    outer loop
      vertex -15 -17 4
      vertex -11.090589344501495 -13.043578810989857 4
      vertex -11.100000001490116 -12.899999998509884 4
    endloop
  endfacet
  facet normal 0 0 1
    outer loop
      vertex -15 -17 4
      vertex -10.777817457914352 -13.677817456424236 4
      vertex -10.872688673436642 -13.569637574255466 4
    endloop
  endfacet
  facet normal 0 0 1
    outer loop
      vertex -15 -17 4
      vertex -10.669637568295002 -13.772688671946526 4
      vertex -10.777817457914352 -13.677817456424236 4
    endloop
  endfacet
  facet normal 0 0 -1
    outer loop
      vertex -15 -17 0
      vertex -11.100000001490116 -7.100000001490116 0
      vertex -11.100000001490116 -12.899999998509884 0
    endloop
  endfacet
  facet normal 0 0 1
    outer loop
      vertex -15 -17 4
      vertex -11.100000001490116 -12.899999998509884 4
      vertex -11.100000001490116 -7.100000001490116 4
    endloop
  endfacet
  facet normal 0 0 -1
    outer loop
      vertex -16.73205080628395 -16 0
      vertex -16.847759068012238 -15.765366867184639 0
      vertex -16.847759068012238 15.765366867184639 0
    endloop
  endfacet
  facet normal 0 0 -1
    outer loop
      vertex -16.586706683039665 -16.217522859573364 0
      vertex -16.73205080628395 -16 0
      vertex -16.73205080628395 16 0
    endloop
  endfacet
  facet normal 0 0 -1
    outer loop
      vertex -16.586706683039665 -16.217522859573364 0
      vertex -16.586706683039665 16.217522859573364 0
      vertex -16.414213560521603 -16.414213560521603 0
    endloop
  endfacet
  facet normal 0 0 -1
    outer loop
      vertex -16.217522859573364 -16.586706683039665 0
      vertex -16.414213560521603 -16.414213560521603 0
      vertex -16.414213560521603 16.414213560521603 0
    endloop
  endfacet
  facet normal 0 0 -1
    outer loop
      vertex -16.217522859573364 -16.586706683039665 0
      vertex -16.217522859573364 16.586706683039665 0
      vertex -16 -16.73205080628395 0
    endloop
  endfacet
  facet normal 0 0 1
    outer loop
      vertex -16.73205080628395 -16 4
      vertex -16.847759068012238 15.765366867184639 4
      vertex -16.847759068012238 -15.765366867184639 4
    endloop
  endfacet
  facet normal 0 0 1
    outer loop
      vertex -16.586706683039665 -16.217522859573364 4
      vertex -16.73205080628395 16 4
      vertex -16.73205080628395 -16 4
    endloop
  endfacet
  facet normal 0 0 1
    outer loop
      vertex -16.586706683039665 -16.217522859573364 4
      vertex -16.414213560521603 -16.414213560521603 4
      vertex -16.586706683039665 16.217522859573364 4
    endloop
  endfacet
  facet normal 0 0 1
    outer loop
      vertex -16.217522859573364 -16.586706683039665 4
      vertex -16.414213560521603 16.414213560521603 4
      vertex -16.414213560521603 -16.414213560521603 4
    endloop
  endfacet
  facet normal 0 0 1
    outer loop
      vertex -16.217522859573364 -16.586706683039665 4
      vertex -16 -16.73205080628395 4
      vertex -16.217522859573364 16.586706683039665 4
    endloop
  endfacet
  facet normal 0 0 -1
    outer loop
      vertex -16.847759068012238 -15.765366867184639 0
      vertex -16.931851655244827 -15.517638087272644 0
      vertex -16.931851655244827 15.517638087272644 0
    endloop
  endfacet
  facet normal 0 0 -1
    outer loop
      vertex -16.931851655244827 -15.517638087272644 0
      vertex -16.982889719307423 -15.261052384972572 0
      vertex -16.982889719307423 15.261052384972572 0
    endloop
  endfacet
  facet normal 0 0 -1
    outer loop
      vertex -16.982889719307423 -15.261052384972572 0
      vertex -17 -15 0
      vertex -17 15 0
    endloop
  endfacet
  facet normal -1 0 0
    outer loop
      vertex -17 -15 0
      vertex -17 -15 4
      vertex -17 15 4
    endloop
  endfacet
  facet normal 0 0 1
    outer loop
      vertex -16.847759068012238 -15.765366867184639 4
      vertex -16.931851655244827 15.517638087272644 4
      vertex -16.931851655244827 -15.517638087272644 4
    endloop
  endfacet
  facet normal 0 0 1
    outer loop
      vertex -16.931851655244827 -15.517638087272644 4
      vertex -16.982889719307423 15.261052384972572 4
      vertex -16.982889719307423 -15.261052384972572 4
    endloop
  endfacet
  facet normal 0 0 1
    outer loop
      vertex -16.982889719307423 -15.261052384972572 4
      vertex -17 15 4
      vertex -17 -15 4
    endloop
  endfacet
  facet normal 0 0 -1
    outer loop
      vertex -16 -16.73205080628395 0
      vertex -16 16.73205080628395 0
      vertex -15.765366867184639 -16.847759068012238 0
    endloop
  endfacet
  facet normal 0 0 -1
    outer loop
      vertex -15.765366867184639 -16.847759068012238 0
      vertex -15.765366867184639 16.847759068012238 0
      vertex -15.517638087272644 -16.931851655244827 0
    endloop
  endfacet
  facet normal 0 0 -1
    outer loop
      vertex -15.517638087272644 -16.931851655244827 0
      vertex -15.517638087272644 16.931851655244827 0
      vertex -15.261052384972572 -16.982889719307423 0
    endloop
  endfacet
  facet normal 0 0 -1
    outer loop
      vertex -15.261052384972572 -16.982889719307423 0
      vertex -15.261052384972572 16.982889719307423 0
      vertex -15 -17 0
    endloop
  endfacet
  facet normal 0 0 1
    outer loop
      vertex -16 -16.73205080628395 4
      vertex -15.765366867184639 -16.847759068012238 4
      vertex -16 16.73205080628395 4
    endloop
  endfacet
  facet normal 0 0 1
    outer loop
      vertex -15.765366867184639 -16.847759068012238 4
      vertex -15.517638087272644 -16.931851655244827 4
      vertex -15.765366867184639 16.847759068012238 4
    endloop
  endfacet
  facet normal 0 0 1
    outer loop
      vertex -15.517638087272644 -16.931851655244827 4
      vertex -15.261052384972572 -16.982889719307423 4
      vertex -15.517638087272644 16.931851655244827 4
    endloop
  endfacet
  facet normal 0 0 1
    outer loop
      vertex -15.261052384972572 -16.982889719307423 4
      vertex -15 -17 4
      vertex -15.261052384972572 16.982889719307423 4
    endloop
  endfacet
  facet normal 0 0 1
    outer loop
      vertex -15 -17 4
      vertex -11.100000001490116 -7.100000001490116 4
      vertex -15 17 4
    endloop
  endfacet
  facet normal 0 0 -1
    outer loop
      vertex -15 -17 0
      vertex -11.100000001490116 7.100000001490116 0
      vertex -11.100000001490116 -7.100000001490116 0
    endloop
  endfacet
  facet normal 0 0 -1
    outer loop
      vertex -11.100000001490116 -7.100000001490116 0
      vertex -11.090589344501495 6.956421189010143 0
      vertex -11.090589344501495 -6.956421189010143 0
    endloop
  endfacet
  facet normal 0 0 -1
    outer loop
      vertex -11.090589344501495 -6.956421189010143 0
      vertex -11.062518410384655 6.8152990490198135 0
      vertex -11.062518410384655 -6.8152990490198135 0
    endloop
  endfacet
  facet normal 0 0 -1
    outer loop
      vertex -11.062518410384655 -6.8152990490198135 0
      vertex -11.016267485916615 6.679048225283623 0
      vertex -11.016267485916615 -6.679048225283623 0
    endloop
  endfacet
  facet normal 0 0 -1
    outer loop
      vertex -11.016267485916615 -6.679048225283623 0
      vertex -10.952627941966057 6.549999997019768 0
      vertex -10.952627941966057 -6.549999997019768 0
    endloop
  endfacet
  facet normal 0 0 -1
    outer loop
      vertex -10.952627941966057 -6.549999997019768 0
      vertex -10.872688673436642 6.4303624257445335 0
      vertex -10.872688673436642 -6.4303624257445335 0
    endloop
  endfacet
  facet normal 0 0 -1
    outer loop
      vertex -10.872688673436642 -6.4303624257445335 0
      vertex -10.777817457914352 6.322182543575764 0
      vertex -10.777817457914352 -6.322182543575764 0
    endloop
  endfacet
  facet normal 0 0 1
    outer loop
      vertex -11.090589344501495 -6.956421189010143 4
      vertex -11.100000001490116 7.100000001490116 4
      vertex -11.100000001490116 -7.100000001490116 4
    endloop
  endfacet
  facet normal 0 0 1
    outer loop
      vertex -11.062518410384655 -6.8152990490198135 4
      vertex -11.090589344501495 6.956421189010143 4
      vertex -11.090589344501495 -6.956421189010143 4
    endloop
  endfacet
  facet normal 0 0 1
    outer loop
      vertex -11.016267485916615 -6.679048225283623 4
      vertex -11.062518410384655 6.8152990490198135 4
      vertex -11.062518410384655 -6.8152990490198135 4
    endloop
  endfacet
  facet normal 0 0 1
    outer loop
      vertex -10.952627941966057 -6.549999997019768 4
      vertex -11.016267485916615 6.679048225283623 4
      vertex -11.016267485916615 -6.679048225283623 4
    endloop
  endfacet
  facet normal 0 0 1
    outer loop
      vertex -10.872688673436642 -6.4303624257445335 4
      vertex -10.952627941966057 6.549999997019768 4
      vertex -10.952627941966057 -6.549999997019768 4
    endloop
  endfacet
  facet normal 0 0 -1
    outer loop
      vertex -10.777817457914352 -6.322182543575764 0
      vertex -10.669637568295002 6.227311328053474 0
      vertex -10.669637568295002 -6.227311328053474 0
    endloop
  endfacet
  facet normal 0 0 1
    outer loop
      vertex -10.777817457914352 -6.322182543575764 4
      vertex -10.872688673436642 6.4303624257445335 4
      vertex -10.872688673436642 -6.4303624257445335 4
    endloop
  endfacet
  facet normal 0 0 1
    outer loop
      vertex -10.669637568295002 -6.227311328053474 4
      vertex -10.777817457914352 6.322182543575764 4
      vertex -10.777817457914352 -6.322182543575764 4
    endloop
  endfacet
  facet normal 0 0 1
    outer loop
      vertex -10.669637568295002 -6.227311328053474 4
      vertex -10.549999997019768 -6.147372059524059 4
      vertex -10.669637568295002 6.227311328053474 4
    endloop
  endfacet
  facet normal 0 0 -1
    outer loop
      vertex -9.330362431704998 -6.227311328053474 0
      vertex -10.143578812479973 6.00941064953804 0
      vertex -9.222182542085648 -6.322182543575764 0
    endloop
  endfacet
  facet normal 0 0 -1
    outer loop
      vertex -8.909410655498505 -6.956421189010143 0
      vertex -8.937481589615345 -6.8152990490198135 0
      vertex -10.143578812479973 6.00941064953804 0
    endloop
  endfacet
  facet normal 0 0 -1
    outer loop
      vertex -9.047372058033943 -6.549999997019768 0
      vertex -10.143578812479973 6.00941064953804 0
      vertex -8.983732514083385 -6.679048225283623 0
    endloop
  endfacet
  facet normal 0 0 -1
    outer loop
      vertex -8.983732514083385 -6.679048225283623 0
      vertex -10.143578812479973 6.00941064953804 0
      vertex -8.937481589615345 -6.8152990490198135 0
    endloop
  endfacet
  facet normal 0 0 -1
    outer loop
      vertex -9.127311326563358 -6.4303624257445335 0
      vertex -10.143578812479973 6.00941064953804 0
      vertex -9.047372058033943 -6.549999997019768 0
    endloop
  endfacet
  facet normal 0 0 -1
    outer loop
      vertex -9.222182542085648 -6.322182543575764 0
      vertex -10.143578812479973 6.00941064953804 0
      vertex -9.127311326563358 -6.4303624257445335 0
    endloop
  endfacet
  facet normal 0 0 -1
    outer loop
      vertex -10.669637568295002 -6.227311328053474 0
      vertex -10.549999997019768 6.147372059524059 0
      vertex -10.549999997019768 -6.147372059524059 0
    endloop
  endfacet
  facet normal 0 0 -1
    outer loop
      vertex -10.549999997019768 -6.147372059524059 0
      vertex -10.420951776206493 6.083732515573502 0
      vertex -10.420951776206493 -6.083732515573502 0
    endloop
  endfacet
  facet normal 0 0 -1
    outer loop
      vertex -10.420951776206493 -6.083732515573502 0
      vertex -10.284700952470303 6.037481591105461 0
      vertex -10.284700952470303 -6.037481591105461 0
    endloop
  endfacet
  facet normal 0 0 -1
    outer loop
      vertex -10.284700952470303 -6.037481591105461 0
      vertex -10.143578812479973 6.00941064953804 0
      vertex -10.143578812479973 -6.00941064953804 0
    endloop
  endfacet
  facet normal 0 0 -1
    outer loop
      vertex -10.143578812479973 -6.00941064953804 0
      vertex -10.143578812479973 6.00941064953804 0
      vertex -10 -6 0
    endloop
  endfacet
  facet normal 0 0 -1
    outer loop
      vertex -10 -6 0
      vertex -10.143578812479973 6.00941064953804 0
      vertex -9.856421187520027 -6.00941064953804 0
    endloop
  endfacet
  facet normal 0 0 -1
    outer loop
      vertex -9.856421187520027 -6.00941064953804 0
      vertex -10.143578812479973 6.00941064953804 0
      vertex -9.715299047529697 -6.037481591105461 0
    endloop
  endfacet
  facet normal 0 0 -1
    outer loop
      vertex -9.715299047529697 -6.037481591105461 0
      vertex -10.143578812479973 6.00941064953804 0
      vertex -9.579048223793507 -6.083732515573502 0
    endloop
  endfacet
  facet normal 0 0 -1
    outer loop
      vertex -9.450000002980232 -6.147372059524059 0
      vertex -9.579048223793507 -6.083732515573502 0
      vertex -10.143578812479973 6.00941064953804 0
    endloop
  endfacet
  facet normal 0 0 -1
    outer loop
      vertex -9.450000002980232 -6.147372059524059 0
      vertex -10.143578812479973 6.00941064953804 0
      vertex -9.330362431704998 -6.227311328053474 0
    endloop
  endfacet
  facet normal 0 0 1
    outer loop
      vertex -10.549999997019768 -6.147372059524059 4
      vertex -10.420951776206493 -6.083732515573502 4
      vertex -10.549999997019768 6.147372059524059 4
    endloop
  endfacet
  facet normal 0 0 1
    outer loop
      vertex -10.284700952470303 -6.037481591105461 4
      vertex -10.420951776206493 6.083732515573502 4
      vertex -10.420951776206493 -6.083732515573502 4
    endloop
  endfacet
  facet normal 0 0 1
    outer loop
      vertex -10.143578812479973 -6.00941064953804 4
      vertex -10.284700952470303 6.037481591105461 4
      vertex -10.284700952470303 -6.037481591105461 4
    endloop
  endfacet
  facet normal 0 0 1
    outer loop
      vertex -10 -6 4
      vertex -10.143578812479973 6.00941064953804 4
      vertex -10.143578812479973 -6.00941064953804 4
    endloop
  endfacet
  facet normal 0 -1 0
    outer loop
      vertex -15 -17 0
      vertex 15 -17 0
      vertex -15 -17 4
    endloop
  endfacet
  facet normal 0 0 1
    outer loop
      vertex -15 -17 4
      vertex 9.222182542085648 -13.677817456424236 4
      vertex -10 -14 4
    endloop
  endfacet
  facet normal 0 0 -1
    outer loop
      vertex -15 -17 0
      vertex -10 -14 0
      vertex 8.899999998509884 -12.899999998509884 0
    endloop
  endfacet
  facet normal 0 0 1
    outer loop
      vertex -9.856421187520027 -13.99058935046196 4
      vertex -10 -14 4
      vertex 9.222182542085648 -13.677817456424236 4
    endloop
  endfacet
  facet normal 0 0 1
    outer loop
      vertex -9.856421187520027 -13.99058935046196 4
      vertex 9.222182542085648 -13.677817456424236 4
      vertex -9.715299047529697 -13.962518408894539 4
    endloop
  endfacet
  facet normal 0 0 1
    outer loop
      vertex -9.715299047529697 -13.962518408894539 4
      vertex 9.222182542085648 -13.677817456424236 4
      vertex -9.579048223793507 -13.916267484426498 4
    endloop
  endfacet
  facet normal 0 0 1
    outer loop
      vertex -9.579048223793507 -13.916267484426498 4
      vertex 9.222182542085648 -13.677817456424236 4
      vertex -9.450000002980232 -13.85262794047594 4
    endloop
  endfacet
  facet normal 0 0 -1
    outer loop
      vertex -10 -14 0
      vertex -9.856421187520027 -13.99058935046196 0
      vertex 8.899999998509884 -12.899999998509884 0
    endloop
  endfacet
  facet normal 0 0 -1
    outer loop
      vertex -9.856421187520027 -13.99058935046196 0
      vertex -9.715299047529697 -13.962518408894539 0
      vertex 8.899999998509884 -12.899999998509884 0
    endloop
  endfacet
  facet normal 0 0 -1
    outer loop
      vertex -9.579048223793507 -13.916267484426498 0
      vertex 8.899999998509884 -12.899999998509884 0
      vertex -9.715299047529697 -13.962518408894539 0
    endloop
  endfacet
  facet normal 0 0 -1
    outer loop
      vertex -9.450000002980232 -13.85262794047594 0
      vertex 8.899999998509884 -12.899999998509884 0
      vertex -9.579048223793507 -13.916267484426498 0
    endloop
  endfacet
  facet normal 0 0 -1
    outer loop
      vertex -9.330362431704998 -13.772688671946526 0
      vertex 8.899999998509884 -12.899999998509884 0
      vertex -9.450000002980232 -13.85262794047594 0
    endloop
  endfacet
  facet normal 0 0 -1
    outer loop
      vertex -9.222182542085648 -13.677817456424236 0
      vertex 8.899999998509884 -12.899999998509884 0
      vertex -9.330362431704998 -13.772688671946526 0
    endloop
  endfacet
  facet normal 0 0 -1
    outer loop
      vertex -9.222182542085648 -13.677817456424236 0
      vertex -9.127311326563358 -13.569637574255466 0
      vertex 8.899999998509884 -12.899999998509884 0
    endloop
  endfacet
  facet normal 0 0 -1
    outer loop
      vertex -9.047372058033943 -13.450000002980232 0
      vertex 8.899999998509884 -12.899999998509884 0
      vertex -9.127311326563358 -13.569637574255466 0
    endloop
  endfacet
  facet normal 0 0 -1
    outer loop
      vertex -8.983732514083385 -13.320951774716377 0
      vertex 8.899999998509884 -12.899999998509884 0
      vertex -9.047372058033943 -13.450000002980232 0
    endloop
  endfacet
  facet normal 0 0 -1
    outer loop
      vertex -8.937481589615345 -13.184700950980186 0
      vertex 8.899999998509884 -12.899999998509884 0
      vertex -8.983732514083385 -13.320951774716377 0
    endloop
  endfacet
  facet normal 0 0 -1
    outer loop
      vertex -8.937481589615345 -13.184700950980186 0
      vertex -8.909410655498505 -13.043578810989857 0
      vertex 8.899999998509884 -12.899999998509884 0
    endloop
  endfacet
  facet normal 0 0 -1
    outer loop
      vertex -8.899999998509884 -12.899999998509884 0
      vertex 8.899999998509884 -12.899999998509884 0
      vertex -8.909410655498505 -13.043578810989857 0
    endloop
  endfacet
  facet normal 0 0 1
    outer loop
      vertex -9.450000002980232 -13.85262794047594 4
      vertex 9.222182542085648 -13.677817456424236 4
      vertex -9.330362431704998 -13.772688671946526 4
    endloop
  endfacet
  facet normal 0 0 1
    outer loop
      vertex -9.330362431704998 -13.772688671946526 4
      vertex 9.222182542085648 -13.677817456424236 4
      vertex -9.222182542085648 -13.677817456424236 4
    endloop
  endfacet
  facet normal 0 0 1
    outer loop
      vertex -9.127311326563358 -13.569637574255466 4
      vertex -9.222182542085648 -13.677817456424236 4
      vertex 9.127311326563358 -13.569637574255466 4
    endloop
  endfacet
  facet normal 0 0 1
    outer loop
      vertex -9.127311326563358 -13.569637574255466 4
      vertex 9.047372058033943 -13.450000002980232 4
      vertex -9.047372058033943 -13.450000002980232 4
    endloop
  endfacet
  facet normal 0 0 1
    outer loop
      vertex 8.983732514083385 -13.320951774716377 4
      vertex -8.983732514083385 -13.320951774716377 4
      vertex -9.047372058033943 -13.450000002980232 4
    endloop
  endfacet
  facet normal 0 0 1
    outer loop
      vertex 8.983732514083385 -13.320951774716377 4
      vertex -8.937481589615345 -13.184700950980186 4
      vertex -8.983732514083385 -13.320951774716377 4
    endloop
  endfacet
  facet normal 0 0 1
    outer loop
      vertex 8.983732514083385 -13.320951774716377 4
      vertex -8.909410655498505 -13.043578810989857 4
      vertex -8.937481589615345 -13.184700950980186 4
    endloop
  endfacet
  facet normal 0 0 1
    outer loop
      vertex 8.983732514083385 -13.320951774716377 4
      vertex -8.899999998509884 -12.899999998509884 4
      vertex -8.909410655498505 -13.043578810989857 4
    endloop
  endfacet
  facet normal 0 0 -1
    outer loop
      vertex -8.899999998509884 -12.899999998509884 0
      vertex -8.899999998509884 -7.100000001490116 0
      vertex 8.899999998509884 -12.899999998509884 0
    endloop
  endfacet
  facet normal 0 0 -1
    outer loop
      vertex -8.899999998509884 -7.100000001490116 0
      vertex -8.909410655498505 -6.956421189010143 0
      vertex 8.899999998509884 -12.899999998509884 0
    endloop
  endfacet
  facet normal 0 0 1
    outer loop
      vertex -5 -5 4
      vertex -8.899999998509884 -12.899999998509884 4
      vertex 8.983732514083385 -13.320951774716377 4
    endloop
  endfacet
  facet normal 0 0 1
    outer loop
      vertex -5 -5 4
      vertex -8.899999998509884 -7.100000001490116 4
      vertex -8.899999998509884 -12.899999998509884 4
    endloop
  endfacet
  facet normal 0 0 1
    outer loop
      vertex -5 -5 4
      vertex -9.579048223793507 -6.083732515573502 4
      vertex -9.450000002980232 -6.147372059524059 4
    endloop
  endfacet
  facet normal 0 0 1
    outer loop
      vertex -5 -5 4
      vertex -9.330362431704998 -6.227311328053474 4
      vertex -9.222182542085648 -6.322182543575764 4
    endloop
  endfacet
  facet normal 0 0 1
    outer loop
      vertex -5 -5 4
      vertex -9.127311326563358 -6.4303624257445335 4
      vertex -9.047372058033943 -6.549999997019768 4
    endloop
  endfacet
  facet normal 0 0 1
    outer loop
      vertex -5 -5 4
      vertex -9.222182542085648 -6.322182543575764 4
      vertex -9.127311326563358 -6.4303624257445335 4
    endloop
  endfacet
  facet normal 0 0 1
    outer loop
      vertex -5 -5 4
      vertex -8.909410655498505 -6.956421189010143 4
      vertex -8.899999998509884 -7.100000001490116 4
    endloop
  endfacet
  facet normal 0 0 1
    outer loop
      vertex -5 -5 4
      vertex -8.937481589615345 -6.8152990490198135 4
      vertex -8.909410655498505 -6.956421189010143 4
    endloop
  endfacet
  facet normal 0 0 1
    outer loop
      vertex -5 -5 4
      vertex -8.983732514083385 -6.679048225283623 4
      vertex -8.937481589615345 -6.8152990490198135 4
    endloop
  endfacet
  facet normal 0 0 1
    outer loop
      vertex -5 -5 4
      vertex -9.047372058033943 -6.549999997019768 4
      vertex -8.983732514083385 -6.679048225283623 4
    endloop
  endfacet
  facet normal 0 0 1
    outer loop
      vertex -5 -5 4
      vertex -9.450000002980232 -6.147372059524059 4
      vertex -9.330362431704998 -6.227311328053474 4
    endloop
  endfacet
  facet normal 0 0 1
    outer loop
      vertex -5 5 4
      vertex -10 -6 4
      vertex -9.856421187520027 -6.00941064953804 4
    endloop
  endfacet
  facet normal 0 0 1
    outer loop
      vertex -5 5 4
      vertex -9.856421187520027 -6.00941064953804 4
      vertex -9.715299047529697 -6.037481591105461 4
    endloop
  endfacet
  facet normal 0 0 1
    outer loop
      vertex -5 5 4
      vertex -9.715299047529697 -6.037481591105461 4
      vertex -9.579048223793507 -6.083732515573502 4
    endloop
  endfacet
  facet normal 0 0 1
    outer loop
      vertex -5 -5 4
      vertex -5 5 4
      vertex -9.579048223793507 -6.083732515573502 4
    endloop
  endfacet
  facet normal 0 0 -1
    outer loop
      vertex -8.909410655498505 -6.956421189010143 0
      vertex -10.143578812479973 6.00941064953804 0
      vertex 8.899999998509884 -12.899999998509884 0
    endloop
  endfacet
  facet normal 0 0 -1
    outer loop
      vertex -10 6 0
      vertex 8.899999998509884 -12.899999998509884 0
      vertex -10.143578812479973 6.00941064953804 0
    endloop
  endfacet
  facet normal 0 0 -1
    outer loop
      vertex -10 6 0
      vertex -9.856421187520027 6.00941064953804 0
      vertex 8.899999998509884 -12.899999998509884 0
    endloop
  endfacet
  facet normal 0 0 -1
    outer loop
      vertex 8.899999998509884 -12.899999998509884 0
      vertex -9.856421187520027 6.00941064953804 0
      vertex -9.715299047529697 6.037481591105461 0
    endloop
  endfacet
  facet normal 0 0 -1
    outer loop
      vertex 8.899999998509884 -12.899999998509884 0
      vertex -9.715299047529697 6.037481591105461 0
      vertex -9.579048223793507 6.083732515573502 0
    endloop
  endfacet
  facet normal 0 0 -1
    outer loop
      vertex 8.899999998509884 -12.899999998509884 0
      vertex -9.579048223793507 6.083732515573502 0
      vertex -9.450000002980232 6.147372059524059 0
    endloop
  endfacet
  facet normal 0 0 -1
    outer loop
      vertex 8.899999998509884 -12.899999998509884 0
      vertex -9.450000002980232 6.147372059524059 0
      vertex -9.330362431704998 6.227311328053474 0
    endloop
  endfacet
  facet normal 0 0 -1
    outer loop
      vertex 8.899999998509884 -12.899999998509884 0
      vertex -9.330362431704998 6.227311328053474 0
      vertex -9.222182542085648 6.322182543575764 0
    endloop
  endfacet
  facet normal 0 0 -1
    outer loop
      vertex 8.899999998509884 -12.899999998509884 0
      vertex -9.222182542085648 6.322182543575764 0
      vertex -9.127311326563358 6.4303624257445335 0
    endloop
  endfacet
  facet normal 0 0 -1
    outer loop
      vertex -15 -17 0
      vertex -15 17 0
      vertex -11.100000001490116 7.100000001490116 0
    endloop
  endfacet
  facet normal 0 0 -1
    outer loop
      vertex -16.982889719307423 -15.261052384972572 0
      vertex -17 15 0
      vertex -16.982889719307423 15.261052384972572 0
    endloop
  endfacet
  facet normal -1 0 0
    outer loop
      vertex -17 -15 0
      vertex -17 15 4
      vertex -17 15 0
    endloop
  endfacet
  facet normal 0 0 -1
    outer loop
      vertex -16.931851655244827 -15.517638087272644 0
      vertex -16.982889719307423 15.261052384972572 0
      vertex -16.931851655244827 15.517638087272644 0
    endloop
  endfacet
  facet normal 0 0 -1
    outer loop
      vertex -16.847759068012238 -15.765366867184639 0
      vertex -16.931851655244827 15.517638087272644 0
      vertex -16.847759068012238 15.765366867184639 0
    endloop
  endfacet
  facet normal 0 0 -1
    outer loop
      vertex -16.73205080628395 -16 0
      vertex -16.847759068012238 15.765366867184639 0
      vertex -16.73205080628395 16 0
    endloop
  endfacet
  facet normal 0 0 1
    outer loop
      vertex -16.982889719307423 -15.261052384972572 4
      vertex -16.982889719307423 15.261052384972572 4
      vertex -17 15 4
    endloop
  endfacet
  facet normal 0 0 1
    outer loop
      vertex -16.931851655244827 -15.517638087272644 4
      vertex -16.931851655244827 15.517638087272644 4
      vertex -16.982889719307423 15.261052384972572 4
    endloop
  endfacet
  facet normal 0 0 1
    outer loop
      vertex -16.847759068012238 -15.765366867184639 4
      vertex -16.847759068012238 15.765366867184639 4
      vertex -16.931851655244827 15.517638087272644 4
    endloop
  endfacet
  facet normal 0 0 1
    outer loop
      vertex -16.73205080628395 -16 4
      vertex -16.73205080628395 16 4
      vertex -16.847759068012238 15.765366867184639 4
    endloop
  endfacet
  facet normal 0 0 -1
    outer loop
      vertex -16.586706683039665 -16.217522859573364 0
      vertex -16.73205080628395 16 0
      vertex -16.586706683039665 16.217522859573364 0
    endloop
  endfacet
  facet normal 0 0 -1
    outer loop
      vertex -16.414213560521603 -16.414213560521603 0
      vertex -16.586706683039665 16.217522859573364 0
      vertex -16.414213560521603 16.414213560521603 0
    endloop
  endfacet
  facet normal 0 0 -1
    outer loop
      vertex -16.217522859573364 -16.586706683039665 0
      vertex -16.414213560521603 16.414213560521603 0
      vertex -16.217522859573364 16.586706683039665 0
    endloop
  endfacet
  facet normal 0 0 -1
    outer loop
      vertex -16 -16.73205080628395 0
      vertex -16.217522859573364 16.586706683039665 0
      vertex -16 16.73205080628395 0
    endloop
  endfacet
  facet normal 0 0 1
    outer loop
      vertex -16.586706683039665 -16.217522859573364 4
      vertex -16.586706683039665 16.217522859573364 4
      vertex -16.73205080628395 16 4
    endloop
  endfacet
  facet normal 0 0 1
    outer loop
      vertex -16.414213560521603 -16.414213560521603 4
      vertex -16.414213560521603 16.414213560521603 4
      vertex -16.586706683039665 16.217522859573364 4
    endloop
  endfacet
  facet normal 0 0 1
    outer loop
      vertex -16.217522859573364 -16.586706683039665 4
      vertex -16.217522859573364 16.586706683039665 4
      vertex -16.414213560521603 16.414213560521603 4
    endloop
  endfacet
  facet normal 0 0 1
    outer loop
      vertex -16 -16.73205080628395 4
      vertex -16 16.73205080628395 4
      vertex -16.217522859573364 16.586706683039665 4
    endloop
  endfacet
  facet normal 0 0 -1
    outer loop
      vertex -15.765366867184639 -16.847759068012238 0
      vertex -16 16.73205080628395 0
      vertex -15.765366867184639 16.847759068012238 0
    endloop
  endfacet
  facet normal 0 0 -1
    outer loop
      vertex -15.517638087272644 -16.931851655244827 0
      vertex -15.765366867184639 16.847759068012238 0
      vertex -15.517638087272644 16.931851655244827 0
    endloop
  endfacet
  facet normal 0 0 -1
    outer loop
      vertex -15.261052384972572 -16.982889719307423 0
      vertex -15.517638087272644 16.931851655244827 0
      vertex -15.261052384972572 16.982889719307423 0
    endloop
  endfacet
  facet normal 0 0 -1
    outer loop
      vertex -15 -17 0
      vertex -15.261052384972572 16.982889719307423 0
      vertex -15 17 0
    endloop
  endfacet
  facet normal 0 0 1
    outer loop
      vertex -15.765366867184639 -16.847759068012238 4
      vertex -15.765366867184639 16.847759068012238 4
      vertex -16 16.73205080628395 4
    endloop
  endfacet
  facet normal 0 0 1
    outer loop
      vertex -15.517638087272644 -16.931851655244827 4
      vertex -15.517638087272644 16.931851655244827 4
      vertex -15.765366867184639 16.847759068012238 4
    endloop
  endfacet
  facet normal 0 0 1
    outer loop
      vertex -15.261052384972572 -16.982889719307423 4
      vertex -15.261052384972572 16.982889719307423 4
      vertex -15.517638087272644 16.931851655244827 4
    endloop
  endfacet
  facet normal 0 0 1
    outer loop
      vertex -15 -17 4
      vertex -15 17 4
      vertex -15.261052384972572 16.982889719307423 4
    endloop
  endfacet
  facet normal 0 0 -1
    outer loop
      vertex -10.872688673436642 -6.4303624257445335 0
      vertex -10.872688673436642 6.4303624257445335 0
      vertex -10.777817457914352 6.322182543575764 0
    endloop
  endfacet
  facet normal 0 0 -1
    outer loop
      vertex -10.777817457914352 -6.322182543575764 0
      vertex -10.777817457914352 6.322182543575764 0
      vertex -10.669637568295002 6.227311328053474 0
    endloop
  endfacet
  facet normal 0 0 -1
    outer loop
      vertex -10.669637568295002 -6.227311328053474 0
      vertex -10.669637568295002 6.227311328053474 0
      vertex -10.549999997019768 6.147372059524059 0
    endloop
  endfacet
  facet normal 0 0 1
    outer loop
      vertex -10.669637568295002 -6.227311328053474 4
      vertex -10.669637568295002 6.227311328053474 4
      vertex -10.777817457914352 6.322182543575764 4
    endloop
  endfacet
  facet normal 0 0 -1
    outer loop
      vertex -11.062518410384655 -6.8152990490198135 0
      vertex -11.062518410384655 6.8152990490198135 0
      vertex -11.016267485916615 6.679048225283623 0
    endloop
  endfacet
  facet normal 0 0 -1
    outer loop
      vertex -11.100000001490116 -7.100000001490116 0
      vertex -11.100000001490116 7.100000001490116 0
      vertex -11.090589344501495 6.956421189010143 0
    endloop
  endfacet
  facet normal 0 0 -1
    outer loop
      vertex -11.090589344501495 -6.956421189010143 0
      vertex -11.090589344501495 6.956421189010143 0
      vertex -11.062518410384655 6.8152990490198135 0
    endloop
  endfacet
  facet normal 0 0 -1
    outer loop
      vertex -11.016267485916615 -6.679048225283623 0
      vertex -11.016267485916615 6.679048225283623 0
      vertex -10.952627941966057 6.549999997019768 0
    endloop
  endfacet
  facet normal 0 0 -1
    outer loop
      vertex -10.952627941966057 -6.549999997019768 0
      vertex -10.952627941966057 6.549999997019768 0
      vertex -10.872688673436642 6.4303624257445335 0
    endloop
  endfacet
  facet normal 0 0 1
    outer loop
      vertex -11.090589344501495 -6.956421189010143 4
      vertex -11.090589344501495 6.956421189010143 4
      vertex -11.100000001490116 7.100000001490116 4
    endloop
  endfacet
  facet normal 0 0 1
    outer loop
      vertex -11.062518410384655 -6.8152990490198135 4
      vertex -11.062518410384655 6.8152990490198135 4
      vertex -11.090589344501495 6.956421189010143 4
    endloop
  endfacet
  facet normal 0 0 1
    outer loop
      vertex -11.016267485916615 -6.679048225283623 4
      vertex -11.016267485916615 6.679048225283623 4
      vertex -11.062518410384655 6.8152990490198135 4
    endloop
  endfacet
  facet normal 0 0 1
    outer loop
      vertex -10.952627941966057 -6.549999997019768 4
      vertex -10.952627941966057 6.549999997019768 4
      vertex -11.016267485916615 6.679048225283623 4
    endloop
  endfacet
  facet normal 0 0 1
    outer loop
      vertex -10.872688673436642 -6.4303624257445335 4
      vertex -10.872688673436642 6.4303624257445335 4
      vertex -10.952627941966057 6.549999997019768 4
    endloop
  endfacet
  facet normal 0 0 1
    outer loop
      vertex -10.777817457914352 -6.322182543575764 4
      vertex -10.777817457914352 6.322182543575764 4
      vertex -10.872688673436642 6.4303624257445335 4
    endloop
  endfacet
  facet normal 0 0 -1
    outer loop
      vertex -10.549999997019768 -6.147372059524059 0
      vertex -10.549999997019768 6.147372059524059 0
      vertex -10.420951776206493 6.083732515573502 0
    endloop
  endfacet
  facet normal 0 0 -1
    outer loop
      vertex -10.420951776206493 -6.083732515573502 0
      vertex -10.420951776206493 6.083732515573502 0
      vertex -10.284700952470303 6.037481591105461 0
    endloop
  endfacet
  facet normal 0 0 -1
    outer loop
      vertex -10.284700952470303 -6.037481591105461 0
      vertex -10.284700952470303 6.037481591105461 0
      vertex -10.143578812479973 6.00941064953804 0
    endloop
  endfacet
  facet normal 0 0 1
    outer loop
      vertex -10.549999997019768 -6.147372059524059 4
      vertex -10.549999997019768 6.147372059524059 4
      vertex -10.669637568295002 6.227311328053474 4
    endloop
  endfacet
  facet normal 0 0 1
    outer loop
      vertex -10.420951776206493 -6.083732515573502 4
      vertex -10.420951776206493 6.083732515573502 4
      vertex -10.549999997019768 6.147372059524059 4
    endloop
  endfacet
  facet normal 0 0 1
    outer loop
      vertex -10.284700952470303 -6.037481591105461 4
      vertex -10.284700952470303 6.037481591105461 4
      vertex -10.420951776206493 6.083732515573502 4
    endloop
  endfacet
  facet normal 0 0 1
    outer loop
      vertex -10.143578812479973 -6.00941064953804 4
      vertex -10.143578812479973 6.00941064953804 4
      vertex -10.284700952470303 6.037481591105461 4
    endloop
  endfacet
  facet normal 0 0 1
    outer loop
      vertex -10 -6 4
      vertex -10 6 4
      vertex -10.143578812479973 6.00941064953804 4
    endloop
  endfacet
  facet normal 0 0 1
    outer loop
      vertex -10 -6 4
      vertex -9.856421187520027 6.00941064953804 4
      vertex -10 6 4
    endloop
  endfacet
  facet normal 0 0 1
    outer loop
      vertex -10 -6 4
      vertex -9.715299047529697 6.037481591105461 4
      vertex -9.856421187520027 6.00941064953804 4
    endloop
  endfacet
  facet normal 0 0 1
    outer loop
      vertex -10 -6 4
      vertex -9.579048223793507 6.083732515573502 4
      vertex -9.715299047529697 6.037481591105461 4
    endloop
  endfacet
  facet normal 0 0 1
    outer loop
      vertex -10 -6 4
      vertex -9.450000002980232 6.147372059524059 4
      vertex -9.579048223793507 6.083732515573502 4
    endloop
  endfacet
  facet normal 0 0 1
    outer loop
      vertex -10 -6 4
      vertex -9.330362431704998 6.227311328053474 4
      vertex -9.450000002980232 6.147372059524059 4
    endloop
  endfacet
  facet normal 0 0 1
    outer loop
      vertex -10 -6 4
      vertex -9.222182542085648 6.322182543575764 4
      vertex -9.330362431704998 6.227311328053474 4
    endloop
  endfacet
  facet normal 0 0 1
    outer loop
      vertex -10 -6 4
      vertex -9.127311326563358 6.4303624257445335 4
      vertex -9.222182542085648 6.322182543575764 4
    endloop
  endfacet
  facet normal 0 0 1
    outer loop
      vertex -10 -6 4
      vertex -9.047372058033943 6.549999997019768 4
      vertex -9.127311326563358 6.4303624257445335 4
    endloop
  endfacet
  facet normal 0 0 1
    outer loop
      vertex -15 17 4
      vertex -11.100000001490116 -7.100000001490116 4
      vertex -11.100000001490116 7.100000001490116 4
    endloop
  endfacet
  facet normal -0.9978589223891017 0.06540314219103631 0
    outer loop
      vertex -17 15 0
      vertex -16.982889719307423 15.261052384972572 4
      vertex -16.982889719307423 15.261052384972572 0
    endloop
  endfacet
  facet normal -0.9978589223891017 0.06540314219103631 0
    outer loop
      vertex -17 15 0
      vertex -17 15 4
      vertex -16.982889719307423 15.261052384972572 4
    endloop
  endfacet
  facet normal -0.9807852843656897 0.19509030209549946 0
    outer loop
      vertex -16.982889719307423 15.261052384972572 0
      vertex -16.982889719307423 15.261052384972572 4
      vertex -16.931851655244827 15.517638087272644 4
    endloop
  endfacet
  facet normal -0.9807852843656897 0.19509030209549946 0
    outer loop
      vertex -16.982889719307423 15.261052384972572 0
      vertex -16.931851655244827 15.517638087272644 4
      vertex -16.931851655244827 15.517638087272644 0
    endloop
  endfacet
  facet normal -0.9469301319984066 0.32143945792867507 0
    outer loop
      vertex -16.931851655244827 15.517638087272644 0
      vertex -16.847759068012238 15.765366867184639 4
      vertex -16.847759068012238 15.765366867184639 0
    endloop
  endfacet
  facet normal -0.8968727332159228 0.4422887070837332 0
    outer loop
      vertex -16.847759068012238 15.765366867184639 0
      vertex -16.73205080628395 16 4
      vertex -16.73205080628395 16 0
    endloop
  endfacet
  facet normal -0.9469301319984066 0.32143945792867507 0
    outer loop
      vertex -16.931851655244827 15.517638087272644 0
      vertex -16.931851655244827 15.517638087272644 4
      vertex -16.847759068012238 15.765366867184639 4
    endloop
  endfacet
  facet normal -0.8968727332159228 0.4422887070837332 0
    outer loop
      vertex -16.847759068012238 15.765366867184639 0
      vertex -16.847759068012238 15.765366867184639 4
      vertex -16.73205080628395 16 4
    endloop
  endfacet
  facet normal -0.8314696207458844 0.5555702203832522 0
    outer loop
      vertex -16.73205080628395 16 0
      vertex -16.586706683039665 16.217522859573364 4
      vertex -16.586706683039665 16.217522859573364 0
    endloop
  endfacet
  facet normal -0.7518397936522605 0.6593458308664175 0
    outer loop
      vertex -16.586706683039665 16.217522859573364 0
      vertex -16.414213560521603 16.414213560521603 4
      vertex -16.414213560521603 16.414213560521603 0
    endloop
  endfacet
  facet normal -0.8314696207458844 0.5555702203832522 0
    outer loop
      vertex -16.73205080628395 16 0
      vertex -16.73205080628395 16 4
      vertex -16.586706683039665 16.217522859573364 4
    endloop
  endfacet
  facet normal -0.7518397936522605 0.6593458308664175 0
    outer loop
      vertex -16.586706683039665 16.217522859573364 0
      vertex -16.586706683039665 16.217522859573364 4
      vertex -16.414213560521603 16.414213560521603 4
    endloop
  endfacet
  facet normal -0.6593458308664175 0.7518397936522605 0
    outer loop
      vertex -16.414213560521603 16.414213560521603 0
      vertex -16.217522859573364 16.586706683039665 4
      vertex -16.217522859573364 16.586706683039665 0
    endloop
  endfacet
  facet normal -0.5555702203832522 0.8314696207458844 0
    outer loop
      vertex -16.217522859573364 16.586706683039665 0
      vertex -16 16.73205080628395 4
      vertex -16 16.73205080628395 0
    endloop
  endfacet
  facet normal -0.6593458308664175 0.7518397936522605 0
    outer loop
      vertex -16.414213560521603 16.414213560521603 0
      vertex -16.414213560521603 16.414213560521603 4
      vertex -16.217522859573364 16.586706683039665 4
    endloop
  endfacet
  facet normal -0.5555702203832522 0.8314696207458844 0
    outer loop
      vertex -16.217522859573364 16.586706683039665 0
      vertex -16.217522859573364 16.586706683039665 4
      vertex -16 16.73205080628395 4
    endloop
  endfacet
  facet normal -0.4422887070837332 0.8968727332159228 0
    outer loop
      vertex -16 16.73205080628395 0
      vertex -15.765366867184639 16.847759068012238 4
      vertex -15.765366867184639 16.847759068012238 0
    endloop
  endfacet
  facet normal -0.32143945792867507 0.9469301319984066 0
    outer loop
      vertex -15.765366867184639 16.847759068012238 0
      vertex -15.517638087272644 16.931851655244827 4
      vertex -15.517638087272644 16.931851655244827 0
    endloop
  endfacet
  facet normal -0.4422887070837332 0.8968727332159228 0
    outer loop
      vertex -16 16.73205080628395 0
      vertex -16 16.73205080628395 4
      vertex -15.765366867184639 16.847759068012238 4
    endloop
  endfacet
  facet normal -0.32143945792867507 0.9469301319984066 0
    outer loop
      vertex -15.765366867184639 16.847759068012238 0
      vertex -15.765366867184639 16.847759068012238 4
      vertex -15.517638087272644 16.931851655244827 4
    endloop
  endfacet
  facet normal -0.19509030209549946 0.9807852843656897 0
    outer loop
      vertex -15.517638087272644 16.931851655244827 0
      vertex -15.517638087272644 16.931851655244827 4
      vertex -15.261052384972572 16.982889719307423 4
    endloop
  endfacet
  facet normal -0.19509030209549946 0.9807852843656897 0
    outer loop
      vertex -15.517638087272644 16.931851655244827 0
      vertex -15.261052384972572 16.982889719307423 4
      vertex -15.261052384972572 16.982889719307423 0
    endloop
  endfacet
  facet normal -0.06540314219103631 0.9978589223891017 0
    outer loop
      vertex -15.261052384972572 16.982889719307423 0
      vertex -15 17 4
      vertex -15 17 0
    endloop
  endfacet
  facet normal -0.06540314219103631 0.9978589223891017 0
    outer loop
      vertex -15.261052384972572 16.982889719307423 0
      vertex -15.261052384972572 16.982889719307423 4
      vertex -15 17 4
    endloop
  endfacet
  facet normal 0 0 -1
    outer loop
      vertex -15 17 0
      vertex -11.100000001490116 12.899999998509884 0
      vertex -11.100000001490116 7.100000001490116 0
    endloop
  endfacet
  facet normal 0 0 1
    outer loop
      vertex -15 17 4
      vertex -11.100000001490116 7.100000001490116 4
      vertex -11.100000001490116 12.899999998509884 4
    endloop
  endfacet
  facet normal 0 0 -1
    outer loop
      vertex -15 17 0
      vertex -11.090589344501495 13.043578810989857 0
      vertex -11.100000001490116 12.899999998509884 0
    endloop
  endfacet
  facet normal 0 0 -1
    outer loop
      vertex -15 17 0
      vertex -11.062518410384655 13.184700950980186 0
      vertex -11.090589344501495 13.043578810989857 0
    endloop
  endfacet
  facet normal 0 0 -1
    outer loop
      vertex -15 17 0
      vertex -11.016267485916615 13.320951774716377 0
      vertex -11.062518410384655 13.184700950980186 0
    endloop
  endfacet
  facet normal 0 0 -1
    outer loop
      vertex -15 17 0
      vertex -10.952627941966057 13.450000002980232 0
      vertex -11.016267485916615 13.320951774716377 0
    endloop
  endfacet
  facet normal 0 0 -1
    outer loop
      vertex -15 17 0
      vertex -10.872688673436642 13.569637574255466 0
      vertex -10.952627941966057 13.450000002980232 0
    endloop
  endfacet
  facet normal 0 0 -1
    outer loop
      vertex -15 17 0
      vertex -10.777817457914352 13.677817456424236 0
      vertex -10.872688673436642 13.569637574255466 0
    endloop
  endfacet
  facet normal 0 0 -1
    outer loop
      vertex -15 17 0
      vertex -10.669637568295002 13.772688671946526 0
      vertex -10.777817457914352 13.677817456424236 0
    endloop
  endfacet
  facet normal 0 0 1
    outer loop
      vertex -15 17 4
      vertex -11.100000001490116 12.899999998509884 4
      vertex -11.090589344501495 13.043578810989857 4
    endloop
  endfacet
  facet normal 0 0 1
    outer loop
      vertex -15 17 4
      vertex -11.090589344501495 13.043578810989857 4
      vertex -11.062518410384655 13.184700950980186 4
    endloop
  endfacet
  facet normal 0 0 1
    outer loop
      vertex -15 17 4
      vertex -11.062518410384655 13.184700950980186 4
      vertex -11.016267485916615 13.320951774716377 4
    endloop
  endfacet
  facet normal 0 0 1
    outer loop
      vertex -15 17 4
      vertex -11.016267485916615 13.320951774716377 4
      vertex -10.952627941966057 13.450000002980232 4
    endloop
  endfacet
  facet normal 0 0 1
    outer loop
      vertex -15 17 4
      vertex -10.952627941966057 13.450000002980232 4
      vertex -10.872688673436642 13.569637574255466 4
    endloop
  endfacet
  facet normal 0 0 1
    outer loop
      vertex -15 17 4
      vertex -10.872688673436642 13.569637574255466 4
      vertex -10.777817457914352 13.677817456424236 4
    endloop
  endfacet
  facet normal 0 0 1
    outer loop
      vertex -15 17 4
      vertex -10.777817457914352 13.677817456424236 4
      vertex -10.669637568295002 13.772688671946526 4
    endloop
  endfacet
  facet normal 0 0 -1
    outer loop
      vertex -15 17 0
      vertex -10.549999997019768 13.85262794047594 0
      vertex -10.669637568295002 13.772688671946526 0
    endloop
  endfacet
  facet normal 0 0 -1
    outer loop
      vertex -15 17 0
      vertex -10.420951776206493 13.916267484426498 0
      vertex -10.549999997019768 13.85262794047594 0
    endloop
  endfacet
  facet normal 0 0 -1
    outer loop
      vertex -15 17 0
      vertex -10.284700952470303 13.962518408894539 0
      vertex -10.420951776206493 13.916267484426498 0
    endloop
  endfacet
  facet normal 0 0 -1
    outer loop
      vertex -15 17 0
      vertex -10.143578812479973 13.99058935046196 0
      vertex -10.284700952470303 13.962518408894539 0
    endloop
  endfacet
  facet normal 0 0 1
    outer loop
      vertex -15 17 4
      vertex -10.669637568295002 13.772688671946526 4
      vertex -10.549999997019768 13.85262794047594 4
    endloop
  endfacet
  facet normal 0 0 1
    outer loop
      vertex -15 17 4
      vertex -10.549999997019768 13.85262794047594 4
      vertex -10.420951776206493 13.916267484426498 4
    endloop
  endfacet
  facet normal 0 0 1
    outer loop
      vertex -15 17 4
      vertex -10.420951776206493 13.916267484426498 4
      vertex -10.284700952470303 13.962518408894539 4
    endloop
  endfacet
  facet normal 0 0 1
    outer loop
      vertex -15 17 4
      vertex -10.284700952470303 13.962518408894539 4
      vertex -10.143578812479973 13.99058935046196 4
    endloop
  endfacet
  facet normal 0 0 1
    outer loop
      vertex -15 17 4
      vertex -10.143578812479973 13.99058935046196 4
      vertex -10 14 4
    endloop
  endfacet
  facet normal 0 0 1
    outer loop
      vertex -5 5 4
      vertex -9.047372058033943 6.549999997019768 4
      vertex -10 -6 4
    endloop
  endfacet
  facet normal 0 0 1
    outer loop
      vertex -5 5 4
      vertex -8.983732514083385 6.679048225283623 4
      vertex -9.047372058033943 6.549999997019768 4
    endloop
  endfacet
  facet normal 0 0 1
    outer loop
      vertex -5 5 4
      vertex -8.937481589615345 6.8152990490198135 4
      vertex -8.983732514083385 6.679048225283623 4
    endloop
  endfacet
  facet normal 0 0 1
    outer loop
      vertex -5 5 4
      vertex -8.909410655498505 6.956421189010143 4
      vertex -8.937481589615345 6.8152990490198135 4
    endloop
  endfacet
  facet normal 0 0 1
    outer loop
      vertex -5 5 4
      vertex -8.899999998509884 7.100000001490116 4
      vertex -8.909410655498505 6.956421189010143 4
    endloop
  endfacet
  facet normal 0 0 1
    outer loop
      vertex 5 5 4
      vertex -8.899999998509884 12.899999998509884 4
      vertex -8.899999998509884 7.100000001490116 4
    endloop
  endfacet
  facet normal 0 0 -1
    outer loop
      vertex 8.899999998509884 -12.899999998509884 0
      vertex -9.127311326563358 6.4303624257445335 0
      vertex -9.047372058033943 6.549999997019768 0
    endloop
  endfacet
  facet normal 0 0 -1
    outer loop
      vertex 8.899999998509884 -12.899999998509884 0
      vertex -9.047372058033943 6.549999997019768 0
      vertex -8.983732514083385 6.679048225283623 0
    endloop
  endfacet
  facet normal 0 0 -1
    outer loop
      vertex 8.899999998509884 -12.899999998509884 0
      vertex -8.983732514083385 6.679048225283623 0
      vertex -8.937481589615345 6.8152990490198135 0
    endloop
  endfacet
  facet normal 0 0 -1
    outer loop
      vertex 8.899999998509884 -12.899999998509884 0
      vertex -8.937481589615345 6.8152990490198135 0
      vertex -8.909410655498505 6.956421189010143 0
    endloop
  endfacet
  facet normal 0 0 -1
    outer loop
      vertex 8.899999998509884 -12.899999998509884 0
      vertex -8.909410655498505 6.956421189010143 0
      vertex -8.899999998509884 7.100000001490116 0
    endloop
  endfacet
  facet normal 0 0 -1
    outer loop
      vertex -8.899999998509884 12.899999998509884 0
      vertex 8.899999998509884 -12.899999998509884 0
      vertex -8.899999998509884 7.100000001490116 0
    endloop
  endfacet
  facet normal 0 0 1
    outer loop
      vertex -5 5 4
      vertex 5 5 4
      vertex -8.899999998509884 7.100000001490116 4
    endloop
  endfacet
  facet normal 0 0 1
    outer loop
      vertex 5 5 4
      vertex -8.909410655498505 13.043578810989857 4
      vertex -8.899999998509884 12.899999998509884 4
    endloop
  endfacet
  facet normal 0 0 1
    outer loop
      vertex 5 5 4
      vertex -8.937481589615345 13.184700950980186 4
      vertex -8.909410655498505 13.043578810989857 4
    endloop
  endfacet
  facet normal 0 0 1
    outer loop
      vertex 5 5 4
      vertex -8.983732514083385 13.320951774716377 4
      vertex -8.937481589615345 13.184700950980186 4
    endloop
  endfacet
  facet normal 0 1 0
    outer loop
      vertex -15 17 0
      vertex -15 17 4
      vertex 15 17 4
    endloop
  endfacet
  facet normal 0 0 -1
    outer loop
      vertex -8.899999998509884 12.899999998509884 0
      vertex -8.909410655498505 13.043578810989857 0
      vertex 8.899999998509884 12.899999998509884 0
    endloop
  endfacet
  facet normal 0 0 -1
    outer loop
      vertex -8.909410655498505 13.043578810989857 0
      vertex -8.937481589615345 13.184700950980186 0
      vertex 8.909410655498505 13.043578810989857 0
    endloop
  endfacet
  facet normal 0 0 -1
    outer loop
      vertex -8.983732514083385 13.320951774716377 0
      vertex 8.937481589615345 13.184700950980186 0
      vertex -8.937481589615345 13.184700950980186 0
    endloop
  endfacet
  facet normal 0 0 -1
    outer loop
      vertex -9.047372058033943 13.450000002980232 0
      vertex 8.983732514083385 13.320951774716377 0
      vertex -8.983732514083385 13.320951774716377 0
    endloop
  endfacet
  facet normal 0 0 -1
    outer loop
      vertex -9.127311326563358 13.569637574255466 0
      vertex 9.047372058033943 13.450000002980232 0
      vertex -9.047372058033943 13.450000002980232 0
    endloop
  endfacet
  facet normal 0 0 -1
    outer loop
      vertex -9.222182542085648 13.677817456424236 0
      vertex 9.127311326563358 13.569637574255466 0
      vertex -9.127311326563358 13.569637574255466 0
    endloop
  endfacet
  facet normal 0 0 1
    outer loop
      vertex -8.983732514083385 13.320951774716377 4
      vertex 9.047372058033943 13.450000002980232 4
      vertex -9.047372058033943 13.450000002980232 4
    endloop
  endfacet
  facet normal 0 0 1
    outer loop
      vertex -9.047372058033943 13.450000002980232 4
      vertex 9.127311326563358 13.569637574255466 4
      vertex -9.127311326563358 13.569637574255466 4
    endloop
  endfacet
  facet normal 0 0 1
    outer loop
      vertex -9.222182542085648 13.677817456424236 4
      vertex -9.127311326563358 13.569637574255466 4
      vertex 9.222182542085648 13.677817456424236 4
    endloop
  endfacet
  facet normal 0 0 -1
    outer loop
      vertex -15 17 0
      vertex 15 17 0
      vertex -10.143578812479973 13.99058935046196 0
    endloop
  endfacet
  facet normal 0 0 1
    outer loop
      vertex -15 17 4
      vertex -10 14 4
      vertex 15 17 4
    endloop
  endfacet
  facet normal 0 0 -1
    outer loop
      vertex 15 17 0
      vertex -9.222182542085648 13.677817456424236 0
      vertex -9.330362431704998 13.772688671946526 0
    endloop
  endfacet
  facet normal 0 0 1
    outer loop
      vertex 15 17 4
      vertex -9.330362431704998 13.772688671946526 4
      vertex -9.222182542085648 13.677817456424236 4
    endloop
  endfacet
  facet normal 0 0 -1
    outer loop
      vertex 15 17 0
      vertex -10 14 0
      vertex -10.143578812479973 13.99058935046196 0
    endloop
  endfacet
  facet normal 0 0 -1
    outer loop
      vertex 15 17 0
      vertex -9.856421187520027 13.99058935046196 0
      vertex -10 14 0
    endloop
  endfacet
  facet normal 0 0 -1
    outer loop
      vertex 15 17 0
      vertex -9.715299047529697 13.962518408894539 0
      vertex -9.856421187520027 13.99058935046196 0
    endloop
  endfacet
  facet normal 0 0 -1
    outer loop
      vertex 15 17 0
      vertex -9.579048223793507 13.916267484426498 0
      vertex -9.715299047529697 13.962518408894539 0
    endloop
  endfacet
  facet normal 0 0 -1
    outer loop
      vertex 15 17 0
      vertex -9.450000002980232 13.85262794047594 0
      vertex -9.579048223793507 13.916267484426498 0
    endloop
  endfacet
  facet normal 0 0 -1
    outer loop
      vertex 15 17 0
      vertex -9.330362431704998 13.772688671946526 0
      vertex -9.450000002980232 13.85262794047594 0
    endloop
  endfacet
  facet normal 0 0 1
    outer loop
      vertex 15 17 4
      vertex -10 14 4
      vertex -9.856421187520027 13.99058935046196 4
    endloop
  endfacet
  facet normal 0 0 1
    outer loop
      vertex 15 17 4
      vertex -9.856421187520027 13.99058935046196 4
      vertex -9.715299047529697 13.962518408894539 4
    endloop
  endfacet
  facet normal 0 0 1
    outer loop
      vertex 15 17 4
      vertex -9.715299047529697 13.962518408894539 4
      vertex -9.579048223793507 13.916267484426498 4
    endloop
  endfacet
  facet normal 0 0 1
    outer loop
      vertex 15 17 4
      vertex -9.579048223793507 13.916267484426498 4
      vertex -9.450000002980232 13.85262794047594 4
    endloop
  endfacet
  facet normal 0 0 1
    outer loop
      vertex 15 17 4
      vertex -9.450000002980232 13.85262794047594 4
      vertex -9.330362431704998 13.772688671946526 4
    endloop
  endfacet
  facet normal 0 0 -1
    outer loop
      vertex -15 -17 0
      vertex 9.330362431704998 -13.772688671946526 0
      vertex 9.450000002980232 -13.85262794047594 0
    endloop
  endfacet
  facet normal 0 0 -1
    outer loop
      vertex -15 -17 0
      vertex 9.450000002980232 -13.85262794047594 0
      vertex 9.579048223793507 -13.916267484426498 0
    endloop
  endfacet
  facet normal 0 0 -1
    outer loop
      vertex -15 -17 0
      vertex 9.579048223793507 -13.916267484426498 0
      vertex 9.715299047529697 -13.962518408894539 0
    endloop
  endfacet
  facet normal 0 0 -1
    outer loop
      vertex -15 -17 0
      vertex 9.715299047529697 -13.962518408894539 0
      vertex 9.856421187520027 -13.99058935046196 0
    endloop
  endfacet
  facet normal 0 0 -1
    outer loop
      vertex -15 -17 0
      vertex 9.856421187520027 -13.99058935046196 0
      vertex 10 -14 0
    endloop
  endfacet
  facet normal 0 0 -1
    outer loop
      vertex -15 -17 0
      vertex 10 -14 0
      vertex 10.143578812479973 -13.99058935046196 0
    endloop
  endfacet
  facet normal 0 0 1
    outer loop
      vertex -15 -17 4
      vertex 9.450000002980232 -13.85262794047594 4
      vertex 9.330362431704998 -13.772688671946526 4
    endloop
  endfacet
  facet normal 0 0 1
    outer loop
      vertex -15 -17 4
      vertex 9.579048223793507 -13.916267484426498 4
      vertex 9.450000002980232 -13.85262794047594 4
    endloop
  endfacet
  facet normal 0 0 1
    outer loop
      vertex -15 -17 4
      vertex 9.715299047529697 -13.962518408894539 4
      vertex 9.579048223793507 -13.916267484426498 4
    endloop
  endfacet
  facet normal 0 0 1
    outer loop
      vertex -15 -17 4
      vertex 9.856421187520027 -13.99058935046196 4
      vertex 9.715299047529697 -13.962518408894539 4
    endloop
  endfacet
  facet normal 0 0 1
    outer loop
      vertex -15 -17 4
      vertex 10 -14 4
      vertex 9.856421187520027 -13.99058935046196 4
    endloop
  endfacet
  facet normal 0 0 -1
    outer loop
      vertex -15 -17 0
      vertex 9.047372058033943 -13.450000002980232 0
      vertex 9.127311326563358 -13.569637574255466 0
    endloop
  endfacet
  facet normal 0 0 -1
    outer loop
      vertex -15 -17 0
      vertex 8.937481589615345 -13.184700950980186 0
      vertex 8.983732514083385 -13.320951774716377 0
    endloop
  endfacet
  facet normal 0 0 -1
    outer loop
      vertex -15 -17 0
      vertex 8.983732514083385 -13.320951774716377 0
      vertex 9.047372058033943 -13.450000002980232 0
    endloop
  endfacet
  facet normal 0 0 -1
    outer loop
      vertex -15 -17 0
      vertex 8.909410655498505 -13.043578810989857 0
      vertex 8.937481589615345 -13.184700950980186 0
    endloop
  endfacet
  facet normal 0 0 -1
    outer loop
      vertex -15 -17 0
      vertex 8.899999998509884 -12.899999998509884 0
      vertex 8.909410655498505 -13.043578810989857 0
    endloop
  endfacet
  facet normal 0 0 -1
    outer loop
      vertex -15 -17 0
      vertex 9.127311326563358 -13.569637574255466 0
      vertex 9.222182542085648 -13.677817456424236 0
    endloop
  endfacet
  facet normal 0 0 -1
    outer loop
      vertex -15 -17 0
      vertex 9.222182542085648 -13.677817456424236 0
      vertex 9.330362431704998 -13.772688671946526 0
    endloop
  endfacet
  facet normal 0 0 1
    outer loop
      vertex -15 -17 4
      vertex 9.330362431704998 -13.772688671946526 4
      vertex 9.222182542085648 -13.677817456424236 4
    endloop
  endfacet
  facet normal 0 0 -1
    outer loop
      vertex -15 -17 0
      vertex 10.143578812479973 -13.99058935046196 0
      vertex 15 -17 0
    endloop
  endfacet
  facet normal 0 0 1
    outer loop
      vertex -15 -17 4
      vertex 15 -17 4
      vertex 10 -14 4
    endloop
  endfacet
  facet normal 0 0 1
    outer loop
      vertex -9.222182542085648 -13.677817456424236 4
      vertex 9.222182542085648 -13.677817456424236 4
      vertex 9.127311326563358 -13.569637574255466 4
    endloop
  endfacet
  facet normal 0 0 1
    outer loop
      vertex -9.127311326563358 -13.569637574255466 4
      vertex 9.127311326563358 -13.569637574255466 4
      vertex 9.047372058033943 -13.450000002980232 4
    endloop
  endfacet
  facet normal 0 0 1
    outer loop
      vertex 8.983732514083385 -13.320951774716377 4
      vertex -9.047372058033943 -13.450000002980232 4
      vertex 9.047372058033943 -13.450000002980232 4
    endloop
  endfacet
  facet normal 0 -1 0
    outer loop
      vertex -15 -17 4
      vertex 15 -17 0
      vertex 15 -17 4
    endloop
  endfacet
  facet normal 0 0 1
    outer loop
      vertex -5 -5 4
      vertex 8.983732514083385 -13.320951774716377 4
      vertex 8.937481589615345 -13.184700950980186 4
    endloop
  endfacet
  facet normal 0 0 1
    outer loop
      vertex -5 -5 4
      vertex 8.937481589615345 -13.184700950980186 4
      vertex 8.909410655498505 -13.043578810989857 4
    endloop
  endfacet
  facet normal 0 0 1
    outer loop
      vertex -5 -5 4
      vertex 8.909410655498505 -13.043578810989857 4
      vertex 8.899999998509884 -12.899999998509884 4
    endloop
  endfacet
  facet normal 0 0 1
    outer loop
      vertex -5 -5 4
      vertex 8.899999998509884 -7.100000001490116 4
      vertex 5 -5 4
    endloop
  endfacet
  facet normal 0 0 -1
    outer loop
      vertex -8.899999998509884 12.899999998509884 0
      vertex 8.899999998509884 -7.100000001490116 0
      vertex 8.899999998509884 -12.899999998509884 0
    endloop
  endfacet
  facet normal 0 0 1
    outer loop
      vertex -5 -5 4
      vertex 8.899999998509884 -12.899999998509884 4
      vertex 8.899999998509884 -7.100000001490116 4
    endloop
  endfacet
  facet normal 0 0 1
    outer loop
      vertex 5 -5 4
      vertex 8.899999998509884 -7.100000001490116 4
      vertex 8.909410655498505 -6.956421189010143 4
    endloop
  endfacet
  facet normal 0 0 1
    outer loop
      vertex 5 -5 4
      vertex 8.909410655498505 -6.956421189010143 4
      vertex 8.937481589615345 -6.8152990490198135 4
    endloop
  endfacet
  facet normal 0 0 1
    outer loop
      vertex 5 -5 4
      vertex 8.937481589615345 -6.8152990490198135 4
      vertex 8.983732514083385 -6.679048225283623 4
    endloop
  endfacet
  facet normal 0 0 1
    outer loop
      vertex 5 -5 4
      vertex 8.983732514083385 -6.679048225283623 4
      vertex 9.047372058033943 -6.549999997019768 4
    endloop
  endfacet
  facet normal 0 0 1
    outer loop
      vertex 5 -5 4
      vertex 9.047372058033943 -6.549999997019768 4
      vertex 10 6 4
    endloop
  endfacet
  facet normal 0 0 -1
    outer loop
      vertex 15 -17 0
      vertex 10.143578812479973 -13.99058935046196 0
      vertex 10.284700952470303 -13.962518408894539 0
    endloop
  endfacet
  facet normal 0 0 -1
    outer loop
      vertex 15 -17 0
      vertex 10.284700952470303 -13.962518408894539 0
      vertex 10.420951776206493 -13.916267484426498 0
    endloop
  endfacet
  facet normal 0 0 -1
    outer loop
      vertex 15 -17 0
      vertex 10.420951776206493 -13.916267484426498 0
      vertex 10.549999997019768 -13.85262794047594 0
    endloop
  endfacet
  facet normal 0 0 -1
    outer loop
      vertex 15 -17 0
      vertex 10.549999997019768 -13.85262794047594 0
      vertex 10.669637568295002 -13.772688671946526 0
    endloop
  endfacet
  facet normal 0 0 1
    outer loop
      vertex 15 -17 4
      vertex 10.143578812479973 -13.99058935046196 4
      vertex 10 -14 4
    endloop
  endfacet
  facet normal 0 0 1
    outer loop
      vertex 15 -17 4
      vertex 10.284700952470303 -13.962518408894539 4
      vertex 10.143578812479973 -13.99058935046196 4
    endloop
  endfacet
  facet normal 0 0 1
    outer loop
      vertex 15 -17 4
      vertex 10.420951776206493 -13.916267484426498 4
      vertex 10.284700952470303 -13.962518408894539 4
    endloop
  endfacet
  facet normal 0 0 1
    outer loop
      vertex 15 -17 4
      vertex 10.549999997019768 -13.85262794047594 4
      vertex 10.420951776206493 -13.916267484426498 4
    endloop
  endfacet
  facet normal 0 0 1
    outer loop
      vertex 15 -17 4
      vertex 10.669637568295002 -13.772688671946526 4
      vertex 10.549999997019768 -13.85262794047594 4
    endloop
  endfacet
  facet normal 0 0 -1
    outer loop
      vertex 15 -17 0
      vertex 10.669637568295002 -13.772688671946526 0
      vertex 10.777817457914352 -13.677817456424236 0
    endloop
  endfacet
  facet normal 0 0 -1
    outer loop
      vertex 15 -17 0
      vertex 10.777817457914352 -13.677817456424236 0
      vertex 10.872688673436642 -13.569637574255466 0
    endloop
  endfacet
  facet normal 0 0 -1
    outer loop
      vertex 15 -17 0
      vertex 10.872688673436642 -13.569637574255466 0
      vertex 10.952627941966057 -13.450000002980232 0
    endloop
  endfacet
  facet normal 0 0 -1
    outer loop
      vertex 15 -17 0
      vertex 10.952627941966057 -13.450000002980232 0
      vertex 11.016267485916615 -13.320951774716377 0
    endloop
  endfacet
  facet normal 0 0 -1
    outer loop
      vertex 15 -17 0
      vertex 11.016267485916615 -13.320951774716377 0
      vertex 11.062518410384655 -13.184700950980186 0
    endloop
  endfacet
  facet normal 0 0 -1
    outer loop
      vertex 15 -17 0
      vertex 11.062518410384655 -13.184700950980186 0
      vertex 11.090589344501495 -13.043578810989857 0
    endloop
  endfacet
  facet normal 0 0 -1
    outer loop
      vertex 15 -17 0
      vertex 11.090589344501495 -13.043578810989857 0
      vertex 11.100000001490116 -12.899999998509884 0
    endloop
  endfacet
  facet normal 0 0 1
    outer loop
      vertex 15 -17 4
      vertex 10.777817457914352 -13.677817456424236 4
      vertex 10.669637568295002 -13.772688671946526 4
    endloop
  endfacet
  facet normal 0 0 1
    outer loop
      vertex 15 -17 4
      vertex 10.872688673436642 -13.569637574255466 4
      vertex 10.777817457914352 -13.677817456424236 4
    endloop
  endfacet
  facet normal 0 0 1
    outer loop
      vertex 15 -17 4
      vertex 10.952627941966057 -13.450000002980232 4
      vertex 10.872688673436642 -13.569637574255466 4
    endloop
  endfacet
  facet normal 0 0 1
    outer loop
      vertex 15 -17 4
      vertex 11.016267485916615 -13.320951774716377 4
      vertex 10.952627941966057 -13.450000002980232 4
    endloop
  endfacet
  facet normal 0 0 1
    outer loop
      vertex 15 -17 4
      vertex 11.062518410384655 -13.184700950980186 4
      vertex 11.016267485916615 -13.320951774716377 4
    endloop
  endfacet
  facet normal 0 0 1
    outer loop
      vertex 15 -17 4
      vertex 11.090589344501495 -13.043578810989857 4
      vertex 11.062518410384655 -13.184700950980186 4
    endloop
  endfacet
  facet normal 0 0 1
    outer loop
      vertex 15 -17 4
      vertex 11.100000001490116 -12.899999998509884 4
      vertex 11.090589344501495 -13.043578810989857 4
    endloop
  endfacet
  facet normal 0 0 -1
    outer loop
      vertex 15 -17 0
      vertex 11.100000001490116 -12.899999998509884 0
      vertex 11.100000001490116 -7.100000001490116 0
    endloop
  endfacet
  facet normal 0 0 1
    outer loop
      vertex 15 -17 4
      vertex 11.100000001490116 -7.100000001490116 4
      vertex 11.100000001490116 -12.899999998509884 4
    endloop
  endfacet
  facet normal 0.06540314219103631 -0.9978589223891017 0
    outer loop
      vertex 15 -17 0
      vertex 15.261052384972572 -16.982889719307423 0
      vertex 15 -17 4
    endloop
  endfacet
  facet normal 0.19509030209549946 -0.9807852843656897 0
    outer loop
      vertex 15.261052384972572 -16.982889719307423 0
      vertex 15.517638087272644 -16.931851655244827 0
      vertex 15.261052384972572 -16.982889719307423 4
    endloop
  endfacet
  facet normal 0.06540314219103631 -0.9978589223891017 0
    outer loop
      vertex 15.261052384972572 -16.982889719307423 0
      vertex 15.261052384972572 -16.982889719307423 4
      vertex 15 -17 4
    endloop
  endfacet
  facet normal 0.32143945792867507 -0.9469301319984066 0
    outer loop
      vertex 15.517638087272644 -16.931851655244827 0
      vertex 15.765366867184639 -16.847759068012238 0
      vertex 15.517638087272644 -16.931851655244827 4
    endloop
  endfacet
  facet normal 0.4422887070837332 -0.8968727332159228 0
    outer loop
      vertex 15.765366867184639 -16.847759068012238 0
      vertex 16 -16.73205080628395 0
      vertex 15.765366867184639 -16.847759068012238 4
    endloop
  endfacet
  facet normal 0.19509030209549946 -0.9807852843656897 0
    outer loop
      vertex 15.517638087272644 -16.931851655244827 0
      vertex 15.517638087272644 -16.931851655244827 4
      vertex 15.261052384972572 -16.982889719307423 4
    endloop
  endfacet
  facet normal 0.32143945792867507 -0.9469301319984066 0
    outer loop
      vertex 15.765366867184639 -16.847759068012238 0
      vertex 15.765366867184639 -16.847759068012238 4
      vertex 15.517638087272644 -16.931851655244827 4
    endloop
  endfacet
  facet normal 0.4422887070837332 -0.8968727332159228 0
    outer loop
      vertex 15.765366867184639 -16.847759068012238 4
      vertex 16 -16.73205080628395 0
      vertex 16 -16.73205080628395 4
    endloop
  endfacet
  facet normal 0.5555702203832522 -0.8314696207458844 0
    outer loop
      vertex 16 -16.73205080628395 0
      vertex 16.217522859573364 -16.586706683039665 0
      vertex 16 -16.73205080628395 4
    endloop
  endfacet
  facet normal 0.6593458308664175 -0.7518397936522605 0
    outer loop
      vertex 16.217522859573364 -16.586706683039665 0
      vertex 16.414213560521603 -16.414213560521603 0
      vertex 16.217522859573364 -16.586706683039665 4
    endloop
  endfacet
  facet normal 0.5555702203832522 -0.8314696207458844 0
    outer loop
      vertex 16.217522859573364 -16.586706683039665 0
      vertex 16.217522859573364 -16.586706683039665 4
      vertex 16 -16.73205080628395 4
    endloop
  endfacet
  facet normal 0.6593458308664175 -0.7518397936522605 0
    outer loop
      vertex 16.414213560521603 -16.414213560521603 0
      vertex 16.414213560521603 -16.414213560521603 4
      vertex 16.217522859573364 -16.586706683039665 4
    endloop
  endfacet
  facet normal 0.7518397936522605 -0.6593458308664175 0
    outer loop
      vertex 16.414213560521603 -16.414213560521603 0
      vertex 16.586706683039665 -16.217522859573364 0
      vertex 16.414213560521603 -16.414213560521603 4
    endloop
  endfacet
  facet normal 0.8314696207458844 -0.5555702203832522 0
    outer loop
      vertex 16.586706683039665 -16.217522859573364 0
      vertex 16.73205080628395 -16 0
      vertex 16.586706683039665 -16.217522859573364 4
    endloop
  endfacet
  facet normal 0.7518397936522605 -0.6593458308664175 0
    outer loop
      vertex 16.586706683039665 -16.217522859573364 0
      vertex 16.586706683039665 -16.217522859573364 4
      vertex 16.414213560521603 -16.414213560521603 4
    endloop
  endfacet
  facet normal 0.8314696207458844 -0.5555702203832522 0
    outer loop
      vertex 16.73205080628395 -16 0
      vertex 16.73205080628395 -16 4
      vertex 16.586706683039665 -16.217522859573364 4
    endloop
  endfacet
  facet normal 0.8968727332159228 -0.4422887070837332 0
    outer loop
      vertex 16.73205080628395 -16 0
      vertex 16.847759068012238 -15.765366867184639 0
      vertex 16.73205080628395 -16 4
    endloop
  endfacet
  facet normal 0.9469301319984066 -0.32143945792867507 0
    outer loop
      vertex 16.847759068012238 -15.765366867184639 0
      vertex 16.931851655244827 -15.517638087272644 0
      vertex 16.847759068012238 -15.765366867184639 4
    endloop
  endfacet
  facet normal 0.9807852843656897 -0.19509030209549946 0
    outer loop
      vertex 16.931851655244827 -15.517638087272644 0
      vertex 16.982889719307423 -15.261052384972572 0
      vertex 16.931851655244827 -15.517638087272644 4
    endloop
  endfacet
  facet normal 0.8968727332159228 -0.4422887070837332 0
    outer loop
      vertex 16.73205080628395 -16 4
      vertex 16.847759068012238 -15.765366867184639 0
      vertex 16.847759068012238 -15.765366867184639 4
    endloop
  endfacet
  facet normal 0.9469301319984066 -0.32143945792867507 0
    outer loop
      vertex 16.931851655244827 -15.517638087272644 0
      vertex 16.931851655244827 -15.517638087272644 4
      vertex 16.847759068012238 -15.765366867184639 4
    endloop
  endfacet
  facet normal 0.9978589223891017 -0.06540314219103631 0
    outer loop
      vertex 16.982889719307423 -15.261052384972572 0
      vertex 17 -15 0
      vertex 16.982889719307423 -15.261052384972572 4
    endloop
  endfacet
  facet normal 0.9807852843656897 -0.19509030209549946 0
    outer loop
      vertex 16.982889719307423 -15.261052384972572 0
      vertex 16.982889719307423 -15.261052384972572 4
      vertex 16.931851655244827 -15.517638087272644 4
    endloop
  endfacet
  facet normal 0.9978589223891017 -0.06540314219103631 0
    outer loop
      vertex 17 -15 0
      vertex 17 -15 4
      vertex 16.982889719307423 -15.261052384972572 4
    endloop
  endfacet
  facet normal 0 0 1
    outer loop
      vertex 15 -17 4
      vertex 11.100000001490116 7.100000001490116 4
      vertex 11.100000001490116 -7.100000001490116 4
    endloop
  endfacet
  facet normal 0 0 -1
    outer loop
      vertex 8.899999998509884 -7.100000001490116 0
      vertex 8.909410655498505 6.956421189010143 0
      vertex 8.909410655498505 -6.956421189010143 0
    endloop
  endfacet
  facet normal 0 0 -1
    outer loop
      vertex 8.909410655498505 -6.956421189010143 0
      vertex 8.937481589615345 6.8152990490198135 0
      vertex 8.937481589615345 -6.8152990490198135 0
    endloop
  endfacet
  facet normal 0 0 -1
    outer loop
      vertex 8.937481589615345 -6.8152990490198135 0
      vertex 8.983732514083385 6.679048225283623 0
      vertex 8.983732514083385 -6.679048225283623 0
    endloop
  endfacet
  facet normal 0 0 -1
    outer loop
      vertex 8.983732514083385 -6.679048225283623 0
      vertex 9.047372058033943 6.549999997019768 0
      vertex 9.047372058033943 -6.549999997019768 0
    endloop
  endfacet
  facet normal 0 0 -1
    outer loop
      vertex 9.047372058033943 -6.549999997019768 0
      vertex 9.127311326563358 6.4303624257445335 0
      vertex 9.127311326563358 -6.4303624257445335 0
    endloop
  endfacet
  facet normal 0 0 -1
    outer loop
      vertex 9.127311326563358 -6.4303624257445335 0
      vertex 9.222182542085648 6.322182543575764 0
      vertex 9.222182542085648 -6.322182543575764 0
    endloop
  endfacet
  facet normal 0 0 1
    outer loop
      vertex 10 6 4
      vertex 9.047372058033943 -6.549999997019768 4
      vertex 9.127311326563358 -6.4303624257445335 4
    endloop
  endfacet
  facet normal 0 0 1
    outer loop
      vertex 10 6 4
      vertex 9.127311326563358 -6.4303624257445335 4
      vertex 9.222182542085648 -6.322182543575764 4
    endloop
  endfacet
  facet normal 0 0 1
    outer loop
      vertex 10 6 4
      vertex 9.222182542085648 -6.322182543575764 4
      vertex 9.330362431704998 -6.227311328053474 4
    endloop
  endfacet
  facet normal 0 0 -1
    outer loop
      vertex 9.222182542085648 -6.322182543575764 0
      vertex 9.330362431704998 6.227311328053474 0
      vertex 9.330362431704998 -6.227311328053474 0
    endloop
  endfacet
  facet normal 0 0 -1
    outer loop
      vertex 9.330362431704998 -6.227311328053474 0
      vertex 9.450000002980232 6.147372059524059 0
      vertex 9.450000002980232 -6.147372059524059 0
    endloop
  endfacet
  facet normal 0 0 -1
    outer loop
      vertex 9.450000002980232 -6.147372059524059 0
      vertex 9.579048223793507 6.083732515573502 0
      vertex 9.579048223793507 -6.083732515573502 0
    endloop
  endfacet
  facet normal 0 0 -1
    outer loop
      vertex 9.579048223793507 -6.083732515573502 0
      vertex 9.715299047529697 6.037481591105461 0
      vertex 9.715299047529697 -6.037481591105461 0
    endloop
  endfacet
  facet normal 0 0 -1
    outer loop
      vertex 9.715299047529697 -6.037481591105461 0
      vertex 9.856421187520027 6.00941064953804 0
      vertex 9.856421187520027 -6.00941064953804 0
    endloop
  endfacet
  facet normal 0 0 -1
    outer loop
      vertex 9.856421187520027 -6.00941064953804 0
      vertex 10 6 0
      vertex 10 -6 0
    endloop
  endfacet
  facet normal 0 0 -1
    outer loop
      vertex 10 -6 0
      vertex 10.143578812479973 6.00941064953804 0
      vertex 10.143578812479973 -6.00941064953804 0
    endloop
  endfacet
  facet normal 0 0 -1
    outer loop
      vertex 10.143578812479973 -6.00941064953804 0
      vertex 10.284700952470303 6.037481591105461 0
      vertex 10.284700952470303 -6.037481591105461 0
    endloop
  endfacet
  facet normal 0 0 -1
    outer loop
      vertex 10.284700952470303 -6.037481591105461 0
      vertex 10.420951776206493 6.083732515573502 0
      vertex 10.420951776206493 -6.083732515573502 0
    endloop
  endfacet
  facet normal 0 0 -1
    outer loop
      vertex 10.549999997019768 -6.147372059524059 0
      vertex 10.420951776206493 -6.083732515573502 0
      vertex 10.549999997019768 6.147372059524059 0
    endloop
  endfacet
  facet normal 0 0 1
    outer loop
      vertex 10 6 4
      vertex 9.330362431704998 -6.227311328053474 4
      vertex 9.450000002980232 -6.147372059524059 4
    endloop
  endfacet
  facet normal 0 0 1
    outer loop
      vertex 10 6 4
      vertex 9.450000002980232 -6.147372059524059 4
      vertex 9.579048223793507 -6.083732515573502 4
    endloop
  endfacet
  facet normal 0 0 1
    outer loop
      vertex 10 6 4
      vertex 9.579048223793507 -6.083732515573502 4
      vertex 9.715299047529697 -6.037481591105461 4
    endloop
  endfacet
  facet normal 0 0 1
    outer loop
      vertex 10 6 4
      vertex 9.715299047529697 -6.037481591105461 4
      vertex 9.856421187520027 -6.00941064953804 4
    endloop
  endfacet
  facet normal 0 0 1
    outer loop
      vertex 10 6 4
      vertex 9.856421187520027 -6.00941064953804 4
      vertex 10 -6 4
    endloop
  endfacet
  facet normal 0 0 1
    outer loop
      vertex 10 6 4
      vertex 10 -6 4
      vertex 10.143578812479973 -6.00941064953804 4
    endloop
  endfacet
  facet normal 0 0 1
    outer loop
      vertex 10.284700952470303 -6.037481591105461 4
      vertex 10.143578812479973 6.00941064953804 4
      vertex 10.143578812479973 -6.00941064953804 4
    endloop
  endfacet
  facet normal 0 0 1
    outer loop
      vertex 10.420951776206493 -6.083732515573502 4
      vertex 10.284700952470303 6.037481591105461 4
      vertex 10.284700952470303 -6.037481591105461 4
    endloop
  endfacet
  facet normal 0 0 1
    outer loop
      vertex 10.420951776206493 -6.083732515573502 4
      vertex 10.549999997019768 -6.147372059524059 4
      vertex 10.420951776206493 6.083732515573502 4
    endloop
  endfacet
  facet normal 0 0 1
    outer loop
      vertex 10.549999997019768 -6.147372059524059 4
      vertex 10.669637568295002 -6.227311328053474 4
      vertex 10.549999997019768 6.147372059524059 4
    endloop
  endfacet
  facet normal 0 0 -1
    outer loop
      vertex 10.872688673436642 -6.4303624257445335 0
      vertex 10.952627941966057 6.549999997019768 0
      vertex 10.952627941966057 -6.549999997019768 0
    endloop
  endfacet
  facet normal 0 0 -1
    outer loop
      vertex 10.952627941966057 -6.549999997019768 0
      vertex 11.016267485916615 6.679048225283623 0
      vertex 11.016267485916615 -6.679048225283623 0
    endloop
  endfacet
  facet normal 0 0 -1
    outer loop
      vertex 11.090589344501495 -6.956421189010143 0
      vertex 11.062518410384655 -6.8152990490198135 0
      vertex 11.090589344501495 6.956421189010143 0
    endloop
  endfacet
  facet normal 0 0 -1
    outer loop
      vertex 11.100000001490116 -7.100000001490116 0
      vertex 11.090589344501495 -6.956421189010143 0
      vertex 11.100000001490116 7.100000001490116 0
    endloop
  endfacet
  facet normal 0 0 -1
    outer loop
      vertex 11.016267485916615 -6.679048225283623 0
      vertex 11.062518410384655 6.8152990490198135 0
      vertex 11.062518410384655 -6.8152990490198135 0
    endloop
  endfacet
  facet normal 0 0 1
    outer loop
      vertex 10.872688673436642 -6.4303624257445335 4
      vertex 10.777817457914352 6.322182543575764 4
      vertex 10.777817457914352 -6.322182543575764 4
    endloop
  endfacet
  facet normal 0 0 1
    outer loop
      vertex 10.952627941966057 -6.549999997019768 4
      vertex 10.872688673436642 6.4303624257445335 4
      vertex 10.872688673436642 -6.4303624257445335 4
    endloop
  endfacet
  facet normal 0 0 1
    outer loop
      vertex 11.016267485916615 -6.679048225283623 4
      vertex 10.952627941966057 6.549999997019768 4
      vertex 10.952627941966057 -6.549999997019768 4
    endloop
  endfacet
  facet normal 0 0 1
    outer loop
      vertex 11.062518410384655 -6.8152990490198135 4
      vertex 11.016267485916615 6.679048225283623 4
      vertex 11.016267485916615 -6.679048225283623 4
    endloop
  endfacet
  facet normal 0 0 1
    outer loop
      vertex 11.090589344501495 -6.956421189010143 4
      vertex 11.062518410384655 6.8152990490198135 4
      vertex 11.062518410384655 -6.8152990490198135 4
    endloop
  endfacet
  facet normal 0 0 1
    outer loop
      vertex 11.090589344501495 -6.956421189010143 4
      vertex 11.100000001490116 -7.100000001490116 4
      vertex 11.090589344501495 6.956421189010143 4
    endloop
  endfacet
  facet normal 0 0 -1
    outer loop
      vertex 10.549999997019768 -6.147372059524059 0
      vertex 10.669637568295002 6.227311328053474 0
      vertex 10.669637568295002 -6.227311328053474 0
    endloop
  endfacet
  facet normal 0 0 -1
    outer loop
      vertex 10.669637568295002 -6.227311328053474 0
      vertex 10.777817457914352 6.322182543575764 0
      vertex 10.777817457914352 -6.322182543575764 0
    endloop
  endfacet
  facet normal 0 0 -1
    outer loop
      vertex 10.777817457914352 -6.322182543575764 0
      vertex 10.872688673436642 6.4303624257445335 0
      vertex 10.872688673436642 -6.4303624257445335 0
    endloop
  endfacet
  facet normal 0 0 1
    outer loop
      vertex 10.777817457914352 -6.322182543575764 4
      vertex 10.669637568295002 6.227311328053474 4
      vertex 10.669637568295002 -6.227311328053474 4
    endloop
  endfacet
  facet normal 0 0 -1
    outer loop
      vertex 15 -17 0
      vertex 15 17 0
      vertex 15.261052384972572 -16.982889719307423 0
    endloop
  endfacet
  facet normal 0 0 -1
    outer loop
      vertex 15.261052384972572 -16.982889719307423 0
      vertex 15.261052384972572 16.982889719307423 0
      vertex 15.517638087272644 -16.931851655244827 0
    endloop
  endfacet
  facet normal 0 0 -1
    outer loop
      vertex 15.517638087272644 -16.931851655244827 0
      vertex 15.517638087272644 16.931851655244827 0
      vertex 15.765366867184639 -16.847759068012238 0
    endloop
  endfacet
  facet normal 0 0 -1
    outer loop
      vertex 15.765366867184639 -16.847759068012238 0
      vertex 15.765366867184639 16.847759068012238 0
      vertex 16 -16.73205080628395 0
    endloop
  endfacet
  facet normal 0 0 1
    outer loop
      vertex 15 -17 4
      vertex 15.261052384972572 -16.982889719307423 4
      vertex 15 17 4
    endloop
  endfacet
  facet normal 0 0 1
    outer loop
      vertex 15.261052384972572 -16.982889719307423 4
      vertex 15.517638087272644 -16.931851655244827 4
      vertex 15.261052384972572 16.982889719307423 4
    endloop
  endfacet
  facet normal 0 0 1
    outer loop
      vertex 15.517638087272644 -16.931851655244827 4
      vertex 15.765366867184639 -16.847759068012238 4
      vertex 15.517638087272644 16.931851655244827 4
    endloop
  endfacet
  facet normal 0 0 1
    outer loop
      vertex 15.765366867184639 -16.847759068012238 4
      vertex 16 -16.73205080628395 4
      vertex 15.765366867184639 16.847759068012238 4
    endloop
  endfacet
  facet normal 0 0 -1
    outer loop
      vertex 16 -16.73205080628395 0
      vertex 16 16.73205080628395 0
      vertex 16.217522859573364 -16.586706683039665 0
    endloop
  endfacet
  facet normal 0 0 -1
    outer loop
      vertex 16.217522859573364 -16.586706683039665 0
      vertex 16.217522859573364 16.586706683039665 0
      vertex 16.414213560521603 -16.414213560521603 0
    endloop
  endfacet
  facet normal 0 0 -1
    outer loop
      vertex 16.414213560521603 -16.414213560521603 0
      vertex 16.414213560521603 16.414213560521603 0
      vertex 16.586706683039665 -16.217522859573364 0
    endloop
  endfacet
  facet normal 0 0 -1
    outer loop
      vertex 16.586706683039665 -16.217522859573364 0
      vertex 16.586706683039665 16.217522859573364 0
      vertex 16.73205080628395 -16 0
    endloop
  endfacet
  facet normal 0 0 1
    outer loop
      vertex 16 -16.73205080628395 4
      vertex 16.217522859573364 -16.586706683039665 4
      vertex 16 16.73205080628395 4
    endloop
  endfacet
  facet normal 0 0 1
    outer loop
      vertex 16.217522859573364 -16.586706683039665 4
      vertex 16.414213560521603 -16.414213560521603 4
      vertex 16.217522859573364 16.586706683039665 4
    endloop
  endfacet
  facet normal 0 0 1
    outer loop
      vertex 16.414213560521603 -16.414213560521603 4
      vertex 16.586706683039665 -16.217522859573364 4
      vertex 16.414213560521603 16.414213560521603 4
    endloop
  endfacet
  facet normal 0 0 1
    outer loop
      vertex 16.586706683039665 -16.217522859573364 4
      vertex 16.73205080628395 -16 4
      vertex 16.586706683039665 16.217522859573364 4
    endloop
  endfacet
  facet normal 0 0 -1
    outer loop
      vertex 16.73205080628395 -16 0
      vertex 16.73205080628395 16 0
      vertex 16.847759068012238 -15.765366867184639 0
    endloop
  endfacet
  facet normal 0 0 -1
    outer loop
      vertex 16.847759068012238 -15.765366867184639 0
      vertex 16.847759068012238 15.765366867184639 0
      vertex 16.931851655244827 -15.517638087272644 0
    endloop
  endfacet
  facet normal 0 0 -1
    outer loop
      vertex 16.931851655244827 -15.517638087272644 0
      vertex 16.931851655244827 15.517638087272644 0
      vertex 16.982889719307423 -15.261052384972572 0
    endloop
  endfacet
  facet normal 0 0 -1
    outer loop
      vertex 16.982889719307423 -15.261052384972572 0
      vertex 16.982889719307423 15.261052384972572 0
      vertex 17 -15 0
    endloop
  endfacet
  facet normal 1 0 0
    outer loop
      vertex 17 -15 0
      vertex 17 15 0
      vertex 17 -15 4
    endloop
  endfacet
  facet normal 0 0 1
    outer loop
      vertex 16.73205080628395 -16 4
      vertex 16.847759068012238 -15.765366867184639 4
      vertex 16.73205080628395 16 4
    endloop
  endfacet
  facet normal 0 0 1
    outer loop
      vertex 16.847759068012238 -15.765366867184639 4
      vertex 16.931851655244827 -15.517638087272644 4
      vertex 16.847759068012238 15.765366867184639 4
    endloop
  endfacet
  facet normal 0 0 1
    outer loop
      vertex 16.931851655244827 -15.517638087272644 4
      vertex 16.982889719307423 -15.261052384972572 4
      vertex 16.931851655244827 15.517638087272644 4
    endloop
  endfacet
  facet normal 0 0 1
    outer loop
      vertex 16.982889719307423 -15.261052384972572 4
      vertex 17 -15 4
      vertex 16.982889719307423 15.261052384972572 4
    endloop
  endfacet
  facet normal 0 0 -1
    outer loop
      vertex 15 -17 0
      vertex 11.100000001490116 -7.100000001490116 0
      vertex 15 17 0
    endloop
  endfacet
  facet normal 0 0 -1
    outer loop
      vertex -8.899999998509884 12.899999998509884 0
      vertex 8.909410655498505 6.956421189010143 0
      vertex 8.899999998509884 -7.100000001490116 0
    endloop
  endfacet
  facet normal 0 0 1
    outer loop
      vertex 5 -5 4
      vertex 9.579048223793507 6.083732515573502 4
      vertex 5 5 4
    endloop
  endfacet
  facet normal 0 0 1
    outer loop
      vertex 5 -5 4
      vertex 9.715299047529697 6.037481591105461 4
      vertex 9.579048223793507 6.083732515573502 4
    endloop
  endfacet
  facet normal 0 0 1
    outer loop
      vertex 5 -5 4
      vertex 9.856421187520027 6.00941064953804 4
      vertex 9.715299047529697 6.037481591105461 4
    endloop
  endfacet
  facet normal 0 0 1
    outer loop
      vertex 5 -5 4
      vertex 10 6 4
      vertex 9.856421187520027 6.00941064953804 4
    endloop
  endfacet
  facet normal 0 0 1
    outer loop
      vertex 5 5 4
      vertex 9.450000002980232 6.147372059524059 4
      vertex 9.330362431704998 6.227311328053474 4
    endloop
  endfacet
  facet normal 0 0 1
    outer loop
      vertex 5 5 4
      vertex 9.047372058033943 6.549999997019768 4
      vertex 8.983732514083385 6.679048225283623 4
    endloop
  endfacet
  facet normal 0 0 1
    outer loop
      vertex 5 5 4
      vertex 8.983732514083385 6.679048225283623 4
      vertex 8.937481589615345 6.8152990490198135 4
    endloop
  endfacet
  facet normal 0 0 1
    outer loop
      vertex 5 5 4
      vertex 8.937481589615345 6.8152990490198135 4
      vertex 8.909410655498505 6.956421189010143 4
    endloop
  endfacet
  facet normal 0 0 1
    outer loop
      vertex 5 5 4
      vertex 8.909410655498505 6.956421189010143 4
      vertex 8.899999998509884 7.100000001490116 4
    endloop
  endfacet
  facet normal 0 0 1
    outer loop
      vertex 5 5 4
      vertex 9.222182542085648 6.322182543575764 4
      vertex 9.127311326563358 6.4303624257445335 4
    endloop
  endfacet
  facet normal 0 0 1
    outer loop
      vertex 5 5 4
      vertex 9.127311326563358 6.4303624257445335 4
      vertex 9.047372058033943 6.549999997019768 4
    endloop
  endfacet
  facet normal 0 0 1
    outer loop
      vertex 5 5 4
      vertex 9.330362431704998 6.227311328053474 4
      vertex 9.222182542085648 6.322182543575764 4
    endloop
  endfacet
  facet normal 0 0 1
    outer loop
      vertex 5 5 4
      vertex 9.579048223793507 6.083732515573502 4
      vertex 9.450000002980232 6.147372059524059 4
    endloop
  endfacet
  facet normal 0 0 1
    outer loop
      vertex 5 5 4
      vertex 8.899999998509884 7.100000001490116 4
      vertex 8.899999998509884 12.899999998509884 4
    endloop
  endfacet
  facet normal 0 0 1
    outer loop
      vertex 5 5 4
      vertex 8.899999998509884 12.899999998509884 4
      vertex -8.983732514083385 13.320951774716377 4
    endloop
  endfacet
  facet normal 0 0 -1
    outer loop
      vertex -8.899999998509884 12.899999998509884 0
      vertex 8.899999998509884 7.100000001490116 0
      vertex 8.909410655498505 6.956421189010143 0
    endloop
  endfacet
  facet normal 0 0 -1
    outer loop
      vertex -8.899999998509884 12.899999998509884 0
      vertex 8.899999998509884 12.899999998509884 0
      vertex 8.899999998509884 7.100000001490116 0
    endloop
  endfacet
  facet normal 0 0 -1
    outer loop
      vertex -8.909410655498505 13.043578810989857 0
      vertex 8.909410655498505 13.043578810989857 0
      vertex 8.899999998509884 12.899999998509884 0
    endloop
  endfacet
  facet normal 0 0 -1
    outer loop
      vertex -8.937481589615345 13.184700950980186 0
      vertex 8.937481589615345 13.184700950980186 0
      vertex 8.909410655498505 13.043578810989857 0
    endloop
  endfacet
  facet normal 0 0 -1
    outer loop
      vertex -8.983732514083385 13.320951774716377 0
      vertex 8.983732514083385 13.320951774716377 0
      vertex 8.937481589615345 13.184700950980186 0
    endloop
  endfacet
  facet normal 0 0 -1
    outer loop
      vertex -9.047372058033943 13.450000002980232 0
      vertex 9.047372058033943 13.450000002980232 0
      vertex 8.983732514083385 13.320951774716377 0
    endloop
  endfacet
  facet normal 0 0 -1
    outer loop
      vertex -9.127311326563358 13.569637574255466 0
      vertex 9.127311326563358 13.569637574255466 0
      vertex 9.047372058033943 13.450000002980232 0
    endloop
  endfacet
  facet normal 0 0 -1
    outer loop
      vertex -9.222182542085648 13.677817456424236 0
      vertex 9.222182542085648 13.677817456424236 0
      vertex 9.127311326563358 13.569637574255466 0
    endloop
  endfacet
  facet normal 0 0 -1
    outer loop
      vertex -9.222182542085648 13.677817456424236 0
      vertex 9.330362431704998 13.772688671946526 0
      vertex 9.222182542085648 13.677817456424236 0
    endloop
  endfacet
  facet normal 0 0 -1
    outer loop
      vertex -9.222182542085648 13.677817456424236 0
      vertex 9.450000002980232 13.85262794047594 0
      vertex 9.330362431704998 13.772688671946526 0
    endloop
  endfacet
  facet normal 0 0 1
    outer loop
      vertex -8.983732514083385 13.320951774716377 4
      vertex 8.899999998509884 12.899999998509884 4
      vertex 8.909410655498505 13.043578810989857 4
    endloop
  endfacet
  facet normal 0 0 1
    outer loop
      vertex -8.983732514083385 13.320951774716377 4
      vertex 8.909410655498505 13.043578810989857 4
      vertex 8.937481589615345 13.184700950980186 4
    endloop
  endfacet
  facet normal 0 0 1
    outer loop
      vertex -8.983732514083385 13.320951774716377 4
      vertex 8.937481589615345 13.184700950980186 4
      vertex 8.983732514083385 13.320951774716377 4
    endloop
  endfacet
  facet normal 0 0 1
    outer loop
      vertex -8.983732514083385 13.320951774716377 4
      vertex 8.983732514083385 13.320951774716377 4
      vertex 9.047372058033943 13.450000002980232 4
    endloop
  endfacet
  facet normal 0 0 1
    outer loop
      vertex -9.047372058033943 13.450000002980232 4
      vertex 9.047372058033943 13.450000002980232 4
      vertex 9.127311326563358 13.569637574255466 4
    endloop
  endfacet
  facet normal 0 0 1
    outer loop
      vertex -9.127311326563358 13.569637574255466 4
      vertex 9.127311326563358 13.569637574255466 4
      vertex 9.222182542085648 13.677817456424236 4
    endloop
  endfacet
  facet normal 0 0 1
    outer loop
      vertex -9.222182542085648 13.677817456424236 4
      vertex 9.222182542085648 13.677817456424236 4
      vertex 9.330362431704998 13.772688671946526 4
    endloop
  endfacet
  facet normal 0 0 1
    outer loop
      vertex -9.222182542085648 13.677817456424236 4
      vertex 9.330362431704998 13.772688671946526 4
      vertex 9.450000002980232 13.85262794047594 4
    endloop
  endfacet
  facet normal 0 0 1
    outer loop
      vertex -9.222182542085648 13.677817456424236 4
      vertex 9.450000002980232 13.85262794047594 4
      vertex 9.579048223793507 13.916267484426498 4
    endloop
  endfacet
  facet normal 0 0 1
    outer loop
      vertex -9.222182542085648 13.677817456424236 4
      vertex 9.579048223793507 13.916267484426498 4
      vertex 9.715299047529697 13.962518408894539 4
    endloop
  endfacet
  facet normal 0 0 1
    outer loop
      vertex -9.222182542085648 13.677817456424236 4
      vertex 9.715299047529697 13.962518408894539 4
      vertex 9.856421187520027 13.99058935046196 4
    endloop
  endfacet
  facet normal 0 0 1
    outer loop
      vertex -9.222182542085648 13.677817456424236 4
      vertex 9.856421187520027 13.99058935046196 4
      vertex 10 14 4
    endloop
  endfacet
  facet normal 0 0 -1
    outer loop
      vertex 15 17 0
      vertex 9.450000002980232 13.85262794047594 0
      vertex -9.222182542085648 13.677817456424236 0
    endloop
  endfacet
  facet normal 0 0 1
    outer loop
      vertex 15 17 4
      vertex -9.222182542085648 13.677817456424236 4
      vertex 10 14 4
    endloop
  endfacet
  facet normal 0 1 0
    outer loop
      vertex -15 17 0
      vertex 15 17 4
      vertex 15 17 0
    endloop
  endfacet
  facet normal 0 0 -1
    outer loop
      vertex 9.127311326563358 -6.4303624257445335 0
      vertex 9.127311326563358 6.4303624257445335 0
      vertex 9.222182542085648 6.322182543575764 0
    endloop
  endfacet
  facet normal 0 0 -1
    outer loop
      vertex 9.222182542085648 -6.322182543575764 0
      vertex 9.222182542085648 6.322182543575764 0
      vertex 9.330362431704998 6.227311328053474 0
    endloop
  endfacet
  facet normal 0 0 -1
    outer loop
      vertex 9.330362431704998 -6.227311328053474 0
      vertex 9.330362431704998 6.227311328053474 0
      vertex 9.450000002980232 6.147372059524059 0
    endloop
  endfacet
  facet normal 0 0 -1
    outer loop
      vertex 9.450000002980232 -6.147372059524059 0
      vertex 9.450000002980232 6.147372059524059 0
      vertex 9.579048223793507 6.083732515573502 0
    endloop
  endfacet
  facet normal 0 0 -1
    outer loop
      vertex 9.579048223793507 -6.083732515573502 0
      vertex 9.579048223793507 6.083732515573502 0
      vertex 9.715299047529697 6.037481591105461 0
    endloop
  endfacet
  facet normal 0 0 -1
    outer loop
      vertex 9.715299047529697 -6.037481591105461 0
      vertex 9.715299047529697 6.037481591105461 0
      vertex 9.856421187520027 6.00941064953804 0
    endloop
  endfacet
  facet normal 0 0 -1
    outer loop
      vertex 9.856421187520027 -6.00941064953804 0
      vertex 9.856421187520027 6.00941064953804 0
      vertex 10 6 0
    endloop
  endfacet
  facet normal 0 0 -1
    outer loop
      vertex 10 -6 0
      vertex 10 6 0
      vertex 10.143578812479973 6.00941064953804 0
    endloop
  endfacet
  facet normal 0 0 -1
    outer loop
      vertex 10.143578812479973 -6.00941064953804 0
      vertex 10.143578812479973 6.00941064953804 0
      vertex 10.284700952470303 6.037481591105461 0
    endloop
  endfacet
  facet normal 0 0 -1
    outer loop
      vertex 10.284700952470303 -6.037481591105461 0
      vertex 10.284700952470303 6.037481591105461 0
      vertex 10.420951776206493 6.083732515573502 0
    endloop
  endfacet
  facet normal 0 0 -1
    outer loop
      vertex 10.420951776206493 -6.083732515573502 0
      vertex 10.420951776206493 6.083732515573502 0
      vertex 10.549999997019768 6.147372059524059 0
    endloop
  endfacet
  facet normal 0 0 -1
    outer loop
      vertex 10.549999997019768 -6.147372059524059 0
      vertex 10.549999997019768 6.147372059524059 0
      vertex 10.669637568295002 6.227311328053474 0
    endloop
  endfacet
  facet normal 0 0 1
    outer loop
      vertex 10.143578812479973 -6.00941064953804 4
      vertex 10.143578812479973 6.00941064953804 4
      vertex 10 6 4
    endloop
  endfacet
  facet normal 0 0 1
    outer loop
      vertex 10.284700952470303 -6.037481591105461 4
      vertex 10.284700952470303 6.037481591105461 4
      vertex 10.143578812479973 6.00941064953804 4
    endloop
  endfacet
  facet normal 0 0 1
    outer loop
      vertex 10.420951776206493 -6.083732515573502 4
      vertex 10.420951776206493 6.083732515573502 4
      vertex 10.284700952470303 6.037481591105461 4
    endloop
  endfacet
  facet normal 0 0 1
    outer loop
      vertex 10.549999997019768 -6.147372059524059 4
      vertex 10.549999997019768 6.147372059524059 4
      vertex 10.420951776206493 6.083732515573502 4
    endloop
  endfacet
  facet normal 0 0 -1
    outer loop
      vertex 8.937481589615345 -6.8152990490198135 0
      vertex 8.937481589615345 6.8152990490198135 0
      vertex 8.983732514083385 6.679048225283623 0
    endloop
  endfacet
  facet normal 0 0 -1
    outer loop
      vertex 8.983732514083385 -6.679048225283623 0
      vertex 8.983732514083385 6.679048225283623 0
      vertex 9.047372058033943 6.549999997019768 0
    endloop
  endfacet
  facet normal 0 0 -1
    outer loop
      vertex 8.909410655498505 -6.956421189010143 0
      vertex 8.909410655498505 6.956421189010143 0
      vertex 8.937481589615345 6.8152990490198135 0
    endloop
  endfacet
  facet normal 0 0 -1
    outer loop
      vertex 9.047372058033943 -6.549999997019768 0
      vertex 9.047372058033943 6.549999997019768 0
      vertex 9.127311326563358 6.4303624257445335 0
    endloop
  endfacet
  facet normal 0 0 -1
    outer loop
      vertex 10.669637568295002 -6.227311328053474 0
      vertex 10.669637568295002 6.227311328053474 0
      vertex 10.777817457914352 6.322182543575764 0
    endloop
  endfacet
  facet normal 0 0 1
    outer loop
      vertex 10.669637568295002 -6.227311328053474 4
      vertex 10.669637568295002 6.227311328053474 4
      vertex 10.549999997019768 6.147372059524059 4
    endloop
  endfacet
  facet normal 0 0 1
    outer loop
      vertex 10.777817457914352 -6.322182543575764 4
      vertex 10.777817457914352 6.322182543575764 4
      vertex 10.669637568295002 6.227311328053474 4
    endloop
  endfacet
  facet normal 0 0 1
    outer loop
      vertex 10.872688673436642 -6.4303624257445335 4
      vertex 10.872688673436642 6.4303624257445335 4
      vertex 10.777817457914352 6.322182543575764 4
    endloop
  endfacet
  facet normal 0 0 -1
    outer loop
      vertex 10.777817457914352 -6.322182543575764 0
      vertex 10.777817457914352 6.322182543575764 0
      vertex 10.872688673436642 6.4303624257445335 0
    endloop
  endfacet
  facet normal 0 0 -1
    outer loop
      vertex 10.872688673436642 -6.4303624257445335 0
      vertex 10.872688673436642 6.4303624257445335 0
      vertex 10.952627941966057 6.549999997019768 0
    endloop
  endfacet
  facet normal 0 0 -1
    outer loop
      vertex 10.952627941966057 -6.549999997019768 0
      vertex 10.952627941966057 6.549999997019768 0
      vertex 11.016267485916615 6.679048225283623 0
    endloop
  endfacet
  facet normal 0 0 -1
    outer loop
      vertex 11.016267485916615 -6.679048225283623 0
      vertex 11.016267485916615 6.679048225283623 0
      vertex 11.062518410384655 6.8152990490198135 0
    endloop
  endfacet
  facet normal 0 0 -1
    outer loop
      vertex 11.062518410384655 -6.8152990490198135 0
      vertex 11.062518410384655 6.8152990490198135 0
      vertex 11.090589344501495 6.956421189010143 0
    endloop
  endfacet
  facet normal 0 0 -1
    outer loop
      vertex 11.090589344501495 -6.956421189010143 0
      vertex 11.090589344501495 6.956421189010143 0
      vertex 11.100000001490116 7.100000001490116 0
    endloop
  endfacet
  facet normal 0 0 1
    outer loop
      vertex 10.952627941966057 -6.549999997019768 4
      vertex 10.952627941966057 6.549999997019768 4
      vertex 10.872688673436642 6.4303624257445335 4
    endloop
  endfacet
  facet normal 0 0 1
    outer loop
      vertex 11.016267485916615 -6.679048225283623 4
      vertex 11.016267485916615 6.679048225283623 4
      vertex 10.952627941966057 6.549999997019768 4
    endloop
  endfacet
  facet normal 0 0 1
    outer loop
      vertex 11.062518410384655 -6.8152990490198135 4
      vertex 11.062518410384655 6.8152990490198135 4
      vertex 11.016267485916615 6.679048225283623 4
    endloop
  endfacet
  facet normal 0 0 1
    outer loop
      vertex 11.090589344501495 -6.956421189010143 4
      vertex 11.090589344501495 6.956421189010143 4
      vertex 11.062518410384655 6.8152990490198135 4
    endloop
  endfacet
  facet normal 0 0 1
    outer loop
      vertex 11.100000001490116 -7.100000001490116 4
      vertex 11.100000001490116 7.100000001490116 4
      vertex 11.090589344501495 6.956421189010143 4
    endloop
  endfacet
  facet normal 0 0 -1
    outer loop
      vertex 15 17 0
      vertex 11.100000001490116 -7.100000001490116 0
      vertex 11.100000001490116 7.100000001490116 0
    endloop
  endfacet
  facet normal 0 0 1
    outer loop
      vertex 15 -17 4
      vertex 15 17 4
      vertex 11.100000001490116 7.100000001490116 4
    endloop
  endfacet
  facet normal 0 0 -1
    outer loop
      vertex 15.261052384972572 -16.982889719307423 0
      vertex 15 17 0
      vertex 15.261052384972572 16.982889719307423 0
    endloop
  endfacet
  facet normal 0 0 -1
    outer loop
      vertex 15.517638087272644 -16.931851655244827 0
      vertex 15.261052384972572 16.982889719307423 0
      vertex 15.517638087272644 16.931851655244827 0
    endloop
  endfacet
  facet normal 0 0 -1
    outer loop
      vertex 15.765366867184639 -16.847759068012238 0
      vertex 15.517638087272644 16.931851655244827 0
      vertex 15.765366867184639 16.847759068012238 0
    endloop
  endfacet
  facet normal 0 0 -1
    outer loop
      vertex 16 -16.73205080628395 0
      vertex 15.765366867184639 16.847759068012238 0
      vertex 16 16.73205080628395 0
    endloop
  endfacet
  facet normal 0 0 1
    outer loop
      vertex 15.261052384972572 -16.982889719307423 4
      vertex 15.261052384972572 16.982889719307423 4
      vertex 15 17 4
    endloop
  endfacet
  facet normal 0 0 1
    outer loop
      vertex 15.517638087272644 -16.931851655244827 4
      vertex 15.517638087272644 16.931851655244827 4
      vertex 15.261052384972572 16.982889719307423 4
    endloop
  endfacet
  facet normal 0 0 1
    outer loop
      vertex 15.765366867184639 -16.847759068012238 4
      vertex 15.765366867184639 16.847759068012238 4
      vertex 15.517638087272644 16.931851655244827 4
    endloop
  endfacet
  facet normal 0 0 1
    outer loop
      vertex 16 -16.73205080628395 4
      vertex 16 16.73205080628395 4
      vertex 15.765366867184639 16.847759068012238 4
    endloop
  endfacet
  facet normal 0 0 -1
    outer loop
      vertex 17 -15 0
      vertex 16.982889719307423 15.261052384972572 0
      vertex 17 15 0
    endloop
  endfacet
  facet normal 0 0 -1
    outer loop
      vertex 16.982889719307423 -15.261052384972572 0
      vertex 16.931851655244827 15.517638087272644 0
      vertex 16.982889719307423 15.261052384972572 0
    endloop
  endfacet
  facet normal 0 0 -1
    outer loop
      vertex 16.931851655244827 -15.517638087272644 0
      vertex 16.847759068012238 15.765366867184639 0
      vertex 16.931851655244827 15.517638087272644 0
    endloop
  endfacet
  facet normal 1 0 0
    outer loop
      vertex 17 -15 4
      vertex 17 15 0
      vertex 17 15 4
    endloop
  endfacet
  facet normal 0 0 1
    outer loop
      vertex 17 -15 4
      vertex 17 15 4
      vertex 16.982889719307423 15.261052384972572 4
    endloop
  endfacet
  facet normal 0 0 1
    outer loop
      vertex 16.982889719307423 -15.261052384972572 4
      vertex 16.982889719307423 15.261052384972572 4
      vertex 16.931851655244827 15.517638087272644 4
    endloop
  endfacet
  facet normal 0 0 1
    outer loop
      vertex 16.931851655244827 -15.517638087272644 4
      vertex 16.931851655244827 15.517638087272644 4
      vertex 16.847759068012238 15.765366867184639 4
    endloop
  endfacet
  facet normal 0 0 -1
    outer loop
      vertex 16.217522859573364 -16.586706683039665 0
      vertex 16 16.73205080628395 0
      vertex 16.217522859573364 16.586706683039665 0
    endloop
  endfacet
  facet normal 0 0 -1
    outer loop
      vertex 16.414213560521603 -16.414213560521603 0
      vertex 16.217522859573364 16.586706683039665 0
      vertex 16.414213560521603 16.414213560521603 0
    endloop
  endfacet
  facet normal 0 0 -1
    outer loop
      vertex 16.586706683039665 -16.217522859573364 0
      vertex 16.414213560521603 16.414213560521603 0
      vertex 16.586706683039665 16.217522859573364 0
    endloop
  endfacet
  facet normal 0 0 -1
    outer loop
      vertex 16.73205080628395 -16 0
      vertex 16.586706683039665 16.217522859573364 0
      vertex 16.73205080628395 16 0
    endloop
  endfacet
  facet normal 0 0 -1
    outer loop
      vertex 16.847759068012238 -15.765366867184639 0
      vertex 16.73205080628395 16 0
      vertex 16.847759068012238 15.765366867184639 0
    endloop
  endfacet
  facet normal 0 0 1
    outer loop
      vertex 16.217522859573364 -16.586706683039665 4
      vertex 16.217522859573364 16.586706683039665 4
      vertex 16 16.73205080628395 4
    endloop
  endfacet
  facet normal 0 0 1
    outer loop
      vertex 16.414213560521603 -16.414213560521603 4
      vertex 16.414213560521603 16.414213560521603 4
      vertex 16.217522859573364 16.586706683039665 4
    endloop
  endfacet
  facet normal 0 0 1
    outer loop
      vertex 16.586706683039665 -16.217522859573364 4
      vertex 16.586706683039665 16.217522859573364 4
      vertex 16.414213560521603 16.414213560521603 4
    endloop
  endfacet
  facet normal 0 0 1
    outer loop
      vertex 16.73205080628395 -16 4
      vertex 16.73205080628395 16 4
      vertex 16.586706683039665 16.217522859573364 4
    endloop
  endfacet
  facet normal 0 0 1
    outer loop
      vertex 16.847759068012238 -15.765366867184639 4
      vertex 16.847759068012238 15.765366867184639 4
      vertex 16.73205080628395 16 4
    endloop
  endfacet
  facet normal 0 0 -1
    outer loop
      vertex 15 17 0
      vertex 11.100000001490116 7.100000001490116 0
      vertex 11.100000001490116 12.899999998509884 0
    endloop
  endfacet
  facet normal 0 0 1
    outer loop
      vertex 15 17 4
      vertex 11.100000001490116 12.899999998509884 4
      vertex 11.100000001490116 7.100000001490116 4
    endloop
  endfacet
  facet normal 0 0 -1
    outer loop
      vertex 15 17 0
      vertex 10.777817457914352 13.677817456424236 0
      vertex 10.669637568295002 13.772688671946526 0
    endloop
  endfacet
  facet normal 0 0 -1
    outer loop
      vertex 15 17 0
      vertex 10.872688673436642 13.569637574255466 0
      vertex 10.777817457914352 13.677817456424236 0
    endloop
  endfacet
  facet normal 0 0 -1
    outer loop
      vertex 15 17 0
      vertex 11.100000001490116 12.899999998509884 0
      vertex 11.090589344501495 13.043578810989857 0
    endloop
  endfacet
  facet normal 0 0 -1
    outer loop
      vertex 15 17 0
      vertex 11.016267485916615 13.320951774716377 0
      vertex 10.952627941966057 13.450000002980232 0
    endloop
  endfacet
  facet normal 0 0 -1
    outer loop
      vertex 15 17 0
      vertex 11.090589344501495 13.043578810989857 0
      vertex 11.062518410384655 13.184700950980186 0
    endloop
  endfacet
  facet normal 0 0 -1
    outer loop
      vertex 15 17 0
      vertex 11.062518410384655 13.184700950980186 0
      vertex 11.016267485916615 13.320951774716377 0
    endloop
  endfacet
  facet normal 0 0 -1
    outer loop
      vertex 15 17 0
      vertex 10.952627941966057 13.450000002980232 0
      vertex 10.872688673436642 13.569637574255466 0
    endloop
  endfacet
  facet normal 0 0 1
    outer loop
      vertex 15 17 4
      vertex 10.669637568295002 13.772688671946526 4
      vertex 10.777817457914352 13.677817456424236 4
    endloop
  endfacet
  facet normal 0 0 1
    outer loop
      vertex 15 17 4
      vertex 10.777817457914352 13.677817456424236 4
      vertex 10.872688673436642 13.569637574255466 4
    endloop
  endfacet
  facet normal 0 0 1
    outer loop
      vertex 15 17 4
      vertex 11.090589344501495 13.043578810989857 4
      vertex 11.100000001490116 12.899999998509884 4
    endloop
  endfacet
  facet normal 0 0 1
    outer loop
      vertex 15 17 4
      vertex 10.952627941966057 13.450000002980232 4
      vertex 11.016267485916615 13.320951774716377 4
    endloop
  endfacet
  facet normal 0 0 1
    outer loop
      vertex 15 17 4
      vertex 11.062518410384655 13.184700950980186 4
      vertex 11.090589344501495 13.043578810989857 4
    endloop
  endfacet
  facet normal 0 0 1
    outer loop
      vertex 15 17 4
      vertex 11.016267485916615 13.320951774716377 4
      vertex 11.062518410384655 13.184700950980186 4
    endloop
  endfacet
  facet normal 0 0 1
    outer loop
      vertex 15 17 4
      vertex 10.872688673436642 13.569637574255466 4
      vertex 10.952627941966057 13.450000002980232 4
    endloop
  endfacet
  facet normal 0 0 -1
    outer loop
      vertex 15 17 0
      vertex 9.579048223793507 13.916267484426498 0
      vertex 9.450000002980232 13.85262794047594 0
    endloop
  endfacet
  facet normal 0 0 -1
    outer loop
      vertex 15 17 0
      vertex 9.715299047529697 13.962518408894539 0
      vertex 9.579048223793507 13.916267484426498 0
    endloop
  endfacet
  facet normal 0 0 -1
    outer loop
      vertex 15 17 0
      vertex 9.856421187520027 13.99058935046196 0
      vertex 9.715299047529697 13.962518408894539 0
    endloop
  endfacet
  facet normal 0 0 -1
    outer loop
      vertex 15 17 0
      vertex 10 14 0
      vertex 9.856421187520027 13.99058935046196 0
    endloop
  endfacet
  facet normal 0 0 -1
    outer loop
      vertex 15 17 0
      vertex 10.143578812479973 13.99058935046196 0
      vertex 10 14 0
    endloop
  endfacet
  facet normal 0 0 -1
    outer loop
      vertex 15 17 0
      vertex 10.284700952470303 13.962518408894539 0
      vertex 10.143578812479973 13.99058935046196 0
    endloop
  endfacet
  facet normal 0 0 -1
    outer loop
      vertex 15 17 0
      vertex 10.420951776206493 13.916267484426498 0
      vertex 10.284700952470303 13.962518408894539 0
    endloop
  endfacet
  facet normal 0 0 -1
    outer loop
      vertex 15 17 0
      vertex 10.549999997019768 13.85262794047594 0
      vertex 10.420951776206493 13.916267484426498 0
    endloop
  endfacet
  facet normal 0 0 -1
    outer loop
      vertex 15 17 0
      vertex 10.669637568295002 13.772688671946526 0
      vertex 10.549999997019768 13.85262794047594 0
    endloop
  endfacet
  facet normal 0 0 1
    outer loop
      vertex 15 17 4
      vertex 10 14 4
      vertex 10.143578812479973 13.99058935046196 4
    endloop
  endfacet
  facet normal 0 0 1
    outer loop
      vertex 15 17 4
      vertex 10.143578812479973 13.99058935046196 4
      vertex 10.284700952470303 13.962518408894539 4
    endloop
  endfacet
  facet normal 0 0 1
    outer loop
      vertex 15 17 4
      vertex 10.284700952470303 13.962518408894539 4
      vertex 10.420951776206493 13.916267484426498 4
    endloop
  endfacet
  facet normal 0 0 1
    outer loop
      vertex 15 17 4
      vertex 10.420951776206493 13.916267484426498 4
      vertex 10.549999997019768 13.85262794047594 4
    endloop
  endfacet
  facet normal 0 0 1
    outer loop
      vertex 15 17 4
      vertex 10.549999997019768 13.85262794047594 4
      vertex 10.669637568295002 13.772688671946526 4
    endloop
  endfacet
  facet normal 0.06540314219103631 0.9978589223891017 0
    outer loop
      vertex 15 17 0
      vertex 15.261052384972572 16.982889719307423 4
      vertex 15.261052384972572 16.982889719307423 0
    endloop
  endfacet
  facet normal 0.06540314219103631 0.9978589223891017 0
    outer loop
      vertex 15 17 0
      vertex 15 17 4
      vertex 15.261052384972572 16.982889719307423 4
    endloop
  endfacet
  facet normal 0.19509030209549946 0.9807852843656897 0
    outer loop
      vertex 15.261052384972572 16.982889719307423 0
      vertex 15.261052384972572 16.982889719307423 4
      vertex 15.517638087272644 16.931851655244827 4
    endloop
  endfacet
  facet normal 0.19509030209549946 0.9807852843656897 0
    outer loop
      vertex 15.261052384972572 16.982889719307423 0
      vertex 15.517638087272644 16.931851655244827 4
      vertex 15.517638087272644 16.931851655244827 0
    endloop
  endfacet
  facet normal 0.32143945792867507 0.9469301319984066 0
    outer loop
      vertex 15.517638087272644 16.931851655244827 0
      vertex 15.765366867184639 16.847759068012238 4
      vertex 15.765366867184639 16.847759068012238 0
    endloop
  endfacet
  facet normal 0.4422887070837332 0.8968727332159228 0
    outer loop
      vertex 15.765366867184639 16.847759068012238 0
      vertex 16 16.73205080628395 4
      vertex 16 16.73205080628395 0
    endloop
  endfacet
  facet normal 0.32143945792867507 0.9469301319984066 0
    outer loop
      vertex 15.517638087272644 16.931851655244827 0
      vertex 15.517638087272644 16.931851655244827 4
      vertex 15.765366867184639 16.847759068012238 4
    endloop
  endfacet
  facet normal 0.4422887070837332 0.8968727332159228 0
    outer loop
      vertex 15.765366867184639 16.847759068012238 0
      vertex 15.765366867184639 16.847759068012238 4
      vertex 16 16.73205080628395 4
    endloop
  endfacet
  facet normal 0.9978589223891017 0.06540314219103631 0
    outer loop
      vertex 17 15 0
      vertex 16.982889719307423 15.261052384972572 0
      vertex 17 15 4
    endloop
  endfacet
  facet normal 0.9807852843656897 0.19509030209549946 0
    outer loop
      vertex 16.982889719307423 15.261052384972572 0
      vertex 16.931851655244827 15.517638087272644 0
      vertex 16.982889719307423 15.261052384972572 4
    endloop
  endfacet
  facet normal 0.9978589223891017 0.06540314219103631 0
    outer loop
      vertex 16.982889719307423 15.261052384972572 0
      vertex 16.982889719307423 15.261052384972572 4
      vertex 17 15 4
    endloop
  endfacet
  facet normal 0.9469301319984066 0.32143945792867507 0
    outer loop
      vertex 16.931851655244827 15.517638087272644 0
      vertex 16.847759068012238 15.765366867184639 0
      vertex 16.931851655244827 15.517638087272644 4
    endloop
  endfacet
  facet normal 0.8968727332159228 0.4422887070837332 0
    outer loop
      vertex 16.847759068012238 15.765366867184639 0
      vertex 16.73205080628395 16 0
      vertex 16.847759068012238 15.765366867184639 4
    endloop
  endfacet
  facet normal 0.9807852843656897 0.19509030209549946 0
    outer loop
      vertex 16.931851655244827 15.517638087272644 0
      vertex 16.931851655244827 15.517638087272644 4
      vertex 16.982889719307423 15.261052384972572 4
    endloop
  endfacet
  facet normal 0.8968727332159228 0.4422887070837332 0
    outer loop
      vertex 16.847759068012238 15.765366867184639 4
      vertex 16.73205080628395 16 0
      vertex 16.73205080628395 16 4
    endloop
  endfacet
  facet normal 0.9469301319984066 0.32143945792867507 0
    outer loop
      vertex 16.847759068012238 15.765366867184639 0
      vertex 16.847759068012238 15.765366867184639 4
      vertex 16.931851655244827 15.517638087272644 4
    endloop
  endfacet
  facet normal 0.5555702203832522 0.8314696207458844 0
    outer loop
      vertex 16 16.73205080628395 0
      vertex 16.217522859573364 16.586706683039665 4
      vertex 16.217522859573364 16.586706683039665 0
    endloop
  endfacet
  facet normal 0.6593458308664175 0.7518397936522605 0
    outer loop
      vertex 16.414213560521603 16.414213560521603 0
      vertex 16.217522859573364 16.586706683039665 0
      vertex 16.414213560521603 16.414213560521603 4
    endloop
  endfacet
  facet normal 0.5555702203832522 0.8314696207458844 0
    outer loop
      vertex 16 16.73205080628395 0
      vertex 16 16.73205080628395 4
      vertex 16.217522859573364 16.586706683039665 4
    endloop
  endfacet
  facet normal 0.6593458308664175 0.7518397936522605 0
    outer loop
      vertex 16.217522859573364 16.586706683039665 0
      vertex 16.217522859573364 16.586706683039665 4
      vertex 16.414213560521603 16.414213560521603 4
    endloop
  endfacet
  facet normal 0.8314696207458844 0.5555702203832522 0
    outer loop
      vertex 16.73205080628395 16 0
      vertex 16.586706683039665 16.217522859573364 0
      vertex 16.73205080628395 16 4
    endloop
  endfacet
  facet normal 0.7518397936522605 0.6593458308664175 0
    outer loop
      vertex 16.414213560521603 16.414213560521603 0
      vertex 16.586706683039665 16.217522859573364 4
      vertex 16.586706683039665 16.217522859573364 0
    endloop
  endfacet
  facet normal 0.8314696207458844 0.5555702203832522 0
    outer loop
      vertex 16.586706683039665 16.217522859573364 0
      vertex 16.586706683039665 16.217522859573364 4
      vertex 16.73205080628395 16 4
    endloop
  endfacet
  facet normal 0.7518397936522605 0.6593458308664175 0
    outer loop
      vertex 16.414213560521603 16.414213560521603 0
      vertex 16.414213560521603 16.414213560521603 4
      vertex 16.586706683039665 16.217522859573364 4
    endloop
  endfacet
  facet normal -1 0 0
    outer loop
      vertex -5 -5 4
      vertex -5 -5 67.75
      vertex -5 5 4
    endloop
  endfacet
  facet normal 0 -1 0
    outer loop
      vertex -5 -5 4
      vertex 5 -5 67.75
      vertex -5 -5 67.75
    endloop
  endfacet
  facet normal -1 0 0
    outer loop
      vertex -5 -5 67.75
      vertex -5 5 67.75
      vertex -5 5 4
    endloop
  endfacet
  facet normal 0 1 0
    outer loop
      vertex -5 5 4
      vertex -5 5 67.75
      vertex 5 5 4
    endloop
  endfacet
  facet normal 0 -1 0
    outer loop
      vertex -5 -5 4
      vertex 5 -5 4
      vertex 5 -5 67.75
    endloop
  endfacet
  facet normal 1 0 0
    outer loop
      vertex 5 -5 4
      vertex 5 5 67.75
      vertex 5 -5 67.75
    endloop
  endfacet
  facet normal 0 1 0
    outer loop
      vertex -5 5 67.75
      vertex 5 5 67.75
      vertex 5 5 4
    endloop
  endfacet
  facet normal 1 0 0
    outer loop
      vertex 5 -5 4
      vertex 5 5 4
      vertex 5 5 67.75
    endloop
  endfacet
  facet normal 0.8314696151574068 0.555570228747 0
    outer loop
      vertex -10.952627941966057 -13.450000002980232 4
      vertex -10.872688673436642 -13.569637574255466 0
      vertex -10.952627941966057 -13.450000002980232 0
    endloop
  endfacet
  facet normal 0.8968727403064515 0.44228869270556337 0
    outer loop
      vertex -11.016267485916615 -13.320951774716377 4
      vertex -10.952627941966057 -13.450000002980232 0
      vertex -11.016267485916615 -13.320951774716377 0
    endloop
  endfacet
  facet normal 0.7518397899395236 0.6593458350999823 0
    outer loop
      vertex -10.872688673436642 -13.569637574255466 4
      vertex -10.777817457914352 -13.677817456424236 0
      vertex -10.872688673436642 -13.569637574255466 0
    endloop
  endfacet
  facet normal 0.6593458094310691 0.7518398124505568 0
    outer loop
      vertex -10.777817457914352 -13.677817456424236 4
      vertex -10.669637568295002 -13.772688671946526 0
      vertex -10.777817457914352 -13.677817456424236 0
    endloop
  endfacet
  facet normal 0.555570228747 0.8314696151574068 0
    outer loop
      vertex -10.669637568295002 -13.772688671946526 0
      vertex -10.669637568295002 -13.772688671946526 4
      vertex -10.549999997019768 -13.85262794047594 0
    endloop
  endfacet
  facet normal 0.8314696151574068 0.555570228747 0
    outer loop
      vertex -10.952627941966057 -13.450000002980232 4
      vertex -10.872688673436642 -13.569637574255466 4
      vertex -10.872688673436642 -13.569637574255466 0
    endloop
  endfacet
  facet normal 0.8968727403064515 0.44228869270556337 0
    outer loop
      vertex -11.016267485916615 -13.320951774716377 4
      vertex -10.952627941966057 -13.450000002980232 4
      vertex -10.952627941966057 -13.450000002980232 0
    endloop
  endfacet
  facet normal 0.7518397899395236 0.6593458350999823 0
    outer loop
      vertex -10.872688673436642 -13.569637574255466 4
      vertex -10.777817457914352 -13.677817456424236 4
      vertex -10.777817457914352 -13.677817456424236 0
    endloop
  endfacet
  facet normal 0.6593458094310691 0.7518398124505568 0
    outer loop
      vertex -10.777817457914352 -13.677817456424236 4
      vertex -10.669637568295002 -13.772688671946526 4
      vertex -10.669637568295002 -13.772688671946526 0
    endloop
  endfacet
  facet normal 0.9469301251010733 0.3214394782475631 0
    outer loop
      vertex -11.062518410384655 -13.184700950980186 4
      vertex -11.016267485916615 -13.320951774716377 0
      vertex -11.062518410384655 -13.184700950980186 0
    endloop
  endfacet
  facet normal 0.9807852868372589 0.1950902896700804 0
    outer loop
      vertex -11.090589344501495 -13.043578810989857 4
      vertex -11.062518410384655 -13.184700950980186 0
      vertex -11.090589344501495 -13.043578810989857 0
    endloop
  endfacet
  facet normal 0.9978589212284691 0.06540315989886114 0
    outer loop
      vertex -11.100000001490116 -12.899999998509884 4
      vertex -11.090589344501495 -13.043578810989857 0
      vertex -11.100000001490116 -12.899999998509884 0
    endloop
  endfacet
  facet normal 0.9469301251010733 0.3214394782475631 0
    outer loop
      vertex -11.062518410384655 -13.184700950980186 4
      vertex -11.016267485916615 -13.320951774716377 4
      vertex -11.016267485916615 -13.320951774716377 0
    endloop
  endfacet
  facet normal 0.9807852868372589 0.1950902896700804 0
    outer loop
      vertex -11.062518410384655 -13.184700950980186 4
      vertex -11.062518410384655 -13.184700950980186 0
      vertex -11.090589344501495 -13.043578810989857 4
    endloop
  endfacet
  facet normal 0.9978589212284691 0.06540315989886114 0
    outer loop
      vertex -11.100000001490116 -12.899999998509884 4
      vertex -11.090589344501495 -13.043578810989857 4
      vertex -11.090589344501495 -13.043578810989857 0
    endloop
  endfacet
  facet normal 0.4422887132458062 0.8968727301771244 0
    outer loop
      vertex -10.549999997019768 -13.85262794047594 4
      vertex -10.420951776206493 -13.916267484426498 0
      vertex -10.549999997019768 -13.85262794047594 0
    endloop
  endfacet
  facet normal 0.3214394782475631 0.9469301251010733 0
    outer loop
      vertex -10.420951776206493 -13.916267484426498 4
      vertex -10.284700952470303 -13.962518408894539 0
      vertex -10.420951776206493 -13.916267484426498 0
    endloop
  endfacet
  facet normal 0.19509033948010818 0.9807852769294287 0
    outer loop
      vertex -10.284700952470303 -13.962518408894539 4
      vertex -10.143578812479973 -13.99058935046196 0
      vertex -10.284700952470303 -13.962518408894539 0
    endloop
  endfacet
  facet normal 0.0654031083395394 0.9978589246078458 0
    outer loop
      vertex -10.143578812479973 -13.99058935046196 4
      vertex -10 -14 0
      vertex -10.143578812479973 -13.99058935046196 0
    endloop
  endfacet
  facet normal 0.555570228747 0.8314696151574068 0
    outer loop
      vertex -10.549999997019768 -13.85262794047594 4
      vertex -10.549999997019768 -13.85262794047594 0
      vertex -10.669637568295002 -13.772688671946526 4
    endloop
  endfacet
  facet normal 0.4422887132458062 0.8968727301771244 0
    outer loop
      vertex -10.549999997019768 -13.85262794047594 4
      vertex -10.420951776206493 -13.916267484426498 4
      vertex -10.420951776206493 -13.916267484426498 0
    endloop
  endfacet
  facet normal 0.3214394782475631 0.9469301251010733 0
    outer loop
      vertex -10.420951776206493 -13.916267484426498 4
      vertex -10.284700952470303 -13.962518408894539 4
      vertex -10.284700952470303 -13.962518408894539 0
    endloop
  endfacet
  facet normal 0.19509033948010818 0.9807852769294287 0
    outer loop
      vertex -10.284700952470303 -13.962518408894539 4
      vertex -10.143578812479973 -13.99058935046196 4
      vertex -10.143578812479973 -13.99058935046196 0
    endloop
  endfacet
  facet normal -0.0654031083395394 0.9978589246078458 0
    outer loop
      vertex -10 -14 0
      vertex -10 -14 4
      vertex -9.856421187520027 -13.99058935046196 0
    endloop
  endfacet
  facet normal -0.19509033948010818 0.9807852769294287 0
    outer loop
      vertex -9.856421187520027 -13.99058935046196 0
      vertex -9.856421187520027 -13.99058935046196 4
      vertex -9.715299047529697 -13.962518408894539 0
    endloop
  endfacet
  facet normal -0.3214394782475631 0.9469301251010733 0
    outer loop
      vertex -9.715299047529697 -13.962518408894539 4
      vertex -9.579048223793507 -13.916267484426498 0
      vertex -9.715299047529697 -13.962518408894539 0
    endloop
  endfacet
  facet normal 0.0654031083395394 0.9978589246078458 0
    outer loop
      vertex -10.143578812479973 -13.99058935046196 4
      vertex -10 -14 4
      vertex -10 -14 0
    endloop
  endfacet
  facet normal -0.0654031083395394 0.9978589246078458 0
    outer loop
      vertex -9.856421187520027 -13.99058935046196 4
      vertex -9.856421187520027 -13.99058935046196 0
      vertex -10 -14 4
    endloop
  endfacet
  facet normal -0.19509033948010818 0.9807852769294287 0
    outer loop
      vertex -9.856421187520027 -13.99058935046196 4
      vertex -9.715299047529697 -13.962518408894539 4
      vertex -9.715299047529697 -13.962518408894539 0
    endloop
  endfacet
  facet normal -0.3214394782475631 0.9469301251010733 0
    outer loop
      vertex -9.715299047529697 -13.962518408894539 4
      vertex -9.579048223793507 -13.916267484426498 4
      vertex -9.579048223793507 -13.916267484426498 0
    endloop
  endfacet
  facet normal -0.4422887132458062 0.8968727301771244 0
    outer loop
      vertex -9.579048223793507 -13.916267484426498 4
      vertex -9.450000002980232 -13.85262794047594 0
      vertex -9.579048223793507 -13.916267484426498 0
    endloop
  endfacet
  facet normal -0.555570228747 0.8314696151574068 0
    outer loop
      vertex -9.450000002980232 -13.85262794047594 4
      vertex -9.330362431704998 -13.772688671946526 0
      vertex -9.450000002980232 -13.85262794047594 0
    endloop
  endfacet
  facet normal -0.4422887132458062 0.8968727301771244 0
    outer loop
      vertex -9.579048223793507 -13.916267484426498 4
      vertex -9.450000002980232 -13.85262794047594 4
      vertex -9.450000002980232 -13.85262794047594 0
    endloop
  endfacet
  facet normal -0.6593458094310691 0.7518398124505568 0
    outer loop
      vertex -9.330362431704998 -13.772688671946526 4
      vertex -9.222182542085648 -13.677817456424236 0
      vertex -9.330362431704998 -13.772688671946526 0
    endloop
  endfacet
  facet normal -0.7518397899395236 0.6593458350999823 0
    outer loop
      vertex -9.222182542085648 -13.677817456424236 0
      vertex -9.222182542085648 -13.677817456424236 4
      vertex -9.127311326563358 -13.569637574255466 0
    endloop
  endfacet
  facet normal -0.8314696151574068 0.555570228747 0
    outer loop
      vertex -9.127311326563358 -13.569637574255466 4
      vertex -9.047372058033943 -13.450000002980232 0
      vertex -9.127311326563358 -13.569637574255466 0
    endloop
  endfacet
  facet normal -0.555570228747 0.8314696151574068 0
    outer loop
      vertex -9.450000002980232 -13.85262794047594 4
      vertex -9.330362431704998 -13.772688671946526 4
      vertex -9.330362431704998 -13.772688671946526 0
    endloop
  endfacet
  facet normal -0.6593458094310691 0.7518398124505568 0
    outer loop
      vertex -9.330362431704998 -13.772688671946526 4
      vertex -9.222182542085648 -13.677817456424236 4
      vertex -9.222182542085648 -13.677817456424236 0
    endloop
  endfacet
  facet normal -0.7518397899395236 0.6593458350999823 0
    outer loop
      vertex -9.127311326563358 -13.569637574255466 4
      vertex -9.127311326563358 -13.569637574255466 0
      vertex -9.222182542085648 -13.677817456424236 4
    endloop
  endfacet
  facet normal -0.8314696151574068 0.555570228747 0
    outer loop
      vertex -9.127311326563358 -13.569637574255466 4
      vertex -9.047372058033943 -13.450000002980232 4
      vertex -9.047372058033943 -13.450000002980232 0
    endloop
  endfacet
  facet normal -0.8968727403064515 0.44228869270556337 0
    outer loop
      vertex -9.047372058033943 -13.450000002980232 4
      vertex -8.983732514083385 -13.320951774716377 0
      vertex -9.047372058033943 -13.450000002980232 0
    endloop
  endfacet
  facet normal -0.8968727403064515 0.44228869270556337 0
    outer loop
      vertex -9.047372058033943 -13.450000002980232 4
      vertex -8.983732514083385 -13.320951774716377 4
      vertex -8.983732514083385 -13.320951774716377 0
    endloop
  endfacet
  facet normal -0.9469301251010733 0.3214394782475631 0
    outer loop
      vertex -8.983732514083385 -13.320951774716377 4
      vertex -8.937481589615345 -13.184700950980186 0
      vertex -8.983732514083385 -13.320951774716377 0
    endloop
  endfacet
  facet normal -0.9807852868372589 0.1950902896700804 0
    outer loop
      vertex -8.937481589615345 -13.184700950980186 0
      vertex -8.937481589615345 -13.184700950980186 4
      vertex -8.909410655498505 -13.043578810989857 0
    endloop
  endfacet
  facet normal -0.9978589212284691 0.06540315989886114 0
    outer loop
      vertex -8.909410655498505 -13.043578810989857 4
      vertex -8.899999998509884 -12.899999998509884 0
      vertex -8.909410655498505 -13.043578810989857 0
    endloop
  endfacet
  facet normal -0.9469301251010733 0.3214394782475631 0
    outer loop
      vertex -8.983732514083385 -13.320951774716377 4
      vertex -8.937481589615345 -13.184700950980186 4
      vertex -8.937481589615345 -13.184700950980186 0
    endloop
  endfacet
  facet normal -0.9807852868372589 0.1950902896700804 0
    outer loop
      vertex -8.909410655498505 -13.043578810989857 4
      vertex -8.909410655498505 -13.043578810989857 0
      vertex -8.937481589615345 -13.184700950980186 4
    endloop
  endfacet
  facet normal -0.9978589212284691 0.06540315989886114 0
    outer loop
      vertex -8.909410655498505 -13.043578810989857 4
      vertex -8.899999998509884 -12.899999998509884 4
      vertex -8.899999998509884 -12.899999998509884 0
    endloop
  endfacet
  facet normal 1 0 0
    outer loop
      vertex -11.100000001490116 -7.100000001490116 4
      vertex -11.100000001490116 -12.899999998509884 4
      vertex -11.100000001490116 -12.899999998509884 0
    endloop
  endfacet
  facet normal 1 0 0
    outer loop
      vertex -11.100000001490116 -12.899999998509884 0
      vertex -11.100000001490116 -7.100000001490116 0
      vertex -11.100000001490116 -7.100000001490116 4
    endloop
  endfacet
  facet normal -1 0 0
    outer loop
      vertex -8.899999998509884 -12.899999998509884 0
      vertex -8.899999998509884 -12.899999998509884 4
      vertex -8.899999998509884 -7.100000001490116 0
    endloop
  endfacet
  facet normal -1 0 0
    outer loop
      vertex -8.899999998509884 -12.899999998509884 4
      vertex -8.899999998509884 -7.100000001490116 4
      vertex -8.899999998509884 -7.100000001490116 0
    endloop
  endfacet
  facet normal 0.9978589212284691 -0.06540315989886114 0
    outer loop
      vertex -11.100000001490116 -7.100000001490116 0
      vertex -11.090589344501495 -6.956421189010143 0
      vertex -11.090589344501495 -6.956421189010143 4
    endloop
  endfacet
  facet normal 0.9978589212284691 -0.06540315989886114 0
    outer loop
      vertex -11.100000001490116 -7.100000001490116 0
      vertex -11.090589344501495 -6.956421189010143 4
      vertex -11.100000001490116 -7.100000001490116 4
    endloop
  endfacet
  facet normal 0.9807852868372589 -0.1950902896700804 0
    outer loop
      vertex -11.090589344501495 -6.956421189010143 0
      vertex -11.062518410384655 -6.8152990490198135 4
      vertex -11.090589344501495 -6.956421189010143 4
    endloop
  endfacet
  facet normal 0.9807852868372589 -0.1950902896700804 0
    outer loop
      vertex -11.090589344501495 -6.956421189010143 0
      vertex -11.062518410384655 -6.8152990490198135 0
      vertex -11.062518410384655 -6.8152990490198135 4
    endloop
  endfacet
  facet normal 0.9469301251010733 -0.3214394782475631 0
    outer loop
      vertex -11.062518410384655 -6.8152990490198135 0
      vertex -11.016267485916615 -6.679048225283623 0
      vertex -11.016267485916615 -6.679048225283623 4
    endloop
  endfacet
  facet normal 0.8968727403064515 -0.44228869270556337 0
    outer loop
      vertex -11.016267485916615 -6.679048225283623 0
      vertex -10.952627941966057 -6.549999997019768 0
      vertex -10.952627941966057 -6.549999997019768 4
    endloop
  endfacet
  facet normal 0.8314696151574068 -0.555570228747 0
    outer loop
      vertex -10.952627941966057 -6.549999997019768 0
      vertex -10.872688673436642 -6.4303624257445335 0
      vertex -10.872688673436642 -6.4303624257445335 4
    endloop
  endfacet
  facet normal 0.9469301251010733 -0.3214394782475631 0
    outer loop
      vertex -11.062518410384655 -6.8152990490198135 0
      vertex -11.016267485916615 -6.679048225283623 4
      vertex -11.062518410384655 -6.8152990490198135 4
    endloop
  endfacet
  facet normal 0.8968727403064515 -0.44228869270556337 0
    outer loop
      vertex -11.016267485916615 -6.679048225283623 0
      vertex -10.952627941966057 -6.549999997019768 4
      vertex -11.016267485916615 -6.679048225283623 4
    endloop
  endfacet
  facet normal 0.8314696151574068 -0.555570228747 0
    outer loop
      vertex -10.952627941966057 -6.549999997019768 0
      vertex -10.872688673436642 -6.4303624257445335 4
      vertex -10.952627941966057 -6.549999997019768 4
    endloop
  endfacet
  facet normal 0.7518397899395236 -0.6593458350999823 0
    outer loop
      vertex -10.872688673436642 -6.4303624257445335 0
      vertex -10.777817457914352 -6.322182543575764 4
      vertex -10.872688673436642 -6.4303624257445335 4
    endloop
  endfacet
  facet normal 0.7518397899395236 -0.6593458350999823 0
    outer loop
      vertex -10.872688673436642 -6.4303624257445335 0
      vertex -10.777817457914352 -6.322182543575764 0
      vertex -10.777817457914352 -6.322182543575764 4
    endloop
  endfacet
  facet normal 0.6593458094310691 -0.7518398124505568 0
    outer loop
      vertex -10.777817457914352 -6.322182543575764 0
      vertex -10.669637568295002 -6.227311328053474 0
      vertex -10.669637568295002 -6.227311328053474 4
    endloop
  endfacet
  facet normal 0.6593458094310691 -0.7518398124505568 0
    outer loop
      vertex -10.777817457914352 -6.322182543575764 0
      vertex -10.669637568295002 -6.227311328053474 4
      vertex -10.777817457914352 -6.322182543575764 4
    endloop
  endfacet
  facet normal 0.555570228747 -0.8314696151574068 0
    outer loop
      vertex -10.669637568295002 -6.227311328053474 4
      vertex -10.669637568295002 -6.227311328053474 0
      vertex -10.549999997019768 -6.147372059524059 4
    endloop
  endfacet
  facet normal -0.8314696151574068 -0.555570228747 0
    outer loop
      vertex -9.047372058033943 -6.549999997019768 4
      vertex -9.127311326563358 -6.4303624257445335 0
      vertex -9.047372058033943 -6.549999997019768 0
    endloop
  endfacet
  facet normal -0.7518397899395236 -0.6593458350999823 0
    outer loop
      vertex -9.127311326563358 -6.4303624257445335 4
      vertex -9.222182542085648 -6.322182543575764 0
      vertex -9.127311326563358 -6.4303624257445335 0
    endloop
  endfacet
  facet normal -0.8314696151574068 -0.555570228747 0
    outer loop
      vertex -9.047372058033943 -6.549999997019768 4
      vertex -9.127311326563358 -6.4303624257445335 4
      vertex -9.127311326563358 -6.4303624257445335 0
    endloop
  endfacet
  facet normal -0.9978589212284691 -0.06540315989886114 0
    outer loop
      vertex -8.899999998509884 -7.100000001490116 0
      vertex -8.899999998509884 -7.100000001490116 4
      vertex -8.909410655498505 -6.956421189010143 0
    endloop
  endfacet
  facet normal -0.9807852868372589 -0.1950902896700804 0
    outer loop
      vertex -8.909410655498505 -6.956421189010143 0
      vertex -8.909410655498505 -6.956421189010143 4
      vertex -8.937481589615345 -6.8152990490198135 0
    endloop
  endfacet
  facet normal -0.9978589212284691 -0.06540315989886114 0
    outer loop
      vertex -8.909410655498505 -6.956421189010143 4
      vertex -8.909410655498505 -6.956421189010143 0
      vertex -8.899999998509884 -7.100000001490116 4
    endloop
  endfacet
  facet normal -0.9469301251010733 -0.3214394782475631 0
    outer loop
      vertex -8.937481589615345 -6.8152990490198135 4
      vertex -8.983732514083385 -6.679048225283623 0
      vertex -8.937481589615345 -6.8152990490198135 0
    endloop
  endfacet
  facet normal -0.8968727403064515 -0.44228869270556337 0
    outer loop
      vertex -8.983732514083385 -6.679048225283623 4
      vertex -9.047372058033943 -6.549999997019768 0
      vertex -8.983732514083385 -6.679048225283623 0
    endloop
  endfacet
  facet normal -0.9807852868372589 -0.1950902896700804 0
    outer loop
      vertex -8.909410655498505 -6.956421189010143 4
      vertex -8.937481589615345 -6.8152990490198135 4
      vertex -8.937481589615345 -6.8152990490198135 0
    endloop
  endfacet
  facet normal -0.9469301251010733 -0.3214394782475631 0
    outer loop
      vertex -8.937481589615345 -6.8152990490198135 4
      vertex -8.983732514083385 -6.679048225283623 4
      vertex -8.983732514083385 -6.679048225283623 0
    endloop
  endfacet
  facet normal -0.8968727403064515 -0.44228869270556337 0
    outer loop
      vertex -8.983732514083385 -6.679048225283623 4
      vertex -9.047372058033943 -6.549999997019768 4
      vertex -9.047372058033943 -6.549999997019768 0
    endloop
  endfacet
  facet normal 0.555570228747 -0.8314696151574068 0
    outer loop
      vertex -10.669637568295002 -6.227311328053474 0
      vertex -10.549999997019768 -6.147372059524059 0
      vertex -10.549999997019768 -6.147372059524059 4
    endloop
  endfacet
  facet normal 0.4422887132458062 -0.8968727301771244 0
    outer loop
      vertex -10.549999997019768 -6.147372059524059 0
      vertex -10.420951776206493 -6.083732515573502 0
      vertex -10.420951776206493 -6.083732515573502 4
    endloop
  endfacet
  facet normal 0.3214394782475631 -0.9469301251010733 0
    outer loop
      vertex -10.420951776206493 -6.083732515573502 0
      vertex -10.284700952470303 -6.037481591105461 0
      vertex -10.284700952470303 -6.037481591105461 4
    endloop
  endfacet
  facet normal 0.19509033948010818 -0.9807852769294287 0
    outer loop
      vertex -10.284700952470303 -6.037481591105461 0
      vertex -10.143578812479973 -6.00941064953804 0
      vertex -10.143578812479973 -6.00941064953804 4
    endloop
  endfacet
  facet normal 0.4422887132458062 -0.8968727301771244 0
    outer loop
      vertex -10.549999997019768 -6.147372059524059 4
      vertex -10.549999997019768 -6.147372059524059 0
      vertex -10.420951776206493 -6.083732515573502 4
    endloop
  endfacet
  facet normal 0.3214394782475631 -0.9469301251010733 0
    outer loop
      vertex -10.420951776206493 -6.083732515573502 0
      vertex -10.284700952470303 -6.037481591105461 4
      vertex -10.420951776206493 -6.083732515573502 4
    endloop
  endfacet
  facet normal 0.19509033948010818 -0.9807852769294287 0
    outer loop
      vertex -10.284700952470303 -6.037481591105461 0
      vertex -10.143578812479973 -6.00941064953804 4
      vertex -10.284700952470303 -6.037481591105461 4
    endloop
  endfacet
  facet normal 0.0654031083395394 -0.9978589246078458 0
    outer loop
      vertex -10.143578812479973 -6.00941064953804 0
      vertex -10 -6 4
      vertex -10.143578812479973 -6.00941064953804 4
    endloop
  endfacet
  facet normal 0.0654031083395394 -0.9978589246078458 0
    outer loop
      vertex -10.143578812479973 -6.00941064953804 0
      vertex -10 -6 0
      vertex -10 -6 4
    endloop
  endfacet
  facet normal -0.0654031083395394 -0.9978589246078458 0
    outer loop
      vertex -9.856421187520027 -6.00941064953804 4
      vertex -10 -6 0
      vertex -9.856421187520027 -6.00941064953804 0
    endloop
  endfacet
  facet normal -0.19509033948010818 -0.9807852769294287 0
    outer loop
      vertex -9.715299047529697 -6.037481591105461 4
      vertex -9.856421187520027 -6.00941064953804 0
      vertex -9.715299047529697 -6.037481591105461 0
    endloop
  endfacet
  facet normal -0.3214394782475631 -0.9469301251010733 0
    outer loop
      vertex -9.579048223793507 -6.083732515573502 4
      vertex -9.715299047529697 -6.037481591105461 0
      vertex -9.579048223793507 -6.083732515573502 0
    endloop
  endfacet
  facet normal -0.0654031083395394 -0.9978589246078458 0
    outer loop
      vertex -9.856421187520027 -6.00941064953804 4
      vertex -10 -6 4
      vertex -10 -6 0
    endloop
  endfacet
  facet normal -0.19509033948010818 -0.9807852769294287 0
    outer loop
      vertex -9.715299047529697 -6.037481591105461 4
      vertex -9.856421187520027 -6.00941064953804 4
      vertex -9.856421187520027 -6.00941064953804 0
    endloop
  endfacet
  facet normal -0.3214394782475631 -0.9469301251010733 0
    outer loop
      vertex -9.579048223793507 -6.083732515573502 4
      vertex -9.715299047529697 -6.037481591105461 4
      vertex -9.715299047529697 -6.037481591105461 0
    endloop
  endfacet
  facet normal -0.4422887132458062 -0.8968727301771244 0
    outer loop
      vertex -9.450000002980232 -6.147372059524059 0
      vertex -9.450000002980232 -6.147372059524059 4
      vertex -9.579048223793507 -6.083732515573502 0
    endloop
  endfacet
  facet normal -0.555570228747 -0.8314696151574068 0
    outer loop
      vertex -9.330362431704998 -6.227311328053474 4
      vertex -9.450000002980232 -6.147372059524059 0
      vertex -9.330362431704998 -6.227311328053474 0
    endloop
  endfacet
  facet normal -0.6593458094310691 -0.7518398124505568 0
    outer loop
      vertex -9.222182542085648 -6.322182543575764 4
      vertex -9.330362431704998 -6.227311328053474 0
      vertex -9.222182542085648 -6.322182543575764 0
    endloop
  endfacet
  facet normal -0.555570228747 -0.8314696151574068 0
    outer loop
      vertex -9.330362431704998 -6.227311328053474 4
      vertex -9.450000002980232 -6.147372059524059 4
      vertex -9.450000002980232 -6.147372059524059 0
    endloop
  endfacet
  facet normal -0.4422887132458062 -0.8968727301771244 0
    outer loop
      vertex -9.579048223793507 -6.083732515573502 4
      vertex -9.579048223793507 -6.083732515573502 0
      vertex -9.450000002980232 -6.147372059524059 4
    endloop
  endfacet
  facet normal -0.6593458094310691 -0.7518398124505568 0
    outer loop
      vertex -9.222182542085648 -6.322182543575764 4
      vertex -9.330362431704998 -6.227311328053474 4
      vertex -9.330362431704998 -6.227311328053474 0
    endloop
  endfacet
  facet normal -0.7518397899395236 -0.6593458350999823 0
    outer loop
      vertex -9.222182542085648 -6.322182543575764 4
      vertex -9.222182542085648 -6.322182543575764 0
      vertex -9.127311326563358 -6.4303624257445335 4
    endloop
  endfacet
  facet normal 0.555570228747 0.8314696151574068 0
    outer loop
      vertex -10.669637568295002 6.227311328053474 0
      vertex -10.669637568295002 6.227311328053474 4
      vertex -10.549999997019768 6.147372059524059 0
    endloop
  endfacet
  facet normal 0.6593458094310691 0.7518398124505568 0
    outer loop
      vertex -10.669637568295002 6.227311328053474 0
      vertex -10.777817457914352 6.322182543575764 0
      vertex -10.777817457914352 6.322182543575764 4
    endloop
  endfacet
  facet normal 0.7518397899395236 0.6593458350999823 0
    outer loop
      vertex -10.777817457914352 6.322182543575764 0
      vertex -10.872688673436642 6.4303624257445335 4
      vertex -10.777817457914352 6.322182543575764 4
    endloop
  endfacet
  facet normal 0.6593458094310691 0.7518398124505568 0
    outer loop
      vertex -10.669637568295002 6.227311328053474 0
      vertex -10.777817457914352 6.322182543575764 4
      vertex -10.669637568295002 6.227311328053474 4
    endloop
  endfacet
  facet normal 0.8968727403064515 0.44228869270556337 0
    outer loop
      vertex -10.952627941966057 6.549999997019768 0
      vertex -11.016267485916615 6.679048225283623 0
      vertex -11.016267485916615 6.679048225283623 4
    endloop
  endfacet
  facet normal 0.8314696151574068 0.555570228747 0
    outer loop
      vertex -10.872688673436642 6.4303624257445335 0
      vertex -10.952627941966057 6.549999997019768 0
      vertex -10.952627941966057 6.549999997019768 4
    endloop
  endfacet
  facet normal 0.9469301251010733 0.3214394782475631 0
    outer loop
      vertex -11.016267485916615 6.679048225283623 0
      vertex -11.062518410384655 6.8152990490198135 0
      vertex -11.062518410384655 6.8152990490198135 4
    endloop
  endfacet
  facet normal 0.7518397899395236 0.6593458350999823 0
    outer loop
      vertex -10.777817457914352 6.322182543575764 0
      vertex -10.872688673436642 6.4303624257445335 0
      vertex -10.872688673436642 6.4303624257445335 4
    endloop
  endfacet
  facet normal 0.8314696151574068 0.555570228747 0
    outer loop
      vertex -10.872688673436642 6.4303624257445335 0
      vertex -10.952627941966057 6.549999997019768 4
      vertex -10.872688673436642 6.4303624257445335 4
    endloop
  endfacet
  facet normal 0.8968727403064515 0.44228869270556337 0
    outer loop
      vertex -10.952627941966057 6.549999997019768 0
      vertex -11.016267485916615 6.679048225283623 4
      vertex -10.952627941966057 6.549999997019768 4
    endloop
  endfacet
  facet normal 0.9469301251010733 0.3214394782475631 0
    outer loop
      vertex -11.016267485916615 6.679048225283623 0
      vertex -11.062518410384655 6.8152990490198135 4
      vertex -11.016267485916615 6.679048225283623 4
    endloop
  endfacet
  facet normal 0.9807852868372589 0.1950902896700804 0
    outer loop
      vertex -11.062518410384655 6.8152990490198135 0
      vertex -11.090589344501495 6.956421189010143 4
      vertex -11.062518410384655 6.8152990490198135 4
    endloop
  endfacet
  facet normal 0.9807852868372589 0.1950902896700804 0
    outer loop
      vertex -11.062518410384655 6.8152990490198135 0
      vertex -11.090589344501495 6.956421189010143 0
      vertex -11.090589344501495 6.956421189010143 4
    endloop
  endfacet
  facet normal 0.9978589212284691 0.06540315989886114 0
    outer loop
      vertex -11.090589344501495 6.956421189010143 0
      vertex -11.100000001490116 7.100000001490116 0
      vertex -11.100000001490116 7.100000001490116 4
    endloop
  endfacet
  facet normal 0.9978589212284691 0.06540315989886114 0
    outer loop
      vertex -11.090589344501495 6.956421189010143 0
      vertex -11.100000001490116 7.100000001490116 4
      vertex -11.090589344501495 6.956421189010143 4
    endloop
  endfacet
  facet normal 0.3214394782475631 0.9469301251010733 0
    outer loop
      vertex -10.284700952470303 6.037481591105461 0
      vertex -10.420951776206493 6.083732515573502 0
      vertex -10.420951776206493 6.083732515573502 4
    endloop
  endfacet
  facet normal 0.4422887132458062 0.8968727301771244 0
    outer loop
      vertex -10.420951776206493 6.083732515573502 0
      vertex -10.549999997019768 6.147372059524059 0
      vertex -10.549999997019768 6.147372059524059 4
    endloop
  endfacet
  facet normal 0.19509033948010818 0.9807852769294287 0
    outer loop
      vertex -10.143578812479973 6.00941064953804 0
      vertex -10.284700952470303 6.037481591105461 0
      vertex -10.284700952470303 6.037481591105461 4
    endloop
  endfacet
  facet normal 0.0654031083395394 0.9978589246078458 0
    outer loop
      vertex -10 6 0
      vertex -10.143578812479973 6.00941064953804 0
      vertex -10.143578812479973 6.00941064953804 4
    endloop
  endfacet
  facet normal 0.4422887132458062 0.8968727301771244 0
    outer loop
      vertex -10.420951776206493 6.083732515573502 4
      vertex -10.420951776206493 6.083732515573502 0
      vertex -10.549999997019768 6.147372059524059 4
    endloop
  endfacet
  facet normal 0.555570228747 0.8314696151574068 0
    outer loop
      vertex -10.549999997019768 6.147372059524059 4
      vertex -10.549999997019768 6.147372059524059 0
      vertex -10.669637568295002 6.227311328053474 4
    endloop
  endfacet
  facet normal 0.3214394782475631 0.9469301251010733 0
    outer loop
      vertex -10.284700952470303 6.037481591105461 0
      vertex -10.420951776206493 6.083732515573502 4
      vertex -10.284700952470303 6.037481591105461 4
    endloop
  endfacet
  facet normal 0.19509033948010818 0.9807852769294287 0
    outer loop
      vertex -10.143578812479973 6.00941064953804 0
      vertex -10.284700952470303 6.037481591105461 4
      vertex -10.143578812479973 6.00941064953804 4
    endloop
  endfacet
  facet normal -0.0654031083395394 0.9978589246078458 0
    outer loop
      vertex -10 6 0
      vertex -10 6 4
      vertex -9.856421187520027 6.00941064953804 0
    endloop
  endfacet
  facet normal -0.19509033948010818 0.9807852769294287 0
    outer loop
      vertex -9.856421187520027 6.00941064953804 0
      vertex -9.856421187520027 6.00941064953804 4
      vertex -9.715299047529697 6.037481591105461 0
    endloop
  endfacet
  facet normal -0.3214394782475631 0.9469301251010733 0
    outer loop
      vertex -9.579048223793507 6.083732515573502 0
      vertex -9.715299047529697 6.037481591105461 0
      vertex -9.715299047529697 6.037481591105461 4
    endloop
  endfacet
  facet normal 0.0654031083395394 0.9978589246078458 0
    outer loop
      vertex -10 6 0
      vertex -10.143578812479973 6.00941064953804 4
      vertex -10 6 4
    endloop
  endfacet
  facet normal -0.0654031083395394 0.9978589246078458 0
    outer loop
      vertex -9.856421187520027 6.00941064953804 4
      vertex -9.856421187520027 6.00941064953804 0
      vertex -10 6 4
    endloop
  endfacet
  facet normal -0.19509033948010818 0.9807852769294287 0
    outer loop
      vertex -9.715299047529697 6.037481591105461 0
      vertex -9.856421187520027 6.00941064953804 4
      vertex -9.715299047529697 6.037481591105461 4
    endloop
  endfacet
  facet normal -0.3214394782475631 0.9469301251010733 0
    outer loop
      vertex -9.579048223793507 6.083732515573502 0
      vertex -9.715299047529697 6.037481591105461 4
      vertex -9.579048223793507 6.083732515573502 4
    endloop
  endfacet
  facet normal -0.4422887132458062 0.8968727301771244 0
    outer loop
      vertex -9.579048223793507 6.083732515573502 0
      vertex -9.579048223793507 6.083732515573502 4
      vertex -9.450000002980232 6.147372059524059 0
    endloop
  endfacet
  facet normal -0.555570228747 0.8314696151574068 0
    outer loop
      vertex -9.330362431704998 6.227311328053474 0
      vertex -9.450000002980232 6.147372059524059 0
      vertex -9.450000002980232 6.147372059524059 4
    endloop
  endfacet
  facet normal -0.6593458094310691 0.7518398124505568 0
    outer loop
      vertex -9.222182542085648 6.322182543575764 0
      vertex -9.330362431704998 6.227311328053474 0
      vertex -9.330362431704998 6.227311328053474 4
    endloop
  endfacet
  facet normal -0.7518397899395236 0.6593458350999823 0
    outer loop
      vertex -9.222182542085648 6.322182543575764 0
      vertex -9.222182542085648 6.322182543575764 4
      vertex -9.127311326563358 6.4303624257445335 0
    endloop
  endfacet
  facet normal -0.4422887132458062 0.8968727301771244 0
    outer loop
      vertex -9.450000002980232 6.147372059524059 4
      vertex -9.450000002980232 6.147372059524059 0
      vertex -9.579048223793507 6.083732515573502 4
    endloop
  endfacet
  facet normal -0.555570228747 0.8314696151574068 0
    outer loop
      vertex -9.330362431704998 6.227311328053474 0
      vertex -9.450000002980232 6.147372059524059 4
      vertex -9.330362431704998 6.227311328053474 4
    endloop
  endfacet
  facet normal -0.6593458094310691 0.7518398124505568 0
    outer loop
      vertex -9.222182542085648 6.322182543575764 0
      vertex -9.330362431704998 6.227311328053474 4
      vertex -9.222182542085648 6.322182543575764 4
    endloop
  endfacet
  facet normal -0.8314696151574068 0.555570228747 0
    outer loop
      vertex -9.047372058033943 6.549999997019768 0
      vertex -9.127311326563358 6.4303624257445335 0
      vertex -9.127311326563358 6.4303624257445335 4
    endloop
  endfacet
  facet normal -0.7518397899395236 0.6593458350999823 0
    outer loop
      vertex -9.127311326563358 6.4303624257445335 4
      vertex -9.127311326563358 6.4303624257445335 0
      vertex -9.222182542085648 6.322182543575764 4
    endloop
  endfacet
  facet normal -0.8314696151574068 0.555570228747 0
    outer loop
      vertex -9.047372058033943 6.549999997019768 0
      vertex -9.127311326563358 6.4303624257445335 4
      vertex -9.047372058033943 6.549999997019768 4
    endloop
  endfacet
  facet normal -0.8968727403064515 0.44228869270556337 0
    outer loop
      vertex -8.983732514083385 6.679048225283623 0
      vertex -9.047372058033943 6.549999997019768 0
      vertex -9.047372058033943 6.549999997019768 4
    endloop
  endfacet
  facet normal -0.9469301251010733 0.3214394782475631 0
    outer loop
      vertex -8.937481589615345 6.8152990490198135 0
      vertex -8.983732514083385 6.679048225283623 0
      vertex -8.983732514083385 6.679048225283623 4
    endloop
  endfacet
  facet normal -0.9807852868372589 0.1950902896700804 0
    outer loop
      vertex -8.909410655498505 6.956421189010143 0
      vertex -8.937481589615345 6.8152990490198135 0
      vertex -8.937481589615345 6.8152990490198135 4
    endloop
  endfacet
  facet normal -0.8968727403064515 0.44228869270556337 0
    outer loop
      vertex -8.983732514083385 6.679048225283623 0
      vertex -9.047372058033943 6.549999997019768 4
      vertex -8.983732514083385 6.679048225283623 4
    endloop
  endfacet
  facet normal -0.9469301251010733 0.3214394782475631 0
    outer loop
      vertex -8.937481589615345 6.8152990490198135 0
      vertex -8.983732514083385 6.679048225283623 4
      vertex -8.937481589615345 6.8152990490198135 4
    endloop
  endfacet
  facet normal -0.9978589212284691 0.06540315989886114 0
    outer loop
      vertex -8.909410655498505 6.956421189010143 0
      vertex -8.909410655498505 6.956421189010143 4
      vertex -8.899999998509884 7.100000001490116 0
    endloop
  endfacet
  facet normal -0.9807852868372589 0.1950902896700804 0
    outer loop
      vertex -8.909410655498505 6.956421189010143 0
      vertex -8.937481589615345 6.8152990490198135 4
      vertex -8.909410655498505 6.956421189010143 4
    endloop
  endfacet
  facet normal -0.9978589212284691 0.06540315989886114 0
    outer loop
      vertex -8.899999998509884 7.100000001490116 4
      vertex -8.899999998509884 7.100000001490116 0
      vertex -8.909410655498505 6.956421189010143 4
    endloop
  endfacet
  facet normal 1 0 0
    outer loop
      vertex -11.100000001490116 12.899999998509884 4
      vertex -11.100000001490116 7.100000001490116 4
      vertex -11.100000001490116 7.100000001490116 0
    endloop
  endfacet
  facet normal 1 0 0
    outer loop
      vertex -11.100000001490116 7.100000001490116 0
      vertex -11.100000001490116 12.899999998509884 0
      vertex -11.100000001490116 12.899999998509884 4
    endloop
  endfacet
  facet normal -1 0 0
    outer loop
      vertex -8.899999998509884 12.899999998509884 0
      vertex -8.899999998509884 7.100000001490116 0
      vertex -8.899999998509884 7.100000001490116 4
    endloop
  endfacet
  facet normal -1 0 0
    outer loop
      vertex -8.899999998509884 7.100000001490116 4
      vertex -8.899999998509884 12.899999998509884 4
      vertex -8.899999998509884 12.899999998509884 0
    endloop
  endfacet
  facet normal 0.9978589212284691 -0.06540315989886114 0
    outer loop
      vertex -11.090589344501495 13.043578810989857 4
      vertex -11.100000001490116 12.899999998509884 0
      vertex -11.090589344501495 13.043578810989857 0
    endloop
  endfacet
  facet normal 0.9807852868372589 -0.1950902896700804 0
    outer loop
      vertex -11.062518410384655 13.184700950980186 4
      vertex -11.090589344501495 13.043578810989857 0
      vertex -11.062518410384655 13.184700950980186 0
    endloop
  endfacet
  facet normal 0.9469301251010733 -0.3214394782475631 0
    outer loop
      vertex -11.016267485916615 13.320951774716377 4
      vertex -11.062518410384655 13.184700950980186 0
      vertex -11.016267485916615 13.320951774716377 0
    endloop
  endfacet
  facet normal 0.9978589212284691 -0.06540315989886114 0
    outer loop
      vertex -11.090589344501495 13.043578810989857 4
      vertex -11.100000001490116 12.899999998509884 4
      vertex -11.100000001490116 12.899999998509884 0
    endloop
  endfacet
  facet normal 0.9807852868372589 -0.1950902896700804 0
    outer loop
      vertex -11.090589344501495 13.043578810989857 4
      vertex -11.090589344501495 13.043578810989857 0
      vertex -11.062518410384655 13.184700950980186 4
    endloop
  endfacet
  facet normal 0.9469301251010733 -0.3214394782475631 0
    outer loop
      vertex -11.016267485916615 13.320951774716377 4
      vertex -11.062518410384655 13.184700950980186 4
      vertex -11.062518410384655 13.184700950980186 0
    endloop
  endfacet
  facet normal 0.8968727403064515 -0.44228869270556337 0
    outer loop
      vertex -10.952627941966057 13.450000002980232 4
      vertex -11.016267485916615 13.320951774716377 0
      vertex -10.952627941966057 13.450000002980232 0
    endloop
  endfacet
  facet normal 0.8314696151574068 -0.555570228747 0
    outer loop
      vertex -10.872688673436642 13.569637574255466 4
      vertex -10.952627941966057 13.450000002980232 0
      vertex -10.872688673436642 13.569637574255466 0
    endloop
  endfacet
  facet normal 0.7518397899395236 -0.6593458350999823 0
    outer loop
      vertex -10.777817457914352 13.677817456424236 4
      vertex -10.872688673436642 13.569637574255466 0
      vertex -10.777817457914352 13.677817456424236 0
    endloop
  endfacet
  facet normal 0.6593458094310691 -0.7518398124505568 0
    outer loop
      vertex -10.669637568295002 13.772688671946526 4
      vertex -10.777817457914352 13.677817456424236 0
      vertex -10.669637568295002 13.772688671946526 0
    endloop
  endfacet
  facet normal 0.8968727403064515 -0.44228869270556337 0
    outer loop
      vertex -10.952627941966057 13.450000002980232 4
      vertex -11.016267485916615 13.320951774716377 4
      vertex -11.016267485916615 13.320951774716377 0
    endloop
  endfacet
  facet normal 0.8314696151574068 -0.555570228747 0
    outer loop
      vertex -10.872688673436642 13.569637574255466 4
      vertex -10.952627941966057 13.450000002980232 4
      vertex -10.952627941966057 13.450000002980232 0
    endloop
  endfacet
  facet normal 0.7518397899395236 -0.6593458350999823 0
    outer loop
      vertex -10.777817457914352 13.677817456424236 4
      vertex -10.872688673436642 13.569637574255466 4
      vertex -10.872688673436642 13.569637574255466 0
    endloop
  endfacet
  facet normal 0.6593458094310691 -0.7518398124505568 0
    outer loop
      vertex -10.669637568295002 13.772688671946526 4
      vertex -10.777817457914352 13.677817456424236 4
      vertex -10.777817457914352 13.677817456424236 0
    endloop
  endfacet
  facet normal 0.555570228747 -0.8314696151574068 0
    outer loop
      vertex -10.669637568295002 13.772688671946526 4
      vertex -10.669637568295002 13.772688671946526 0
      vertex -10.549999997019768 13.85262794047594 4
    endloop
  endfacet
  facet normal 0.555570228747 -0.8314696151574068 0
    outer loop
      vertex -10.549999997019768 13.85262794047594 4
      vertex -10.669637568295002 13.772688671946526 0
      vertex -10.549999997019768 13.85262794047594 0
    endloop
  endfacet
  facet normal 0.4422887132458062 -0.8968727301771244 0
    outer loop
      vertex -10.420951776206493 13.916267484426498 4
      vertex -10.549999997019768 13.85262794047594 0
      vertex -10.420951776206493 13.916267484426498 0
    endloop
  endfacet
  facet normal 0.3214394782475631 -0.9469301251010733 0
    outer loop
      vertex -10.284700952470303 13.962518408894539 4
      vertex -10.420951776206493 13.916267484426498 0
      vertex -10.284700952470303 13.962518408894539 0
    endloop
  endfacet
  facet normal 0.19509033948010818 -0.9807852769294287 0
    outer loop
      vertex -10.143578812479973 13.99058935046196 4
      vertex -10.284700952470303 13.962518408894539 0
      vertex -10.143578812479973 13.99058935046196 0
    endloop
  endfacet
  facet normal 0.4422887132458062 -0.8968727301771244 0
    outer loop
      vertex -10.420951776206493 13.916267484426498 4
      vertex -10.549999997019768 13.85262794047594 4
      vertex -10.549999997019768 13.85262794047594 0
    endloop
  endfacet
  facet normal 0.3214394782475631 -0.9469301251010733 0
    outer loop
      vertex -10.284700952470303 13.962518408894539 4
      vertex -10.420951776206493 13.916267484426498 4
      vertex -10.420951776206493 13.916267484426498 0
    endloop
  endfacet
  facet normal 0.19509033948010818 -0.9807852769294287 0
    outer loop
      vertex -10.143578812479973 13.99058935046196 4
      vertex -10.284700952470303 13.962518408894539 4
      vertex -10.284700952470303 13.962518408894539 0
    endloop
  endfacet
  facet normal 0.0654031083395394 -0.9978589246078458 0
    outer loop
      vertex -10 14 4
      vertex -10.143578812479973 13.99058935046196 4
      vertex -10.143578812479973 13.99058935046196 0
    endloop
  endfacet
  facet normal 0.0654031083395394 -0.9978589246078458 0
    outer loop
      vertex -10 14 4
      vertex -10.143578812479973 13.99058935046196 0
      vertex -10 14 0
    endloop
  endfacet
  facet normal -0.0654031083395394 -0.9978589246078458 0
    outer loop
      vertex -10 14 0
      vertex -9.856421187520027 13.99058935046196 0
      vertex -9.856421187520027 13.99058935046196 4
    endloop
  endfacet
  facet normal -0.19509033948010818 -0.9807852769294287 0
    outer loop
      vertex -9.856421187520027 13.99058935046196 0
      vertex -9.715299047529697 13.962518408894539 0
      vertex -9.715299047529697 13.962518408894539 4
    endloop
  endfacet
  facet normal -0.3214394782475631 -0.9469301251010733 0
    outer loop
      vertex -9.715299047529697 13.962518408894539 0
      vertex -9.579048223793507 13.916267484426498 0
      vertex -9.579048223793507 13.916267484426498 4
    endloop
  endfacet
  facet normal -0.0654031083395394 -0.9978589246078458 0
    outer loop
      vertex -10 14 0
      vertex -9.856421187520027 13.99058935046196 4
      vertex -10 14 4
    endloop
  endfacet
  facet normal -0.19509033948010818 -0.9807852769294287 0
    outer loop
      vertex -9.856421187520027 13.99058935046196 0
      vertex -9.715299047529697 13.962518408894539 4
      vertex -9.856421187520027 13.99058935046196 4
    endloop
  endfacet
  facet normal -0.3214394782475631 -0.9469301251010733 0
    outer loop
      vertex -9.715299047529697 13.962518408894539 0
      vertex -9.579048223793507 13.916267484426498 4
      vertex -9.715299047529697 13.962518408894539 4
    endloop
  endfacet
  facet normal -0.555570228747 -0.8314696151574068 0
    outer loop
      vertex -9.450000002980232 13.85262794047594 0
      vertex -9.330362431704998 13.772688671946526 0
      vertex -9.330362431704998 13.772688671946526 4
    endloop
  endfacet
  facet normal -0.8314696151574068 -0.555570228747 0
    outer loop
      vertex -9.127311326563358 13.569637574255466 0
      vertex -9.047372058033943 13.450000002980232 0
      vertex -9.047372058033943 13.450000002980232 4
    endloop
  endfacet
  facet normal -0.6593458094310691 -0.7518398124505568 0
    outer loop
      vertex -9.330362431704998 13.772688671946526 0
      vertex -9.222182542085648 13.677817456424236 0
      vertex -9.222182542085648 13.677817456424236 4
    endloop
  endfacet
  facet normal -0.7518397899395236 -0.6593458350999823 0
    outer loop
      vertex -9.222182542085648 13.677817456424236 0
      vertex -9.127311326563358 13.569637574255466 0
      vertex -9.127311326563358 13.569637574255466 4
    endloop
  endfacet
  facet normal -0.8314696151574068 -0.555570228747 0
    outer loop
      vertex -9.127311326563358 13.569637574255466 0
      vertex -9.047372058033943 13.450000002980232 4
      vertex -9.127311326563358 13.569637574255466 4
    endloop
  endfacet
  facet normal -0.7518397899395236 -0.6593458350999823 0
    outer loop
      vertex -9.222182542085648 13.677817456424236 4
      vertex -9.222182542085648 13.677817456424236 0
      vertex -9.127311326563358 13.569637574255466 4
    endloop
  endfacet
  facet normal -0.6593458094310691 -0.7518398124505568 0
    outer loop
      vertex -9.330362431704998 13.772688671946526 0
      vertex -9.222182542085648 13.677817456424236 4
      vertex -9.330362431704998 13.772688671946526 4
    endloop
  endfacet
  facet normal -0.9978589212284691 -0.06540315989886114 0
    outer loop
      vertex -8.899999998509884 12.899999998509884 0
      vertex -8.899999998509884 12.899999998509884 4
      vertex -8.909410655498505 13.043578810989857 0
    endloop
  endfacet
  facet normal -0.9807852868372589 -0.1950902896700804 0
    outer loop
      vertex -8.909410655498505 13.043578810989857 0
      vertex -8.909410655498505 13.043578810989857 4
      vertex -8.937481589615345 13.184700950980186 0
    endloop
  endfacet
  facet normal -0.9469301251010733 -0.3214394782475631 0
    outer loop
      vertex -8.937481589615345 13.184700950980186 4
      vertex -8.983732514083385 13.320951774716377 0
      vertex -8.937481589615345 13.184700950980186 0
    endloop
  endfacet
  facet normal -0.9978589212284691 -0.06540315989886114 0
    outer loop
      vertex -8.899999998509884 12.899999998509884 4
      vertex -8.909410655498505 13.043578810989857 4
      vertex -8.909410655498505 13.043578810989857 0
    endloop
  endfacet
  facet normal -0.9807852868372589 -0.1950902896700804 0
    outer loop
      vertex -8.937481589615345 13.184700950980186 4
      vertex -8.937481589615345 13.184700950980186 0
      vertex -8.909410655498505 13.043578810989857 4
    endloop
  endfacet
  facet normal -0.9469301251010733 -0.3214394782475631 0
    outer loop
      vertex -8.937481589615345 13.184700950980186 4
      vertex -8.983732514083385 13.320951774716377 4
      vertex -8.983732514083385 13.320951774716377 0
    endloop
  endfacet
  facet normal -0.8968727403064515 -0.44228869270556337 0
    outer loop
      vertex -8.983732514083385 13.320951774716377 4
      vertex -9.047372058033943 13.450000002980232 0
      vertex -8.983732514083385 13.320951774716377 0
    endloop
  endfacet
  facet normal -0.8968727403064515 -0.44228869270556337 0
    outer loop
      vertex -8.983732514083385 13.320951774716377 4
      vertex -9.047372058033943 13.450000002980232 4
      vertex -9.047372058033943 13.450000002980232 0
    endloop
  endfacet
  facet normal -0.4422887132458062 -0.8968727301771244 0
    outer loop
      vertex -9.579048223793507 13.916267484426498 0
      vertex -9.450000002980232 13.85262794047594 0
      vertex -9.450000002980232 13.85262794047594 4
    endloop
  endfacet
  facet normal -0.4422887132458062 -0.8968727301771244 0
    outer loop
      vertex -9.579048223793507 13.916267484426498 0
      vertex -9.450000002980232 13.85262794047594 4
      vertex -9.579048223793507 13.916267484426498 4
    endloop
  endfacet
  facet normal -0.555570228747 -0.8314696151574068 0
    outer loop
      vertex -9.450000002980232 13.85262794047594 0
      vertex -9.330362431704998 13.772688671946526 4
      vertex -9.450000002980232 13.85262794047594 4
    endloop
  endfacet
  facet normal 0.4422887132458062 0.8968727301771244 0
    outer loop
      vertex 9.450000002980232 -13.85262794047594 4
      vertex 9.579048223793507 -13.916267484426498 0
      vertex 9.450000002980232 -13.85262794047594 0
    endloop
  endfacet
  facet normal 0.555570228747 0.8314696151574068 0
    outer loop
      vertex 9.330362431704998 -13.772688671946526 4
      vertex 9.450000002980232 -13.85262794047594 4
      vertex 9.450000002980232 -13.85262794047594 0
    endloop
  endfacet
  facet normal 0.4422887132458062 0.8968727301771244 0
    outer loop
      vertex 9.450000002980232 -13.85262794047594 4
      vertex 9.579048223793507 -13.916267484426498 4
      vertex 9.579048223793507 -13.916267484426498 0
    endloop
  endfacet
  facet normal 0.8968727403064515 0.44228869270556337 0
    outer loop
      vertex 9.047372058033943 -13.450000002980232 0
      vertex 8.983732514083385 -13.320951774716377 0
      vertex 8.983732514083385 -13.320951774716377 4
    endloop
  endfacet
  facet normal 0.8968727403064515 0.44228869270556337 0
    outer loop
      vertex 8.983732514083385 -13.320951774716377 4
      vertex 9.047372058033943 -13.450000002980232 4
      vertex 9.047372058033943 -13.450000002980232 0
    endloop
  endfacet
  facet normal 0.9469301251010733 0.3214394782475631 0
    outer loop
      vertex 8.983732514083385 -13.320951774716377 0
      vertex 8.937481589615345 -13.184700950980186 0
      vertex 8.937481589615345 -13.184700950980186 4
    endloop
  endfacet
  facet normal 0.9807852868372589 0.1950902896700804 0
    outer loop
      vertex 8.937481589615345 -13.184700950980186 0
      vertex 8.909410655498505 -13.043578810989857 0
      vertex 8.909410655498505 -13.043578810989857 4
    endloop
  endfacet
  facet normal 0.9978589212284691 0.06540315989886114 0
    outer loop
      vertex 8.909410655498505 -13.043578810989857 0
      vertex 8.899999998509884 -12.899999998509884 0
      vertex 8.899999998509884 -12.899999998509884 4
    endloop
  endfacet
  facet normal 0.9469301251010733 0.3214394782475631 0
    outer loop
      vertex 8.983732514083385 -13.320951774716377 0
      vertex 8.937481589615345 -13.184700950980186 4
      vertex 8.983732514083385 -13.320951774716377 4
    endloop
  endfacet
  facet normal 0.9807852868372589 0.1950902896700804 0
    outer loop
      vertex 8.937481589615345 -13.184700950980186 4
      vertex 8.937481589615345 -13.184700950980186 0
      vertex 8.909410655498505 -13.043578810989857 4
    endloop
  endfacet
  facet normal 0.9978589212284691 0.06540315989886114 0
    outer loop
      vertex 8.909410655498505 -13.043578810989857 0
      vertex 8.899999998509884 -12.899999998509884 4
      vertex 8.909410655498505 -13.043578810989857 4
    endloop
  endfacet
  facet normal 0.7518397899395236 0.6593458350999823 0
    outer loop
      vertex 9.127311326563358 -13.569637574255466 0
      vertex 9.127311326563358 -13.569637574255466 4
      vertex 9.222182542085648 -13.677817456424236 0
    endloop
  endfacet
  facet normal 0.6593458094310691 0.7518398124505568 0
    outer loop
      vertex 9.222182542085648 -13.677817456424236 4
      vertex 9.330362431704998 -13.772688671946526 0
      vertex 9.222182542085648 -13.677817456424236 0
    endloop
  endfacet
  facet normal 0.8314696151574068 0.555570228747 0
    outer loop
      vertex 9.047372058033943 -13.450000002980232 4
      vertex 9.127311326563358 -13.569637574255466 0
      vertex 9.047372058033943 -13.450000002980232 0
    endloop
  endfacet
  facet normal 0.555570228747 0.8314696151574068 0
    outer loop
      vertex 9.330362431704998 -13.772688671946526 4
      vertex 9.450000002980232 -13.85262794047594 0
      vertex 9.330362431704998 -13.772688671946526 0
    endloop
  endfacet
  facet normal 0.6593458094310691 0.7518398124505568 0
    outer loop
      vertex 9.222182542085648 -13.677817456424236 4
      vertex 9.330362431704998 -13.772688671946526 4
      vertex 9.330362431704998 -13.772688671946526 0
    endloop
  endfacet
  facet normal 0.7518397899395236 0.6593458350999823 0
    outer loop
      vertex 9.222182542085648 -13.677817456424236 4
      vertex 9.222182542085648 -13.677817456424236 0
      vertex 9.127311326563358 -13.569637574255466 4
    endloop
  endfacet
  facet normal 0.8314696151574068 0.555570228747 0
    outer loop
      vertex 9.047372058033943 -13.450000002980232 4
      vertex 9.127311326563358 -13.569637574255466 4
      vertex 9.127311326563358 -13.569637574255466 0
    endloop
  endfacet
  facet normal 0.3214394782475631 0.9469301251010733 0
    outer loop
      vertex 9.579048223793507 -13.916267484426498 4
      vertex 9.715299047529697 -13.962518408894539 0
      vertex 9.579048223793507 -13.916267484426498 0
    endloop
  endfacet
  facet normal 0.19509033948010818 0.9807852769294287 0
    outer loop
      vertex 9.715299047529697 -13.962518408894539 4
      vertex 9.856421187520027 -13.99058935046196 0
      vertex 9.715299047529697 -13.962518408894539 0
    endloop
  endfacet
  facet normal 0.0654031083395394 0.9978589246078458 0
    outer loop
      vertex 9.856421187520027 -13.99058935046196 0
      vertex 9.856421187520027 -13.99058935046196 4
      vertex 10 -14 0
    endloop
  endfacet
  facet normal -0.0654031083395394 0.9978589246078458 0
    outer loop
      vertex 10.143578812479973 -13.99058935046196 0
      vertex 10 -14 0
      vertex 10 -14 4
    endloop
  endfacet
  facet normal 0.3214394782475631 0.9469301251010733 0
    outer loop
      vertex 9.579048223793507 -13.916267484426498 4
      vertex 9.715299047529697 -13.962518408894539 4
      vertex 9.715299047529697 -13.962518408894539 0
    endloop
  endfacet
  facet normal 0.19509033948010818 0.9807852769294287 0
    outer loop
      vertex 9.715299047529697 -13.962518408894539 4
      vertex 9.856421187520027 -13.99058935046196 4
      vertex 9.856421187520027 -13.99058935046196 0
    endloop
  endfacet
  facet normal 0.0654031083395394 0.9978589246078458 0
    outer loop
      vertex 10 -14 4
      vertex 10 -14 0
      vertex 9.856421187520027 -13.99058935046196 4
    endloop
  endfacet
  facet normal -0.19509033948010818 0.9807852769294287 0
    outer loop
      vertex 10.284700952470303 -13.962518408894539 0
      vertex 10.143578812479973 -13.99058935046196 0
      vertex 10.143578812479973 -13.99058935046196 4
    endloop
  endfacet
  facet normal -0.3214394782475631 0.9469301251010733 0
    outer loop
      vertex 10.420951776206493 -13.916267484426498 0
      vertex 10.284700952470303 -13.962518408894539 0
      vertex 10.284700952470303 -13.962518408894539 4
    endloop
  endfacet
  facet normal -0.4422887132458062 0.8968727301771244 0
    outer loop
      vertex 10.549999997019768 -13.85262794047594 0
      vertex 10.420951776206493 -13.916267484426498 0
      vertex 10.420951776206493 -13.916267484426498 4
    endloop
  endfacet
  facet normal -0.555570228747 0.8314696151574068 0
    outer loop
      vertex 10.549999997019768 -13.85262794047594 0
      vertex 10.549999997019768 -13.85262794047594 4
      vertex 10.669637568295002 -13.772688671946526 0
    endloop
  endfacet
  facet normal -0.0654031083395394 0.9978589246078458 0
    outer loop
      vertex 10.143578812479973 -13.99058935046196 0
      vertex 10 -14 4
      vertex 10.143578812479973 -13.99058935046196 4
    endloop
  endfacet
  facet normal -0.19509033948010818 0.9807852769294287 0
    outer loop
      vertex 10.284700952470303 -13.962518408894539 0
      vertex 10.143578812479973 -13.99058935046196 4
      vertex 10.284700952470303 -13.962518408894539 4
    endloop
  endfacet
  facet normal -0.3214394782475631 0.9469301251010733 0
    outer loop
      vertex 10.420951776206493 -13.916267484426498 0
      vertex 10.284700952470303 -13.962518408894539 4
      vertex 10.420951776206493 -13.916267484426498 4
    endloop
  endfacet
  facet normal -0.4422887132458062 0.8968727301771244 0
    outer loop
      vertex 10.549999997019768 -13.85262794047594 0
      vertex 10.420951776206493 -13.916267484426498 4
      vertex 10.549999997019768 -13.85262794047594 4
    endloop
  endfacet
  facet normal -0.6593458094310691 0.7518398124505568 0
    outer loop
      vertex 10.777817457914352 -13.677817456424236 0
      vertex 10.669637568295002 -13.772688671946526 0
      vertex 10.669637568295002 -13.772688671946526 4
    endloop
  endfacet
  facet normal -0.7518397899395236 0.6593458350999823 0
    outer loop
      vertex 10.872688673436642 -13.569637574255466 0
      vertex 10.777817457914352 -13.677817456424236 0
      vertex 10.777817457914352 -13.677817456424236 4
    endloop
  endfacet
  facet normal -0.8314696151574068 0.555570228747 0
    outer loop
      vertex 10.952627941966057 -13.450000002980232 0
      vertex 10.872688673436642 -13.569637574255466 0
      vertex 10.872688673436642 -13.569637574255466 4
    endloop
  endfacet
  facet normal -0.8968727403064515 0.44228869270556337 0
    outer loop
      vertex 11.016267485916615 -13.320951774716377 0
      vertex 10.952627941966057 -13.450000002980232 0
      vertex 10.952627941966057 -13.450000002980232 4
    endloop
  endfacet
  facet normal -0.555570228747 0.8314696151574068 0
    outer loop
      vertex 10.669637568295002 -13.772688671946526 4
      vertex 10.669637568295002 -13.772688671946526 0
      vertex 10.549999997019768 -13.85262794047594 4
    endloop
  endfacet
  facet normal -0.6593458094310691 0.7518398124505568 0
    outer loop
      vertex 10.777817457914352 -13.677817456424236 0
      vertex 10.669637568295002 -13.772688671946526 4
      vertex 10.777817457914352 -13.677817456424236 4
    endloop
  endfacet
  facet normal -0.7518397899395236 0.6593458350999823 0
    outer loop
      vertex 10.872688673436642 -13.569637574255466 0
      vertex 10.777817457914352 -13.677817456424236 4
      vertex 10.872688673436642 -13.569637574255466 4
    endloop
  endfacet
  facet normal -0.8314696151574068 0.555570228747 0
    outer loop
      vertex 10.952627941966057 -13.450000002980232 0
      vertex 10.872688673436642 -13.569637574255466 4
      vertex 10.952627941966057 -13.450000002980232 4
    endloop
  endfacet
  facet normal -0.8968727403064515 0.44228869270556337 0
    outer loop
      vertex 11.016267485916615 -13.320951774716377 0
      vertex 10.952627941966057 -13.450000002980232 4
      vertex 11.016267485916615 -13.320951774716377 4
    endloop
  endfacet
  facet normal -0.9469301251010733 0.3214394782475631 0
    outer loop
      vertex 11.062518410384655 -13.184700950980186 0
      vertex 11.016267485916615 -13.320951774716377 0
      vertex 11.016267485916615 -13.320951774716377 4
    endloop
  endfacet
  facet normal -0.9807852868372589 0.1950902896700804 0
    outer loop
      vertex 11.062518410384655 -13.184700950980186 0
      vertex 11.062518410384655 -13.184700950980186 4
      vertex 11.090589344501495 -13.043578810989857 0
    endloop
  endfacet
  facet normal -0.9978589212284691 0.06540315989886114 0
    outer loop
      vertex 11.100000001490116 -12.899999998509884 0
      vertex 11.090589344501495 -13.043578810989857 0
      vertex 11.090589344501495 -13.043578810989857 4
    endloop
  endfacet
  facet normal -0.9469301251010733 0.3214394782475631 0
    outer loop
      vertex 11.062518410384655 -13.184700950980186 0
      vertex 11.016267485916615 -13.320951774716377 4
      vertex 11.062518410384655 -13.184700950980186 4
    endloop
  endfacet
  facet normal -0.9807852868372589 0.1950902896700804 0
    outer loop
      vertex 11.090589344501495 -13.043578810989857 4
      vertex 11.090589344501495 -13.043578810989857 0
      vertex 11.062518410384655 -13.184700950980186 4
    endloop
  endfacet
  facet normal -0.9978589212284691 0.06540315989886114 0
    outer loop
      vertex 11.100000001490116 -12.899999998509884 0
      vertex 11.090589344501495 -13.043578810989857 4
      vertex 11.100000001490116 -12.899999998509884 4
    endloop
  endfacet
  facet normal 1 0 0
    outer loop
      vertex 8.899999998509884 -7.100000001490116 4
      vertex 8.899999998509884 -12.899999998509884 4
      vertex 8.899999998509884 -12.899999998509884 0
    endloop
  endfacet
  facet normal 1 0 0
    outer loop
      vertex 8.899999998509884 -12.899999998509884 0
      vertex 8.899999998509884 -7.100000001490116 0
      vertex 8.899999998509884 -7.100000001490116 4
    endloop
  endfacet
  facet normal -1 0 0
    outer loop
      vertex 11.100000001490116 -7.100000001490116 0
      vertex 11.100000001490116 -12.899999998509884 0
      vertex 11.100000001490116 -12.899999998509884 4
    endloop
  endfacet
  facet normal -1 0 0
    outer loop
      vertex 11.100000001490116 -12.899999998509884 4
      vertex 11.100000001490116 -7.100000001490116 4
      vertex 11.100000001490116 -7.100000001490116 0
    endloop
  endfacet
  facet normal 0.9978589212284691 -0.06540315989886114 0
    outer loop
      vertex 8.909410655498505 -6.956421189010143 4
      vertex 8.899999998509884 -7.100000001490116 0
      vertex 8.909410655498505 -6.956421189010143 0
    endloop
  endfacet
  facet normal 0.9978589212284691 -0.06540315989886114 0
    outer loop
      vertex 8.909410655498505 -6.956421189010143 4
      vertex 8.899999998509884 -7.100000001490116 4
      vertex 8.899999998509884 -7.100000001490116 0
    endloop
  endfacet
  facet normal 0.9807852868372589 -0.1950902896700804 0
    outer loop
      vertex 8.937481589615345 -6.8152990490198135 4
      vertex 8.909410655498505 -6.956421189010143 4
      vertex 8.909410655498505 -6.956421189010143 0
    endloop
  endfacet
  facet normal 0.9807852868372589 -0.1950902896700804 0
    outer loop
      vertex 8.937481589615345 -6.8152990490198135 4
      vertex 8.909410655498505 -6.956421189010143 0
      vertex 8.937481589615345 -6.8152990490198135 0
    endloop
  endfacet
  facet normal 0.9469301251010733 -0.3214394782475631 0
    outer loop
      vertex 8.983732514083385 -6.679048225283623 4
      vertex 8.937481589615345 -6.8152990490198135 0
      vertex 8.983732514083385 -6.679048225283623 0
    endloop
  endfacet
  facet normal 0.8968727403064515 -0.44228869270556337 0
    outer loop
      vertex 9.047372058033943 -6.549999997019768 4
      vertex 8.983732514083385 -6.679048225283623 0
      vertex 9.047372058033943 -6.549999997019768 0
    endloop
  endfacet
  facet normal 0.9469301251010733 -0.3214394782475631 0
    outer loop
      vertex 8.983732514083385 -6.679048225283623 4
      vertex 8.937481589615345 -6.8152990490198135 4
      vertex 8.937481589615345 -6.8152990490198135 0
    endloop
  endfacet
  facet normal 0.8968727403064515 -0.44228869270556337 0
    outer loop
      vertex 9.047372058033943 -6.549999997019768 4
      vertex 8.983732514083385 -6.679048225283623 4
      vertex 8.983732514083385 -6.679048225283623 0
    endloop
  endfacet
  facet normal 0.8314696151574068 -0.555570228747 0
    outer loop
      vertex 9.127311326563358 -6.4303624257445335 4
      vertex 9.047372058033943 -6.549999997019768 0
      vertex 9.127311326563358 -6.4303624257445335 0
    endloop
  endfacet
  facet normal 0.8314696151574068 -0.555570228747 0
    outer loop
      vertex 9.127311326563358 -6.4303624257445335 4
      vertex 9.047372058033943 -6.549999997019768 4
      vertex 9.047372058033943 -6.549999997019768 0
    endloop
  endfacet
  facet normal 0.7518397899395236 -0.6593458350999823 0
    outer loop
      vertex 9.127311326563358 -6.4303624257445335 4
      vertex 9.127311326563358 -6.4303624257445335 0
      vertex 9.222182542085648 -6.322182543575764 4
    endloop
  endfacet
  facet normal 0.7518397899395236 -0.6593458350999823 0
    outer loop
      vertex 9.222182542085648 -6.322182543575764 4
      vertex 9.127311326563358 -6.4303624257445335 0
      vertex 9.222182542085648 -6.322182543575764 0
    endloop
  endfacet
  facet normal 0.6593458094310691 -0.7518398124505568 0
    outer loop
      vertex 9.330362431704998 -6.227311328053474 4
      vertex 9.222182542085648 -6.322182543575764 0
      vertex 9.330362431704998 -6.227311328053474 0
    endloop
  endfacet
  facet normal 0.555570228747 -0.8314696151574068 0
    outer loop
      vertex 9.450000002980232 -6.147372059524059 4
      vertex 9.330362431704998 -6.227311328053474 0
      vertex 9.450000002980232 -6.147372059524059 0
    endloop
  endfacet
  facet normal 0.4422887132458062 -0.8968727301771244 0
    outer loop
      vertex 9.579048223793507 -6.083732515573502 4
      vertex 9.450000002980232 -6.147372059524059 0
      vertex 9.579048223793507 -6.083732515573502 0
    endloop
  endfacet
  facet normal 0.6593458094310691 -0.7518398124505568 0
    outer loop
      vertex 9.330362431704998 -6.227311328053474 4
      vertex 9.222182542085648 -6.322182543575764 4
      vertex 9.222182542085648 -6.322182543575764 0
    endloop
  endfacet
  facet normal 0.555570228747 -0.8314696151574068 0
    outer loop
      vertex 9.450000002980232 -6.147372059524059 4
      vertex 9.330362431704998 -6.227311328053474 4
      vertex 9.330362431704998 -6.227311328053474 0
    endloop
  endfacet
  facet normal 0.4422887132458062 -0.8968727301771244 0
    outer loop
      vertex 9.450000002980232 -6.147372059524059 4
      vertex 9.450000002980232 -6.147372059524059 0
      vertex 9.579048223793507 -6.083732515573502 4
    endloop
  endfacet
  facet normal 0.3214394782475631 -0.9469301251010733 0
    outer loop
      vertex 9.715299047529697 -6.037481591105461 4
      vertex 9.579048223793507 -6.083732515573502 0
      vertex 9.715299047529697 -6.037481591105461 0
    endloop
  endfacet
  facet normal 0.19509033948010818 -0.9807852769294287 0
    outer loop
      vertex 9.856421187520027 -6.00941064953804 4
      vertex 9.715299047529697 -6.037481591105461 0
      vertex 9.856421187520027 -6.00941064953804 0
    endloop
  endfacet
  facet normal 0.0654031083395394 -0.9978589246078458 0
    outer loop
      vertex 10 -6 4
      vertex 9.856421187520027 -6.00941064953804 0
      vertex 10 -6 0
    endloop
  endfacet
  facet normal 0.3214394782475631 -0.9469301251010733 0
    outer loop
      vertex 9.715299047529697 -6.037481591105461 4
      vertex 9.579048223793507 -6.083732515573502 4
      vertex 9.579048223793507 -6.083732515573502 0
    endloop
  endfacet
  facet normal 0.19509033948010818 -0.9807852769294287 0
    outer loop
      vertex 9.856421187520027 -6.00941064953804 4
      vertex 9.715299047529697 -6.037481591105461 4
      vertex 9.715299047529697 -6.037481591105461 0
    endloop
  endfacet
  facet normal 0.0654031083395394 -0.9978589246078458 0
    outer loop
      vertex 10 -6 4
      vertex 9.856421187520027 -6.00941064953804 4
      vertex 9.856421187520027 -6.00941064953804 0
    endloop
  endfacet
  facet normal -0.0654031083395394 -0.9978589246078458 0
    outer loop
      vertex 10.143578812479973 -6.00941064953804 4
      vertex 10 -6 4
      vertex 10 -6 0
    endloop
  endfacet
  facet normal -0.0654031083395394 -0.9978589246078458 0
    outer loop
      vertex 10.143578812479973 -6.00941064953804 4
      vertex 10 -6 0
      vertex 10.143578812479973 -6.00941064953804 0
    endloop
  endfacet
  facet normal -0.19509033948010818 -0.9807852769294287 0
    outer loop
      vertex 10.284700952470303 -6.037481591105461 4
      vertex 10.143578812479973 -6.00941064953804 0
      vertex 10.284700952470303 -6.037481591105461 0
    endloop
  endfacet
  facet normal -0.4422887132458062 -0.8968727301771244 0
    outer loop
      vertex 10.549999997019768 -6.147372059524059 0
      vertex 10.549999997019768 -6.147372059524059 4
      vertex 10.420951776206493 -6.083732515573502 0
    endloop
  endfacet
  facet normal -0.3214394782475631 -0.9469301251010733 0
    outer loop
      vertex 10.420951776206493 -6.083732515573502 4
      vertex 10.284700952470303 -6.037481591105461 0
      vertex 10.420951776206493 -6.083732515573502 0
    endloop
  endfacet
  facet normal -0.19509033948010818 -0.9807852769294287 0
    outer loop
      vertex 10.284700952470303 -6.037481591105461 4
      vertex 10.143578812479973 -6.00941064953804 4
      vertex 10.143578812479973 -6.00941064953804 0
    endloop
  endfacet
  facet normal -0.3214394782475631 -0.9469301251010733 0
    outer loop
      vertex 10.420951776206493 -6.083732515573502 4
      vertex 10.284700952470303 -6.037481591105461 4
      vertex 10.284700952470303 -6.037481591105461 0
    endloop
  endfacet
  facet normal -0.555570228747 -0.8314696151574068 0
    outer loop
      vertex 10.549999997019768 -6.147372059524059 4
      vertex 10.549999997019768 -6.147372059524059 0
      vertex 10.669637568295002 -6.227311328053474 4
    endloop
  endfacet
  facet normal -0.4422887132458062 -0.8968727301771244 0
    outer loop
      vertex 10.420951776206493 -6.083732515573502 4
      vertex 10.420951776206493 -6.083732515573502 0
      vertex 10.549999997019768 -6.147372059524059 4
    endloop
  endfacet
  facet normal -0.9978589212284691 -0.06540315989886114 0
    outer loop
      vertex 11.100000001490116 -7.100000001490116 0
      vertex 11.100000001490116 -7.100000001490116 4
      vertex 11.090589344501495 -6.956421189010143 0
    endloop
  endfacet
  facet normal -0.9807852868372589 -0.1950902896700804 0
    outer loop
      vertex 11.090589344501495 -6.956421189010143 0
      vertex 11.090589344501495 -6.956421189010143 4
      vertex 11.062518410384655 -6.8152990490198135 0
    endloop
  endfacet
  facet normal -0.9978589212284691 -0.06540315989886114 0
    outer loop
      vertex 11.090589344501495 -6.956421189010143 4
      vertex 11.090589344501495 -6.956421189010143 0
      vertex 11.100000001490116 -7.100000001490116 4
    endloop
  endfacet
  facet normal -0.7518397899395236 -0.6593458350999823 0
    outer loop
      vertex 10.872688673436642 -6.4303624257445335 4
      vertex 10.777817457914352 -6.322182543575764 0
      vertex 10.872688673436642 -6.4303624257445335 0
    endloop
  endfacet
  facet normal -0.9469301251010733 -0.3214394782475631 0
    outer loop
      vertex 11.062518410384655 -6.8152990490198135 4
      vertex 11.016267485916615 -6.679048225283623 0
      vertex 11.062518410384655 -6.8152990490198135 0
    endloop
  endfacet
  facet normal -0.8314696151574068 -0.555570228747 0
    outer loop
      vertex 10.952627941966057 -6.549999997019768 4
      vertex 10.872688673436642 -6.4303624257445335 0
      vertex 10.952627941966057 -6.549999997019768 0
    endloop
  endfacet
  facet normal -0.8968727403064515 -0.44228869270556337 0
    outer loop
      vertex 11.016267485916615 -6.679048225283623 4
      vertex 10.952627941966057 -6.549999997019768 0
      vertex 11.016267485916615 -6.679048225283623 0
    endloop
  endfacet
  facet normal -0.9807852868372589 -0.1950902896700804 0
    outer loop
      vertex 11.090589344501495 -6.956421189010143 4
      vertex 11.062518410384655 -6.8152990490198135 4
      vertex 11.062518410384655 -6.8152990490198135 0
    endloop
  endfacet
  facet normal -0.9469301251010733 -0.3214394782475631 0
    outer loop
      vertex 11.062518410384655 -6.8152990490198135 4
      vertex 11.016267485916615 -6.679048225283623 4
      vertex 11.016267485916615 -6.679048225283623 0
    endloop
  endfacet
  facet normal -0.8968727403064515 -0.44228869270556337 0
    outer loop
      vertex 11.016267485916615 -6.679048225283623 4
      vertex 10.952627941966057 -6.549999997019768 4
      vertex 10.952627941966057 -6.549999997019768 0
    endloop
  endfacet
  facet normal -0.8314696151574068 -0.555570228747 0
    outer loop
      vertex 10.952627941966057 -6.549999997019768 4
      vertex 10.872688673436642 -6.4303624257445335 4
      vertex 10.872688673436642 -6.4303624257445335 0
    endloop
  endfacet
  facet normal -0.6593458094310691 -0.7518398124505568 0
    outer loop
      vertex 10.777817457914352 -6.322182543575764 4
      vertex 10.669637568295002 -6.227311328053474 0
      vertex 10.777817457914352 -6.322182543575764 0
    endloop
  endfacet
  facet normal -0.555570228747 -0.8314696151574068 0
    outer loop
      vertex 10.669637568295002 -6.227311328053474 4
      vertex 10.549999997019768 -6.147372059524059 0
      vertex 10.669637568295002 -6.227311328053474 0
    endloop
  endfacet
  facet normal -0.6593458094310691 -0.7518398124505568 0
    outer loop
      vertex 10.777817457914352 -6.322182543575764 4
      vertex 10.669637568295002 -6.227311328053474 4
      vertex 10.669637568295002 -6.227311328053474 0
    endloop
  endfacet
  facet normal -0.7518397899395236 -0.6593458350999823 0
    outer loop
      vertex 10.872688673436642 -6.4303624257445335 4
      vertex 10.777817457914352 -6.322182543575764 4
      vertex 10.777817457914352 -6.322182543575764 0
    endloop
  endfacet
  facet normal 0.6593458094310691 0.7518398124505568 0
    outer loop
      vertex 9.330362431704998 6.227311328053474 0
      vertex 9.222182542085648 6.322182543575764 0
      vertex 9.222182542085648 6.322182543575764 4
    endloop
  endfacet
  facet normal 0.555570228747 0.8314696151574068 0
    outer loop
      vertex 9.450000002980232 6.147372059524059 0
      vertex 9.330362431704998 6.227311328053474 0
      vertex 9.330362431704998 6.227311328053474 4
    endloop
  endfacet
  facet normal 0.4422887132458062 0.8968727301771244 0
    outer loop
      vertex 9.579048223793507 6.083732515573502 0
      vertex 9.450000002980232 6.147372059524059 0
      vertex 9.450000002980232 6.147372059524059 4
    endloop
  endfacet
  facet normal 0.7518397899395236 0.6593458350999823 0
    outer loop
      vertex 9.222182542085648 6.322182543575764 4
      vertex 9.222182542085648 6.322182543575764 0
      vertex 9.127311326563358 6.4303624257445335 4
    endloop
  endfacet
  facet normal 0.6593458094310691 0.7518398124505568 0
    outer loop
      vertex 9.330362431704998 6.227311328053474 0
      vertex 9.222182542085648 6.322182543575764 4
      vertex 9.330362431704998 6.227311328053474 4
    endloop
  endfacet
  facet normal 0.4422887132458062 0.8968727301771244 0
    outer loop
      vertex 9.579048223793507 6.083732515573502 4
      vertex 9.579048223793507 6.083732515573502 0
      vertex 9.450000002980232 6.147372059524059 4
    endloop
  endfacet
  facet normal 0.555570228747 0.8314696151574068 0
    outer loop
      vertex 9.450000002980232 6.147372059524059 0
      vertex 9.330362431704998 6.227311328053474 4
      vertex 9.450000002980232 6.147372059524059 4
    endloop
  endfacet
  facet normal 0.3214394782475631 0.9469301251010733 0
    outer loop
      vertex 9.715299047529697 6.037481591105461 0
      vertex 9.579048223793507 6.083732515573502 0
      vertex 9.579048223793507 6.083732515573502 4
    endloop
  endfacet
  facet normal 0.19509033948010818 0.9807852769294287 0
    outer loop
      vertex 9.856421187520027 6.00941064953804 0
      vertex 9.715299047529697 6.037481591105461 0
      vertex 9.715299047529697 6.037481591105461 4
    endloop
  endfacet
  facet normal 0.0654031083395394 0.9978589246078458 0
    outer loop
      vertex 9.856421187520027 6.00941064953804 0
      vertex 9.856421187520027 6.00941064953804 4
      vertex 10 6 0
    endloop
  endfacet
  facet normal -0.0654031083395394 0.9978589246078458 0
    outer loop
      vertex 10 6 4
      vertex 10.143578812479973 6.00941064953804 0
      vertex 10 6 0
    endloop
  endfacet
  facet normal 0.3214394782475631 0.9469301251010733 0
    outer loop
      vertex 9.715299047529697 6.037481591105461 0
      vertex 9.579048223793507 6.083732515573502 4
      vertex 9.715299047529697 6.037481591105461 4
    endloop
  endfacet
  facet normal 0.19509033948010818 0.9807852769294287 0
    outer loop
      vertex 9.856421187520027 6.00941064953804 0
      vertex 9.715299047529697 6.037481591105461 4
      vertex 9.856421187520027 6.00941064953804 4
    endloop
  endfacet
  facet normal 0.0654031083395394 0.9978589246078458 0
    outer loop
      vertex 10 6 4
      vertex 10 6 0
      vertex 9.856421187520027 6.00941064953804 4
    endloop
  endfacet
  facet normal -0.19509033948010818 0.9807852769294287 0
    outer loop
      vertex 10.143578812479973 6.00941064953804 4
      vertex 10.284700952470303 6.037481591105461 0
      vertex 10.143578812479973 6.00941064953804 0
    endloop
  endfacet
  facet normal -0.3214394782475631 0.9469301251010733 0
    outer loop
      vertex 10.284700952470303 6.037481591105461 4
      vertex 10.420951776206493 6.083732515573502 0
      vertex 10.284700952470303 6.037481591105461 0
    endloop
  endfacet
  facet normal -0.4422887132458062 0.8968727301771244 0
    outer loop
      vertex 10.420951776206493 6.083732515573502 0
      vertex 10.420951776206493 6.083732515573502 4
      vertex 10.549999997019768 6.147372059524059 0
    endloop
  endfacet
  facet normal -0.555570228747 0.8314696151574068 0
    outer loop
      vertex 10.549999997019768 6.147372059524059 0
      vertex 10.549999997019768 6.147372059524059 4
      vertex 10.669637568295002 6.227311328053474 0
    endloop
  endfacet
  facet normal -0.0654031083395394 0.9978589246078458 0
    outer loop
      vertex 10 6 4
      vertex 10.143578812479973 6.00941064953804 4
      vertex 10.143578812479973 6.00941064953804 0
    endloop
  endfacet
  facet normal -0.19509033948010818 0.9807852769294287 0
    outer loop
      vertex 10.143578812479973 6.00941064953804 4
      vertex 10.284700952470303 6.037481591105461 4
      vertex 10.284700952470303 6.037481591105461 0
    endloop
  endfacet
  facet normal -0.3214394782475631 0.9469301251010733 0
    outer loop
      vertex 10.284700952470303 6.037481591105461 4
      vertex 10.420951776206493 6.083732515573502 4
      vertex 10.420951776206493 6.083732515573502 0
    endloop
  endfacet
  facet normal -0.4422887132458062 0.8968727301771244 0
    outer loop
      vertex 10.549999997019768 6.147372059524059 4
      vertex 10.549999997019768 6.147372059524059 0
      vertex 10.420951776206493 6.083732515573502 4
    endloop
  endfacet
  facet normal 0.8968727403064515 0.44228869270556337 0
    outer loop
      vertex 9.047372058033943 6.549999997019768 0
      vertex 8.983732514083385 6.679048225283623 0
      vertex 8.983732514083385 6.679048225283623 4
    endloop
  endfacet
  facet normal 0.9469301251010733 0.3214394782475631 0
    outer loop
      vertex 8.983732514083385 6.679048225283623 0
      vertex 8.937481589615345 6.8152990490198135 0
      vertex 8.937481589615345 6.8152990490198135 4
    endloop
  endfacet
  facet normal 0.8968727403064515 0.44228869270556337 0
    outer loop
      vertex 9.047372058033943 6.549999997019768 0
      vertex 8.983732514083385 6.679048225283623 4
      vertex 9.047372058033943 6.549999997019768 4
    endloop
  endfacet
  facet normal 0.9469301251010733 0.3214394782475631 0
    outer loop
      vertex 8.983732514083385 6.679048225283623 0
      vertex 8.937481589615345 6.8152990490198135 4
      vertex 8.983732514083385 6.679048225283623 4
    endloop
  endfacet
  facet normal 0.9807852868372589 0.1950902896700804 0
    outer loop
      vertex 8.937481589615345 6.8152990490198135 0
      vertex 8.909410655498505 6.956421189010143 4
      vertex 8.937481589615345 6.8152990490198135 4
    endloop
  endfacet
  facet normal 0.9807852868372589 0.1950902896700804 0
    outer loop
      vertex 8.937481589615345 6.8152990490198135 0
      vertex 8.909410655498505 6.956421189010143 0
      vertex 8.909410655498505 6.956421189010143 4
    endloop
  endfacet
  facet normal 0.9978589212284691 0.06540315989886114 0
    outer loop
      vertex 8.909410655498505 6.956421189010143 0
      vertex 8.899999998509884 7.100000001490116 0
      vertex 8.899999998509884 7.100000001490116 4
    endloop
  endfacet
  facet normal 0.9978589212284691 0.06540315989886114 0
    outer loop
      vertex 8.909410655498505 6.956421189010143 0
      vertex 8.899999998509884 7.100000001490116 4
      vertex 8.909410655498505 6.956421189010143 4
    endloop
  endfacet
  facet normal 0.7518397899395236 0.6593458350999823 0
    outer loop
      vertex 9.127311326563358 6.4303624257445335 0
      vertex 9.127311326563358 6.4303624257445335 4
      vertex 9.222182542085648 6.322182543575764 0
    endloop
  endfacet
  facet normal 0.8314696151574068 0.555570228747 0
    outer loop
      vertex 9.127311326563358 6.4303624257445335 0
      vertex 9.047372058033943 6.549999997019768 0
      vertex 9.047372058033943 6.549999997019768 4
    endloop
  endfacet
  facet normal 0.8314696151574068 0.555570228747 0
    outer loop
      vertex 9.127311326563358 6.4303624257445335 0
      vertex 9.047372058033943 6.549999997019768 4
      vertex 9.127311326563358 6.4303624257445335 4
    endloop
  endfacet
  facet normal -0.6593458094310691 0.7518398124505568 0
    outer loop
      vertex 10.669637568295002 6.227311328053474 4
      vertex 10.777817457914352 6.322182543575764 0
      vertex 10.669637568295002 6.227311328053474 0
    endloop
  endfacet
  facet normal -0.7518397899395236 0.6593458350999823 0
    outer loop
      vertex 10.777817457914352 6.322182543575764 4
      vertex 10.872688673436642 6.4303624257445335 0
      vertex 10.777817457914352 6.322182543575764 0
    endloop
  endfacet
  facet normal -0.555570228747 0.8314696151574068 0
    outer loop
      vertex 10.669637568295002 6.227311328053474 4
      vertex 10.669637568295002 6.227311328053474 0
      vertex 10.549999997019768 6.147372059524059 4
    endloop
  endfacet
  facet normal -0.6593458094310691 0.7518398124505568 0
    outer loop
      vertex 10.669637568295002 6.227311328053474 4
      vertex 10.777817457914352 6.322182543575764 4
      vertex 10.777817457914352 6.322182543575764 0
    endloop
  endfacet
  facet normal -0.8314696151574068 0.555570228747 0
    outer loop
      vertex 10.872688673436642 6.4303624257445335 4
      vertex 10.952627941966057 6.549999997019768 0
      vertex 10.872688673436642 6.4303624257445335 0
    endloop
  endfacet
  facet normal -0.8968727403064515 0.44228869270556337 0
    outer loop
      vertex 10.952627941966057 6.549999997019768 4
      vertex 11.016267485916615 6.679048225283623 0
      vertex 10.952627941966057 6.549999997019768 0
    endloop
  endfacet
  facet normal -0.9469301251010733 0.3214394782475631 0
    outer loop
      vertex 11.016267485916615 6.679048225283623 4
      vertex 11.062518410384655 6.8152990490198135 0
      vertex 11.016267485916615 6.679048225283623 0
    endloop
  endfacet
  facet normal -0.9807852868372589 0.1950902896700804 0
    outer loop
      vertex 11.062518410384655 6.8152990490198135 4
      vertex 11.090589344501495 6.956421189010143 0
      vertex 11.062518410384655 6.8152990490198135 0
    endloop
  endfacet
  facet normal -0.7518397899395236 0.6593458350999823 0
    outer loop
      vertex 10.777817457914352 6.322182543575764 4
      vertex 10.872688673436642 6.4303624257445335 4
      vertex 10.872688673436642 6.4303624257445335 0
    endloop
  endfacet
  facet normal -0.8314696151574068 0.555570228747 0
    outer loop
      vertex 10.872688673436642 6.4303624257445335 4
      vertex 10.952627941966057 6.549999997019768 4
      vertex 10.952627941966057 6.549999997019768 0
    endloop
  endfacet
  facet normal -0.8968727403064515 0.44228869270556337 0
    outer loop
      vertex 10.952627941966057 6.549999997019768 4
      vertex 11.016267485916615 6.679048225283623 4
      vertex 11.016267485916615 6.679048225283623 0
    endloop
  endfacet
  facet normal -0.9469301251010733 0.3214394782475631 0
    outer loop
      vertex 11.016267485916615 6.679048225283623 4
      vertex 11.062518410384655 6.8152990490198135 4
      vertex 11.062518410384655 6.8152990490198135 0
    endloop
  endfacet
  facet normal -0.9978589212284691 0.06540315989886114 0
    outer loop
      vertex 11.090589344501495 6.956421189010143 0
      vertex 11.090589344501495 6.956421189010143 4
      vertex 11.100000001490116 7.100000001490116 0
    endloop
  endfacet
  facet normal -0.9807852868372589 0.1950902896700804 0
    outer loop
      vertex 11.062518410384655 6.8152990490198135 4
      vertex 11.090589344501495 6.956421189010143 4
      vertex 11.090589344501495 6.956421189010143 0
    endloop
  endfacet
  facet normal -0.9978589212284691 0.06540315989886114 0
    outer loop
      vertex 11.100000001490116 7.100000001490116 4
      vertex 11.100000001490116 7.100000001490116 0
      vertex 11.090589344501495 6.956421189010143 4
    endloop
  endfacet
  facet normal 1 0 0
    outer loop
      vertex 8.899999998509884 12.899999998509884 4
      vertex 8.899999998509884 7.100000001490116 4
      vertex 8.899999998509884 7.100000001490116 0
    endloop
  endfacet
  facet normal 1 0 0
    outer loop
      vertex 8.899999998509884 7.100000001490116 0
      vertex 8.899999998509884 12.899999998509884 0
      vertex 8.899999998509884 12.899999998509884 4
    endloop
  endfacet
  facet normal -1 0 0
    outer loop
      vertex 11.100000001490116 7.100000001490116 0
      vertex 11.100000001490116 7.100000001490116 4
      vertex 11.100000001490116 12.899999998509884 0
    endloop
  endfacet
  facet normal -1 0 0
    outer loop
      vertex 11.100000001490116 7.100000001490116 4
      vertex 11.100000001490116 12.899999998509884 4
      vertex 11.100000001490116 12.899999998509884 0
    endloop
  endfacet
  facet normal 0.9978589212284691 -0.06540315989886114 0
    outer loop
      vertex 8.899999998509884 12.899999998509884 0
      vertex 8.909410655498505 13.043578810989857 0
      vertex 8.909410655498505 13.043578810989857 4
    endloop
  endfacet
  facet normal 0.9807852868372589 -0.1950902896700804 0
    outer loop
      vertex 8.909410655498505 13.043578810989857 0
      vertex 8.937481589615345 13.184700950980186 0
      vertex 8.937481589615345 13.184700950980186 4
    endloop
  endfacet
  facet normal 0.9469301251010733 -0.3214394782475631 0
    outer loop
      vertex 8.937481589615345 13.184700950980186 0
      vertex 8.983732514083385 13.320951774716377 0
      vertex 8.983732514083385 13.320951774716377 4
    endloop
  endfacet
  facet normal 0.9978589212284691 -0.06540315989886114 0
    outer loop
      vertex 8.899999998509884 12.899999998509884 0
      vertex 8.909410655498505 13.043578810989857 4
      vertex 8.899999998509884 12.899999998509884 4
    endloop
  endfacet
  facet normal 0.9807852868372589 -0.1950902896700804 0
    outer loop
      vertex 8.909410655498505 13.043578810989857 4
      vertex 8.909410655498505 13.043578810989857 0
      vertex 8.937481589615345 13.184700950980186 4
    endloop
  endfacet
  facet normal 0.9469301251010733 -0.3214394782475631 0
    outer loop
      vertex 8.937481589615345 13.184700950980186 0
      vertex 8.983732514083385 13.320951774716377 4
      vertex 8.937481589615345 13.184700950980186 4
    endloop
  endfacet
  facet normal 0.8968727403064515 -0.44228869270556337 0
    outer loop
      vertex 8.983732514083385 13.320951774716377 0
      vertex 9.047372058033943 13.450000002980232 0
      vertex 9.047372058033943 13.450000002980232 4
    endloop
  endfacet
  facet normal 0.8968727403064515 -0.44228869270556337 0
    outer loop
      vertex 8.983732514083385 13.320951774716377 0
      vertex 9.047372058033943 13.450000002980232 4
      vertex 8.983732514083385 13.320951774716377 4
    endloop
  endfacet
  facet normal 0.8314696151574068 -0.555570228747 0
    outer loop
      vertex 9.047372058033943 13.450000002980232 0
      vertex 9.127311326563358 13.569637574255466 0
      vertex 9.127311326563358 13.569637574255466 4
    endloop
  endfacet
  facet normal 0.7518397899395236 -0.6593458350999823 0
    outer loop
      vertex 9.127311326563358 13.569637574255466 0
      vertex 9.222182542085648 13.677817456424236 0
      vertex 9.222182542085648 13.677817456424236 4
    endloop
  endfacet
  facet normal 0.6593458094310691 -0.7518398124505568 0
    outer loop
      vertex 9.222182542085648 13.677817456424236 0
      vertex 9.330362431704998 13.772688671946526 0
      vertex 9.330362431704998 13.772688671946526 4
    endloop
  endfacet
  facet normal 0.8314696151574068 -0.555570228747 0
    outer loop
      vertex 9.047372058033943 13.450000002980232 0
      vertex 9.127311326563358 13.569637574255466 4
      vertex 9.047372058033943 13.450000002980232 4
    endloop
  endfacet
  facet normal 0.7518397899395236 -0.6593458350999823 0
    outer loop
      vertex 9.127311326563358 13.569637574255466 4
      vertex 9.127311326563358 13.569637574255466 0
      vertex 9.222182542085648 13.677817456424236 4
    endloop
  endfacet
  facet normal 0.6593458094310691 -0.7518398124505568 0
    outer loop
      vertex 9.222182542085648 13.677817456424236 0
      vertex 9.330362431704998 13.772688671946526 4
      vertex 9.222182542085648 13.677817456424236 4
    endloop
  endfacet
  facet normal 0.555570228747 -0.8314696151574068 0
    outer loop
      vertex 9.330362431704998 13.772688671946526 0
      vertex 9.450000002980232 13.85262794047594 4
      vertex 9.330362431704998 13.772688671946526 4
    endloop
  endfacet
  facet normal 0.555570228747 -0.8314696151574068 0
    outer loop
      vertex 9.330362431704998 13.772688671946526 0
      vertex 9.450000002980232 13.85262794047594 0
      vertex 9.450000002980232 13.85262794047594 4
    endloop
  endfacet
  facet normal 0.4422887132458062 -0.8968727301771244 0
    outer loop
      vertex 9.450000002980232 13.85262794047594 0
      vertex 9.579048223793507 13.916267484426498 0
      vertex 9.579048223793507 13.916267484426498 4
    endloop
  endfacet
  facet normal 0.4422887132458062 -0.8968727301771244 0
    outer loop
      vertex 9.450000002980232 13.85262794047594 0
      vertex 9.579048223793507 13.916267484426498 4
      vertex 9.450000002980232 13.85262794047594 4
    endloop
  endfacet
  facet normal 0.3214394782475631 -0.9469301251010733 0
    outer loop
      vertex 9.579048223793507 13.916267484426498 0
      vertex 9.715299047529697 13.962518408894539 0
      vertex 9.715299047529697 13.962518408894539 4
    endloop
  endfacet
  facet normal 0.19509033948010818 -0.9807852769294287 0
    outer loop
      vertex 9.715299047529697 13.962518408894539 0
      vertex 9.856421187520027 13.99058935046196 0
      vertex 9.856421187520027 13.99058935046196 4
    endloop
  endfacet
  facet normal 0.0654031083395394 -0.9978589246078458 0
    outer loop
      vertex 9.856421187520027 13.99058935046196 0
      vertex 10 14 0
      vertex 10 14 4
    endloop
  endfacet
  facet normal 0.3214394782475631 -0.9469301251010733 0
    outer loop
      vertex 9.579048223793507 13.916267484426498 0
      vertex 9.715299047529697 13.962518408894539 4
      vertex 9.579048223793507 13.916267484426498 4
    endloop
  endfacet
  facet normal 0.19509033948010818 -0.9807852769294287 0
    outer loop
      vertex 9.715299047529697 13.962518408894539 0
      vertex 9.856421187520027 13.99058935046196 4
      vertex 9.715299047529697 13.962518408894539 4
    endloop
  endfacet
  facet normal 0.0654031083395394 -0.9978589246078458 0
    outer loop
      vertex 9.856421187520027 13.99058935046196 0
      vertex 10 14 4
      vertex 9.856421187520027 13.99058935046196 4
    endloop
  endfacet
  facet normal -0.0654031083395394 -0.9978589246078458 0
    outer loop
      vertex 10 14 0
      vertex 10.143578812479973 13.99058935046196 4
      vertex 10 14 4
    endloop
  endfacet
  facet normal -0.0654031083395394 -0.9978589246078458 0
    outer loop
      vertex 10 14 0
      vertex 10.143578812479973 13.99058935046196 0
      vertex 10.143578812479973 13.99058935046196 4
    endloop
  endfacet
  facet normal -0.19509033948010818 -0.9807852769294287 0
    outer loop
      vertex 10.143578812479973 13.99058935046196 0
      vertex 10.284700952470303 13.962518408894539 0
      vertex 10.284700952470303 13.962518408894539 4
    endloop
  endfacet
  facet normal -0.3214394782475631 -0.9469301251010733 0
    outer loop
      vertex 10.284700952470303 13.962518408894539 0
      vertex 10.420951776206493 13.916267484426498 0
      vertex 10.420951776206493 13.916267484426498 4
    endloop
  endfacet
  facet normal -0.4422887132458062 -0.8968727301771244 0
    outer loop
      vertex 10.420951776206493 13.916267484426498 0
      vertex 10.549999997019768 13.85262794047594 0
      vertex 10.549999997019768 13.85262794047594 4
    endloop
  endfacet
  facet normal -0.19509033948010818 -0.9807852769294287 0
    outer loop
      vertex 10.143578812479973 13.99058935046196 0
      vertex 10.284700952470303 13.962518408894539 4
      vertex 10.143578812479973 13.99058935046196 4
    endloop
  endfacet
  facet normal -0.3214394782475631 -0.9469301251010733 0
    outer loop
      vertex 10.284700952470303 13.962518408894539 0
      vertex 10.420951776206493 13.916267484426498 4
      vertex 10.284700952470303 13.962518408894539 4
    endloop
  endfacet
  facet normal -0.4422887132458062 -0.8968727301771244 0
    outer loop
      vertex 10.420951776206493 13.916267484426498 0
      vertex 10.549999997019768 13.85262794047594 4
      vertex 10.420951776206493 13.916267484426498 4
    endloop
  endfacet
  facet normal -0.555570228747 -0.8314696151574068 0
    outer loop
      vertex 10.549999997019768 13.85262794047594 4
      vertex 10.549999997019768 13.85262794047594 0
      vertex 10.669637568295002 13.772688671946526 4
    endloop
  endfacet
  facet normal -0.9978589212284691 -0.06540315989886114 0
    outer loop
      vertex 11.100000001490116 12.899999998509884 0
      vertex 11.100000001490116 12.899999998509884 4
      vertex 11.090589344501495 13.043578810989857 0
    endloop
  endfacet
  facet normal -0.9807852868372589 -0.1950902896700804 0
    outer loop
      vertex 11.090589344501495 13.043578810989857 0
      vertex 11.090589344501495 13.043578810989857 4
      vertex 11.062518410384655 13.184700950980186 0
    endloop
  endfacet
  facet normal -0.9469301251010733 -0.3214394782475631 0
    outer loop
      vertex 11.016267485916615 13.320951774716377 0
      vertex 11.062518410384655 13.184700950980186 0
      vertex 11.062518410384655 13.184700950980186 4
    endloop
  endfacet
  facet normal -0.9978589212284691 -0.06540315989886114 0
    outer loop
      vertex 11.090589344501495 13.043578810989857 0
      vertex 11.100000001490116 12.899999998509884 4
      vertex 11.090589344501495 13.043578810989857 4
    endloop
  endfacet
  facet normal -0.9807852868372589 -0.1950902896700804 0
    outer loop
      vertex 11.062518410384655 13.184700950980186 4
      vertex 11.062518410384655 13.184700950980186 0
      vertex 11.090589344501495 13.043578810989857 4
    endloop
  endfacet
  facet normal -0.9469301251010733 -0.3214394782475631 0
    outer loop
      vertex 11.016267485916615 13.320951774716377 0
      vertex 11.062518410384655 13.184700950980186 4
      vertex 11.016267485916615 13.320951774716377 4
    endloop
  endfacet
  facet normal -0.555570228747 -0.8314696151574068 0
    outer loop
      vertex 10.549999997019768 13.85262794047594 0
      vertex 10.669637568295002 13.772688671946526 0
      vertex 10.669637568295002 13.772688671946526 4
    endloop
  endfacet
  facet normal -0.6593458094310691 -0.7518398124505568 0
    outer loop
      vertex 10.669637568295002 13.772688671946526 0
      vertex 10.777817457914352 13.677817456424236 0
      vertex 10.777817457914352 13.677817456424236 4
    endloop
  endfacet
  facet normal -0.7518397899395236 -0.6593458350999823 0
    outer loop
      vertex 10.777817457914352 13.677817456424236 0
      vertex 10.872688673436642 13.569637574255466 0
      vertex 10.872688673436642 13.569637574255466 4
    endloop
  endfacet
  facet normal -0.8968727403064515 -0.44228869270556337 0
    outer loop
      vertex 10.952627941966057 13.450000002980232 0
      vertex 11.016267485916615 13.320951774716377 0
      vertex 11.016267485916615 13.320951774716377 4
    endloop
  endfacet
  facet normal -0.8314696151574068 -0.555570228747 0
    outer loop
      vertex 10.872688673436642 13.569637574255466 0
      vertex 10.952627941966057 13.450000002980232 0
      vertex 10.952627941966057 13.450000002980232 4
    endloop
  endfacet
  facet normal -0.6593458094310691 -0.7518398124505568 0
    outer loop
      vertex 10.669637568295002 13.772688671946526 0
      vertex 10.777817457914352 13.677817456424236 4
      vertex 10.669637568295002 13.772688671946526 4
    endloop
  endfacet
  facet normal -0.7518397899395236 -0.6593458350999823 0
    outer loop
      vertex 10.777817457914352 13.677817456424236 0
      vertex 10.872688673436642 13.569637574255466 4
      vertex 10.777817457914352 13.677817456424236 4
    endloop
  endfacet
  facet normal -0.8968727403064515 -0.44228869270556337 0
    outer loop
      vertex 10.952627941966057 13.450000002980232 0
      vertex 11.016267485916615 13.320951774716377 4
      vertex 10.952627941966057 13.450000002980232 4
    endloop
  endfacet
  facet normal -0.8314696151574068 -0.555570228747 0
    outer loop
      vertex 10.872688673436642 13.569637574255466 0
      vertex 10.952627941966057 13.450000002980232 4
      vertex 10.872688673436642 13.569637574255466 4
    endloop
  endfacet
  facet normal 0 0 1
    outer loop
      vertex -11.293155889099049 -10.03542095377604 79.95
      vertex -11.293155889099049 -9.826579046223959 79.95
      vertex -11.3 -9.931 79.95
    endloop
  endfacet
  facet normal 0 0 1
    outer loop
      vertex -11.272740661031255 -10.138055236082016 79.95
      vertex -11.272740661031255 -9.723944763917983 79.95
      vertex -11.293155889099049 -10.03542095377604 79.95
    endloop
  endfacet
  facet normal 0 0 1
    outer loop
      vertex -11.23910362600903 -10.23714674589207 79.95
      vertex -11.23910362600903 -9.624853254107927 79.95
      vertex -11.272740661031255 -10.138055236082016 79.95
    endloop
  endfacet
  facet normal 0 0 1
    outer loop
      vertex -11.19282032302755 -10.331 79.95
      vertex -11.19282032302755 -9.530999999999999 79.95
      vertex -11.23910362600903 -10.23714674589207 79.95
    endloop
  endfacet
  facet normal 0 0 1
    outer loop
      vertex -11.293155889099049 -10.03542095377604 79.95
      vertex -11.272740661031255 -9.723944763917983 79.95
      vertex -11.293155889099049 -9.826579046223959 79.95
    endloop
  endfacet
  facet normal 0 0 1
    outer loop
      vertex -11.272740661031255 -10.138055236082016 79.95
      vertex -11.23910362600903 -9.624853254107927 79.95
      vertex -11.272740661031255 -9.723944763917983 79.95
    endloop
  endfacet
  facet normal 0 0 1
    outer loop
      vertex -11.23910362600903 -10.23714674589207 79.95
      vertex -11.19282032302755 -9.530999999999999 79.95
      vertex -11.23910362600903 -9.624853254107927 79.95
    endloop
  endfacet
  facet normal 0 0 1
    outer loop
      vertex -11.19282032302755 -10.331 79.95
      vertex -11.134682672232987 -9.443990856793022 79.95
      vertex -11.19282032302755 -9.530999999999999 79.95
    endloop
  endfacet
  facet normal 0 0 1
    outer loop
      vertex -10.987009143206976 -10.565682672232988 79.95
      vertex -10.987009143206976 -9.29631732776701 79.95
      vertex -11.065685424949239 -10.496685424949238 79.95
    endloop
  endfacet
  facet normal 0 0 1
    outer loop
      vertex -10.987009143206976 -10.565682672232988 79.95
      vertex -10.9 -10.62382032302755 79.95
      vertex -10.9 -9.238179676972448 79.95
    endloop
  endfacet
  facet normal 0 0 1
    outer loop
      vertex -10.9 -10.62382032302755 79.95
      vertex -10.806146745892072 -10.670103626009029 79.95
      vertex -10.806146745892072 -9.19189637399097 79.95
    endloop
  endfacet
  facet normal 0 0 1
    outer loop
      vertex -10.806146745892072 -10.670103626009029 79.95
      vertex -10.707055236082017 -10.703740661031254 79.95
      vertex -10.707055236082017 -9.158259338968744 79.95
    endloop
  endfacet
  facet normal 0 0 1
    outer loop
      vertex -10.60442095377604 -10.724155889099048 79.95
      vertex -10.60442095377604 -9.13784411090095 79.95
      vertex -10.707055236082017 -10.703740661031254 79.95
    endloop
  endfacet
  facet normal 0 0 1
    outer loop
      vertex -11.134682672232987 -10.418009143206977 79.95
      vertex -11.134682672232987 -9.443990856793022 79.95
      vertex -11.19282032302755 -10.331 79.95
    endloop
  endfacet
  facet normal 0 0 1
    outer loop
      vertex -11.134682672232987 -10.418009143206977 79.95
      vertex -11.065685424949239 -10.496685424949238 79.95
      vertex -11.065685424949239 -9.36531457505076 79.95
    endloop
  endfacet
  facet normal 0 0 1
    outer loop
      vertex -11.134682672232987 -10.418009143206977 79.95
      vertex -11.065685424949239 -9.36531457505076 79.95
      vertex -11.134682672232987 -9.443990856793022 79.95
    endloop
  endfacet
  facet normal 0 0 1
    outer loop
      vertex -11.065685424949239 -10.496685424949238 79.95
      vertex -10.987009143206976 -9.29631732776701 79.95
      vertex -11.065685424949239 -9.36531457505076 79.95
    endloop
  endfacet
  facet normal 0 0 1
    outer loop
      vertex -10.987009143206976 -10.565682672232988 79.95
      vertex -10.9 -9.238179676972448 79.95
      vertex -10.987009143206976 -9.29631732776701 79.95
    endloop
  endfacet
  facet normal 0 0 1
    outer loop
      vertex -10.9 -10.62382032302755 79.95
      vertex -10.806146745892072 -9.19189637399097 79.95
      vertex -10.9 -9.238179676972448 79.95
    endloop
  endfacet
  facet normal 0 0 1
    outer loop
      vertex -10.806146745892072 -10.670103626009029 79.95
      vertex -10.707055236082017 -9.158259338968744 79.95
      vertex -10.806146745892072 -9.19189637399097 79.95
    endloop
  endfacet
  facet normal 0 0 1
    outer loop
      vertex -10.707055236082017 -10.703740661031254 79.95
      vertex -10.60442095377604 -9.13784411090095 79.95
      vertex -10.707055236082017 -9.158259338968744 79.95
    endloop
  endfacet
  facet normal 0 0 1
    outer loop
      vertex -10.60442095377604 -10.724155889099048 79.95
      vertex -10.5 -10.731 79.95
      vertex -10.5 -9.130999999999998 79.95
    endloop
  endfacet
  facet normal 0 0 1
    outer loop
      vertex -10.5 -10.731 79.95
      vertex -10.39557904622396 -10.724155889099048 79.95
      vertex -10.39557904622396 -9.13784411090095 79.95
    endloop
  endfacet
  facet normal 0 0 1
    outer loop
      vertex -10.39557904622396 -10.724155889099048 79.95
      vertex -10.292944763917983 -10.703740661031254 79.95
      vertex -10.292944763917983 -9.158259338968744 79.95
    endloop
  endfacet
  facet normal 0 0 1
    outer loop
      vertex -10.292944763917983 -10.703740661031254 79.95
      vertex -10.193853254107928 -10.670103626009029 79.95
      vertex -10.193853254107928 -9.19189637399097 79.95
    endloop
  endfacet
  facet normal 0 0 1
    outer loop
      vertex -10.193853254107928 -10.670103626009029 79.95
      vertex -10.1 -10.62382032302755 79.95
      vertex -10.1 -9.238179676972448 79.95
    endloop
  endfacet
  facet normal 0 0 1
    outer loop
      vertex -10.60442095377604 -10.724155889099048 79.95
      vertex -10.5 -9.130999999999998 79.95
      vertex -10.60442095377604 -9.13784411090095 79.95
    endloop
  endfacet
  facet normal 0 0 1
    outer loop
      vertex -10.5 -10.731 79.95
      vertex -10.39557904622396 -9.13784411090095 79.95
      vertex -10.5 -9.130999999999998 79.95
    endloop
  endfacet
  facet normal 0 0 1
    outer loop
      vertex -10.39557904622396 -10.724155889099048 79.95
      vertex -10.292944763917983 -9.158259338968744 79.95
      vertex -10.39557904622396 -9.13784411090095 79.95
    endloop
  endfacet
  facet normal 0 0 1
    outer loop
      vertex -10.292944763917983 -10.703740661031254 79.95
      vertex -10.193853254107928 -9.19189637399097 79.95
      vertex -10.292944763917983 -9.158259338968744 79.95
    endloop
  endfacet
  facet normal 0 0 1
    outer loop
      vertex -10.193853254107928 -10.670103626009029 79.95
      vertex -10.1 -9.238179676972448 79.95
      vertex -10.193853254107928 -9.19189637399097 79.95
    endloop
  endfacet
  facet normal 0 0 1
    outer loop
      vertex -10.1 -10.62382032302755 79.95
      vertex -10.012990856793024 -10.565682672232988 79.95
      vertex -10.012990856793024 -9.29631732776701 79.95
    endloop
  endfacet
  facet normal 0 0 1
    outer loop
      vertex -10.012990856793024 -10.565682672232988 79.95
      vertex -9.934314575050761 -10.496685424949238 79.95
      vertex -9.934314575050761 -9.36531457505076 79.95
    endloop
  endfacet
  facet normal 0 0 1
    outer loop
      vertex -9.934314575050761 -10.496685424949238 79.95
      vertex -9.865317327767013 -10.418009143206977 79.95
      vertex -9.865317327767013 -9.443990856793022 79.95
    endloop
  endfacet
  facet normal 0 0 1
    outer loop
      vertex -10.1 -10.62382032302755 79.95
      vertex -10.012990856793024 -9.29631732776701 79.95
      vertex -10.1 -9.238179676972448 79.95
    endloop
  endfacet
  facet normal 0 0 1
    outer loop
      vertex -10.012990856793024 -10.565682672232988 79.95
      vertex -9.934314575050761 -9.36531457505076 79.95
      vertex -10.012990856793024 -9.29631732776701 79.95
    endloop
  endfacet
  facet normal 0 0 1
    outer loop
      vertex -9.934314575050761 -10.496685424949238 79.95
      vertex -9.865317327767013 -9.443990856793022 79.95
      vertex -9.934314575050761 -9.36531457505076 79.95
    endloop
  endfacet
  facet normal 0 0 1
    outer loop
      vertex -9.865317327767013 -10.418009143206977 79.95
      vertex -9.80717967697245 -9.530999999999999 79.95
      vertex -9.865317327767013 -9.443990856793022 79.95
    endloop
  endfacet
  facet normal 0 0 1
    outer loop
      vertex -9.865317327767013 -10.418009143206977 79.95
      vertex -9.80717967697245 -10.331 79.95
      vertex -9.80717967697245 -9.530999999999999 79.95
    endloop
  endfacet
  facet normal 0 0 1
    outer loop
      vertex -9.80717967697245 -10.331 79.95
      vertex -9.76089637399097 -10.23714674589207 79.95
      vertex -9.76089637399097 -9.624853254107927 79.95
    endloop
  endfacet
  facet normal 0 0 1
    outer loop
      vertex -9.76089637399097 -10.23714674589207 79.95
      vertex -9.727259338968745 -10.138055236082016 79.95
      vertex -9.727259338968745 -9.723944763917983 79.95
    endloop
  endfacet
  facet normal 0 0 1
    outer loop
      vertex -9.727259338968745 -10.138055236082016 79.95
      vertex -9.706844110900951 -10.03542095377604 79.95
      vertex -9.706844110900951 -9.826579046223959 79.95
    endloop
  endfacet
  facet normal 0 0 1
    outer loop
      vertex -9.80717967697245 -10.331 79.95
      vertex -9.76089637399097 -9.624853254107927 79.95
      vertex -9.80717967697245 -9.530999999999999 79.95
    endloop
  endfacet
  facet normal 0 0 1
    outer loop
      vertex -9.706844110900951 -10.03542095377604 79.95
      vertex -9.7 -9.931 79.95
      vertex -9.706844110900951 -9.826579046223959 79.95
    endloop
  endfacet
  facet normal 0 0 1
    outer loop
      vertex -9.727259338968745 -10.138055236082016 79.95
      vertex -9.706844110900951 -9.826579046223959 79.95
      vertex -9.727259338968745 -9.723944763917983 79.95
    endloop
  endfacet
  facet normal 0 0 1
    outer loop
      vertex -9.76089637399097 -10.23714674589207 79.95
      vertex -9.727259338968745 -9.723944763917983 79.95
      vertex -9.76089637399097 -9.624853254107927 79.95
    endloop
  endfacet
  facet normal 0.4422886902190024 0.8968727415326878 0
    outer loop
      vertex -10.9 -10.62382032302755 79.95
      vertex -10.9 -10.62382032302755 85.95
      vertex -10.806146745892072 -10.670103626009029 79.95
    endloop
  endfacet
  facet normal 0.32143946530316597 0.9469301294951041 0
    outer loop
      vertex -10.806146745892072 -10.670103626009029 79.95
      vertex -10.806146745892072 -10.670103626009029 85.95
      vertex -10.707055236082017 -10.703740661031254 79.95
    endloop
  endfacet
  facet normal 0.1950903220161282 0.9807852804032304 -9.018185224680097e-20
    outer loop
      vertex -10.60442095377604 -10.724155889099048 79.95
      vertex -10.707055236082017 -10.703740661031254 79.95
      vertex -10.707055236082017 -10.703740661031254 85.95
    endloop
  endfacet
  facet normal 0.4422886902190024 0.8968727415326878 0
    outer loop
      vertex -10.806146745892072 -10.670103626009029 79.95
      vertex -10.9 -10.62382032302755 85.95
      vertex -10.806146745892072 -10.670103626009029 85.95
    endloop
  endfacet
  facet normal 0.32143946530316597 0.9469301294951041 0
    outer loop
      vertex -10.707055236082017 -10.703740661031254 79.95
      vertex -10.806146745892072 -10.670103626009029 85.95
      vertex -10.707055236082017 -10.703740661031254 85.95
    endloop
  endfacet
  facet normal 0.1950903220161282 0.9807852804032304 0
    outer loop
      vertex -10.60442095377604 -10.724155889099048 79.95
      vertex -10.707055236082017 -10.703740661031254 85.95
      vertex -10.60442095377604 -10.724155889099048 85.95
    endloop
  endfacet
  facet normal 0.831469612302544 0.5555702330196043 4.4667266689294455e-19
    outer loop
      vertex -11.134682672232987 -10.418009143206977 79.95
      vertex -11.19282032302755 -10.331 79.95
      vertex -11.19282032302755 -10.331 85.95
    endloop
  endfacet
  facet normal 0.8968727415326878 0.4422886902190024 -6.418517086235314e-20
    outer loop
      vertex -11.19282032302755 -10.331 79.95
      vertex -11.23910362600903 -10.23714674589207 79.95
      vertex -11.23910362600903 -10.23714674589207 85.95
    endloop
  endfacet
  facet normal 0.9469301294951041 0.32143946530316597 -2.3423720617143073e-19
    outer loop
      vertex -11.23910362600903 -10.23714674589207 79.95
      vertex -11.272740661031255 -10.138055236082016 79.95
      vertex -11.272740661031255 -10.138055236082016 85.95
    endloop
  endfacet
  facet normal 0.8968727415326878 0.4422886902190024 0
    outer loop
      vertex -11.19282032302755 -10.331 79.95
      vertex -11.23910362600903 -10.23714674589207 85.95
      vertex -11.19282032302755 -10.331 85.95
    endloop
  endfacet
  facet normal 0.9469301294951041 0.32143946530316597 0
    outer loop
      vertex -11.23910362600903 -10.23714674589207 79.95
      vertex -11.272740661031255 -10.138055236082016 85.95
      vertex -11.23910362600903 -10.23714674589207 85.95
    endloop
  endfacet
  facet normal 0.9807852804032304 0.1950903220161282 0
    outer loop
      vertex -11.272740661031255 -10.138055236082016 79.95
      vertex -11.293155889099049 -10.03542095377604 85.95
      vertex -11.272740661031255 -10.138055236082016 85.95
    endloop
  endfacet
  facet normal 0.9978589232386035 0.0654031292301429 4.776060478907566e-20
    outer loop
      vertex -11.293155889099049 -10.03542095377604 79.95
      vertex -11.3 -9.931 79.95
      vertex -11.3 -9.931 85.95
    endloop
  endfacet
  facet normal 0.9978589232386035 -0.0654031292301429 -4.776060478907566e-20
    outer loop
      vertex -11.3 -9.931 79.95
      vertex -11.293155889099049 -9.826579046223959 79.95
      vertex -11.293155889099049 -9.826579046223959 85.95
    endloop
  endfacet
  facet normal 0.9807852804032304 0.1950903220161282 -9.018185224680097e-20
    outer loop
      vertex -11.272740661031255 -10.138055236082016 79.95
      vertex -11.293155889099049 -10.03542095377604 79.95
      vertex -11.293155889099049 -10.03542095377604 85.95
    endloop
  endfacet
  facet normal 0.9807852804032304 -0.1950903220161282 9.018185224680097e-20
    outer loop
      vertex -11.293155889099049 -9.826579046223959 79.95
      vertex -11.272740661031255 -9.723944763917983 79.95
      vertex -11.272740661031255 -9.723944763917983 85.95
    endloop
  endfacet
  facet normal 0.9469301294951041 -0.32143946530316597 2.3423720617143073e-19
    outer loop
      vertex -11.272740661031255 -9.723944763917983 79.95
      vertex -11.23910362600903 -9.624853254107927 79.95
      vertex -11.23910362600903 -9.624853254107927 85.95
    endloop
  endfacet
  facet normal 0.9978589232386035 0.0654031292301429 0
    outer loop
      vertex -11.293155889099049 -10.03542095377604 79.95
      vertex -11.3 -9.931 85.95
      vertex -11.293155889099049 -10.03542095377604 85.95
    endloop
  endfacet
  facet normal 0.9978589232386035 -0.0654031292301429 0
    outer loop
      vertex -11.3 -9.931 79.95
      vertex -11.293155889099049 -9.826579046223959 85.95
      vertex -11.3 -9.931 85.95
    endloop
  endfacet
  facet normal 0.9807852804032304 -0.1950903220161282 0
    outer loop
      vertex -11.293155889099049 -9.826579046223959 79.95
      vertex -11.272740661031255 -9.723944763917983 85.95
      vertex -11.293155889099049 -9.826579046223959 85.95
    endloop
  endfacet
  facet normal 0.9469301294951041 -0.32143946530316597 0
    outer loop
      vertex -11.272740661031255 -9.723944763917983 79.95
      vertex -11.23910362600903 -9.624853254107927 85.95
      vertex -11.272740661031255 -9.723944763917983 85.95
    endloop
  endfacet
  facet normal 0.8968727415326878 -0.4422886902190024 0
    outer loop
      vertex -11.23910362600903 -9.624853254107927 79.95
      vertex -11.19282032302755 -9.530999999999999 85.95
      vertex -11.23910362600903 -9.624853254107927 85.95
    endloop
  endfacet
  facet normal 0.6593458151000628 0.7518398074789827 6.328444548284083e-19
    outer loop
      vertex -10.987009143206976 -10.565682672232988 79.95
      vertex -11.065685424949239 -10.496685424949238 79.95
      vertex -11.065685424949239 -10.496685424949238 85.95
    endloop
  endfacet
  facet normal 0.7518398074789837 0.6593458151000616 0
    outer loop
      vertex -11.134682672232987 -10.418009143206977 79.95
      vertex -11.134682672232987 -10.418009143206977 85.95
      vertex -11.065685424949239 -10.496685424949238 79.95
    endloop
  endfacet
  facet normal 0.5555702330196004 0.8314696123025466 0
    outer loop
      vertex -10.987009143206976 -10.565682672232988 79.95
      vertex -10.987009143206976 -10.565682672232988 85.95
      vertex -10.9 -10.62382032302755 79.95
    endloop
  endfacet
  facet normal 0.831469612302544 0.5555702330196043 0
    outer loop
      vertex -11.134682672232987 -10.418009143206977 79.95
      vertex -11.19282032302755 -10.331 85.95
      vertex -11.134682672232987 -10.418009143206977 85.95
    endloop
  endfacet
  facet normal 0.7518398074789837 0.6593458151000616 0
    outer loop
      vertex -11.065685424949239 -10.496685424949238 79.95
      vertex -11.134682672232987 -10.418009143206977 85.95
      vertex -11.065685424949239 -10.496685424949238 85.95
    endloop
  endfacet
  facet normal 0.6593458151000628 0.7518398074789827 0
    outer loop
      vertex -10.987009143206976 -10.565682672232988 79.95
      vertex -11.065685424949239 -10.496685424949238 85.95
      vertex -10.987009143206976 -10.565682672232988 85.95
    endloop
  endfacet
  facet normal 0.5555702330196004 0.8314696123025466 0
    outer loop
      vertex -10.9 -10.62382032302755 79.95
      vertex -10.987009143206976 -10.565682672232988 85.95
      vertex -10.9 -10.62382032302755 85.95
    endloop
  endfacet
  facet normal 0.8968727415326878 -0.4422886902190024 6.418517086235314e-20
    outer loop
      vertex -11.23910362600903 -9.624853254107927 79.95
      vertex -11.19282032302755 -9.530999999999999 79.95
      vertex -11.19282032302755 -9.530999999999999 85.95
    endloop
  endfacet
  facet normal 0.831469612302544 -0.5555702330196043 0
    outer loop
      vertex -11.19282032302755 -9.530999999999999 79.95
      vertex -11.134682672232987 -9.443990856793022 85.95
      vertex -11.19282032302755 -9.530999999999999 85.95
    endloop
  endfacet
  facet normal 0.831469612302544 -0.5555702330196043 -4.4667266689294455e-19
    outer loop
      vertex -11.19282032302755 -9.530999999999999 79.95
      vertex -11.134682672232987 -9.443990856793022 79.95
      vertex -11.134682672232987 -9.443990856793022 85.95
    endloop
  endfacet
  facet normal 0.7518398074789837 -0.6593458151000616 1.4713116924157964e-19
    outer loop
      vertex -11.134682672232987 -9.443990856793022 79.95
      vertex -11.065685424949239 -9.36531457505076 79.95
      vertex -11.065685424949239 -9.36531457505076 85.95
    endloop
  endfacet
  facet normal 0.6593458151000628 -0.7518398074789827 -6.328444548284083e-19
    outer loop
      vertex -11.065685424949239 -9.36531457505076 79.95
      vertex -10.987009143206976 -9.29631732776701 79.95
      vertex -10.987009143206976 -9.29631732776701 85.95
    endloop
  endfacet
  facet normal 0.5555702330196004 -0.8314696123025466 5.74713348387019e-19
    outer loop
      vertex -10.987009143206976 -9.29631732776701 79.95
      vertex -10.9 -9.238179676972448 79.95
      vertex -10.9 -9.238179676972448 85.95
    endloop
  endfacet
  facet normal 0.4422886902190024 -0.8968727415326878 6.418517086235314e-20
    outer loop
      vertex -10.9 -9.238179676972448 79.95
      vertex -10.806146745892072 -9.19189637399097 79.95
      vertex -10.806146745892072 -9.19189637399097 85.95
    endloop
  endfacet
  facet normal 0.32143946530316597 -0.9469301294951041 2.3423720617143073e-19
    outer loop
      vertex -10.806146745892072 -9.19189637399097 79.95
      vertex -10.707055236082017 -9.158259338968744 79.95
      vertex -10.707055236082017 -9.158259338968744 85.95
    endloop
  endfacet
  facet normal 0.1950903220161282 -0.9807852804032304 9.018185224680097e-20
    outer loop
      vertex -10.707055236082017 -9.158259338968744 79.95
      vertex -10.60442095377604 -9.13784411090095 79.95
      vertex -10.60442095377604 -9.13784411090095 85.95
    endloop
  endfacet
  facet normal 0.7518398074789837 -0.6593458151000616 0
    outer loop
      vertex -11.134682672232987 -9.443990856793022 79.95
      vertex -11.065685424949239 -9.36531457505076 85.95
      vertex -11.134682672232987 -9.443990856793022 85.95
    endloop
  endfacet
  facet normal 0.6593458151000628 -0.7518398074789827 0
    outer loop
      vertex -11.065685424949239 -9.36531457505076 79.95
      vertex -10.987009143206976 -9.29631732776701 85.95
      vertex -11.065685424949239 -9.36531457505076 85.95
    endloop
  endfacet
  facet normal 0.5555702330196004 -0.8314696123025466 0
    outer loop
      vertex -10.987009143206976 -9.29631732776701 79.95
      vertex -10.9 -9.238179676972448 85.95
      vertex -10.987009143206976 -9.29631732776701 85.95
    endloop
  endfacet
  facet normal 0.4422886902190024 -0.8968727415326878 0
    outer loop
      vertex -10.9 -9.238179676972448 79.95
      vertex -10.806146745892072 -9.19189637399097 85.95
      vertex -10.9 -9.238179676972448 85.95
    endloop
  endfacet
  facet normal 0.32143946530316597 -0.9469301294951041 0
    outer loop
      vertex -10.806146745892072 -9.19189637399097 79.95
      vertex -10.707055236082017 -9.158259338968744 85.95
      vertex -10.806146745892072 -9.19189637399097 85.95
    endloop
  endfacet
  facet normal 0.1950903220161282 -0.9807852804032304 0
    outer loop
      vertex -10.707055236082017 -9.158259338968744 79.95
      vertex -10.60442095377604 -9.13784411090095 85.95
      vertex -10.707055236082017 -9.158259338968744 85.95
    endloop
  endfacet
  facet normal 0.0654031292301429 0.9978589232386035 0
    outer loop
      vertex -10.60442095377604 -10.724155889099048 79.95
      vertex -10.60442095377604 -10.724155889099048 85.95
      vertex -10.5 -10.731 79.95
    endloop
  endfacet
  facet normal -0.0654031292301429 0.9978589232386035 0
    outer loop
      vertex -10.5 -10.731 79.95
      vertex -10.5 -10.731 85.95
      vertex -10.39557904622396 -10.724155889099048 79.95
    endloop
  endfacet
  facet normal -0.1950903220161282 0.9807852804032304 0
    outer loop
      vertex -10.39557904622396 -10.724155889099048 79.95
      vertex -10.39557904622396 -10.724155889099048 85.95
      vertex -10.292944763917983 -10.703740661031254 79.95
    endloop
  endfacet
  facet normal -0.32143946530316597 0.9469301294951041 0
    outer loop
      vertex -10.292944763917983 -10.703740661031254 79.95
      vertex -10.292944763917983 -10.703740661031254 85.95
      vertex -10.193853254107928 -10.670103626009029 79.95
    endloop
  endfacet
  facet normal -0.4422886902190024 0.8968727415326878 0
    outer loop
      vertex -10.193853254107928 -10.670103626009029 79.95
      vertex -10.193853254107928 -10.670103626009029 85.95
      vertex -10.1 -10.62382032302755 79.95
    endloop
  endfacet
  facet normal 0.0654031292301429 0.9978589232386035 0
    outer loop
      vertex -10.5 -10.731 79.95
      vertex -10.60442095377604 -10.724155889099048 85.95
      vertex -10.5 -10.731 85.95
    endloop
  endfacet
  facet normal -0.0654031292301429 0.9978589232386035 0
    outer loop
      vertex -10.39557904622396 -10.724155889099048 79.95
      vertex -10.5 -10.731 85.95
      vertex -10.39557904622396 -10.724155889099048 85.95
    endloop
  endfacet
  facet normal -0.1950903220161282 0.9807852804032304 0
    outer loop
      vertex -10.292944763917983 -10.703740661031254 79.95
      vertex -10.39557904622396 -10.724155889099048 85.95
      vertex -10.292944763917983 -10.703740661031254 85.95
    endloop
  endfacet
  facet normal -0.32143946530316597 0.9469301294951041 0
    outer loop
      vertex -10.193853254107928 -10.670103626009029 79.95
      vertex -10.292944763917983 -10.703740661031254 85.95
      vertex -10.193853254107928 -10.670103626009029 85.95
    endloop
  endfacet
  facet normal -0.4422886902190024 0.8968727415326878 0
    outer loop
      vertex -10.1 -10.62382032302755 79.95
      vertex -10.193853254107928 -10.670103626009029 85.95
      vertex -10.1 -10.62382032302755 85.95
    endloop
  endfacet
  facet normal -0.5555702330196004 0.8314696123025466 0
    outer loop
      vertex -10.1 -10.62382032302755 79.95
      vertex -10.1 -10.62382032302755 85.95
      vertex -10.012990856793024 -10.565682672232988 79.95
    endloop
  endfacet
  facet normal -0.6593458151000628 0.7518398074789827 0
    outer loop
      vertex -10.012990856793024 -10.565682672232988 79.95
      vertex -10.012990856793024 -10.565682672232988 85.95
      vertex -9.934314575050761 -10.496685424949238 79.95
    endloop
  endfacet
  facet normal -0.7518398074789837 0.6593458151000616 0
    outer loop
      vertex -9.934314575050761 -10.496685424949238 79.95
      vertex -9.934314575050761 -10.496685424949238 85.95
      vertex -9.865317327767013 -10.418009143206977 79.95
    endloop
  endfacet
  facet normal -0.831469612302544 0.5555702330196043 0
    outer loop
      vertex -9.865317327767013 -10.418009143206977 79.95
      vertex -9.865317327767013 -10.418009143206977 85.95
      vertex -9.80717967697245 -10.331 79.95
    endloop
  endfacet
  facet normal -0.8968727415326878 0.4422886902190024 0
    outer loop
      vertex -9.80717967697245 -10.331 79.95
      vertex -9.80717967697245 -10.331 85.95
      vertex -9.76089637399097 -10.23714674589207 79.95
    endloop
  endfacet
  facet normal -0.9469301294951041 0.32143946530316597 0
    outer loop
      vertex -9.76089637399097 -10.23714674589207 79.95
      vertex -9.76089637399097 -10.23714674589207 85.95
      vertex -9.727259338968745 -10.138055236082016 79.95
    endloop
  endfacet
  facet normal -0.9807852804032304 0.1950903220161282 0
    outer loop
      vertex -9.727259338968745 -10.138055236082016 79.95
      vertex -9.727259338968745 -10.138055236082016 85.95
      vertex -9.706844110900951 -10.03542095377604 79.95
    endloop
  endfacet
  facet normal -0.5555702330196004 0.8314696123025466 0
    outer loop
      vertex -10.012990856793024 -10.565682672232988 79.95
      vertex -10.1 -10.62382032302755 85.95
      vertex -10.012990856793024 -10.565682672232988 85.95
    endloop
  endfacet
  facet normal -0.6593458151000628 0.7518398074789827 0
    outer loop
      vertex -9.934314575050761 -10.496685424949238 79.95
      vertex -10.012990856793024 -10.565682672232988 85.95
      vertex -9.934314575050761 -10.496685424949238 85.95
    endloop
  endfacet
  facet normal -0.7518398074789837 0.6593458151000616 0
    outer loop
      vertex -9.865317327767013 -10.418009143206977 79.95
      vertex -9.934314575050761 -10.496685424949238 85.95
      vertex -9.865317327767013 -10.418009143206977 85.95
    endloop
  endfacet
  facet normal -0.831469612302544 0.5555702330196043 0
    outer loop
      vertex -9.80717967697245 -10.331 79.95
      vertex -9.865317327767013 -10.418009143206977 85.95
      vertex -9.80717967697245 -10.331 85.95
    endloop
  endfacet
  facet normal -0.8968727415326878 0.4422886902190024 0
    outer loop
      vertex -9.76089637399097 -10.23714674589207 79.95
      vertex -9.80717967697245 -10.331 85.95
      vertex -9.76089637399097 -10.23714674589207 85.95
    endloop
  endfacet
  facet normal -0.9469301294951041 0.32143946530316597 0
    outer loop
      vertex -9.727259338968745 -10.138055236082016 79.95
      vertex -9.76089637399097 -10.23714674589207 85.95
      vertex -9.727259338968745 -10.138055236082016 85.95
    endloop
  endfacet
  facet normal -0.9978589232386035 0.0654031292301429 0
    outer loop
      vertex -9.706844110900951 -10.03542095377604 79.95
      vertex -9.706844110900951 -10.03542095377604 85.95
      vertex -9.7 -9.931 79.95
    endloop
  endfacet
  facet normal -0.9978589232386035 -0.0654031292301429 0
    outer loop
      vertex -9.7 -9.931 79.95
      vertex -9.7 -9.931 85.95
      vertex -9.706844110900951 -9.826579046223959 79.95
    endloop
  endfacet
  facet normal -0.9807852804032304 -0.1950903220161282 -9.018185224680097e-20
    outer loop
      vertex -9.727259338968745 -9.723944763917983 79.95
      vertex -9.706844110900951 -9.826579046223959 79.95
      vertex -9.706844110900951 -9.826579046223959 85.95
    endloop
  endfacet
  facet normal -0.8968727415326878 -0.4422886902190024 -6.418517086235314e-20
    outer loop
      vertex -9.80717967697245 -9.530999999999999 79.95
      vertex -9.76089637399097 -9.624853254107927 79.95
      vertex -9.76089637399097 -9.624853254107927 85.95
    endloop
  endfacet
  facet normal -0.9469301294951041 -0.32143946530316597 0
    outer loop
      vertex -9.727259338968745 -9.723944763917983 79.95
      vertex -9.727259338968745 -9.723944763917983 85.95
      vertex -9.76089637399097 -9.624853254107927 79.95
    endloop
  endfacet
  facet normal -0.9807852804032304 0.1950903220161282 0
    outer loop
      vertex -9.706844110900951 -10.03542095377604 79.95
      vertex -9.727259338968745 -10.138055236082016 85.95
      vertex -9.706844110900951 -10.03542095377604 85.95
    endloop
  endfacet
  facet normal -0.9978589232386035 0.0654031292301429 0
    outer loop
      vertex -9.7 -9.931 79.95
      vertex -9.706844110900951 -10.03542095377604 85.95
      vertex -9.7 -9.931 85.95
    endloop
  endfacet
  facet normal -0.9978589232386035 -0.0654031292301429 0
    outer loop
      vertex -9.706844110900951 -9.826579046223959 79.95
      vertex -9.7 -9.931 85.95
      vertex -9.706844110900951 -9.826579046223959 85.95
    endloop
  endfacet
  facet normal -0.9807852804032304 -0.1950903220161282 0
    outer loop
      vertex -9.727259338968745 -9.723944763917983 79.95
      vertex -9.706844110900951 -9.826579046223959 85.95
      vertex -9.727259338968745 -9.723944763917983 85.95
    endloop
  endfacet
  facet normal -0.9469301294951041 -0.32143946530316597 0
    outer loop
      vertex -9.76089637399097 -9.624853254107927 79.95
      vertex -9.727259338968745 -9.723944763917983 85.95
      vertex -9.76089637399097 -9.624853254107927 85.95
    endloop
  endfacet
  facet normal 0.0654031292301429 -0.9978589232386035 -4.776060478907566e-20
    outer loop
      vertex -10.60442095377604 -9.13784411090095 79.95
      vertex -10.5 -9.130999999999998 79.95
      vertex -10.5 -9.130999999999998 85.95
    endloop
  endfacet
  facet normal -0.0654031292301429 -0.9978589232386035 4.776060478907566e-20
    outer loop
      vertex -10.5 -9.130999999999998 79.95
      vertex -10.39557904622396 -9.13784411090095 79.95
      vertex -10.39557904622396 -9.13784411090095 85.95
    endloop
  endfacet
  facet normal -0.32143946530316597 -0.9469301294951041 -2.3423720617143073e-19
    outer loop
      vertex -10.292944763917983 -9.158259338968744 79.95
      vertex -10.193853254107928 -9.19189637399097 79.95
      vertex -10.193853254107928 -9.19189637399097 85.95
    endloop
  endfacet
  facet normal -0.1950903220161282 -0.9807852804032304 -9.018185224680097e-20
    outer loop
      vertex -10.39557904622396 -9.13784411090095 79.95
      vertex -10.292944763917983 -9.158259338968744 79.95
      vertex -10.292944763917983 -9.158259338968744 85.95
    endloop
  endfacet
  facet normal -0.4422886902190024 -0.8968727415326878 -6.418517086235314e-20
    outer loop
      vertex -10.193853254107928 -9.19189637399097 79.95
      vertex -10.1 -9.238179676972448 79.95
      vertex -10.1 -9.238179676972448 85.95
    endloop
  endfacet
  facet normal 0.0654031292301429 -0.9978589232386035 0
    outer loop
      vertex -10.60442095377604 -9.13784411090095 79.95
      vertex -10.5 -9.130999999999998 85.95
      vertex -10.60442095377604 -9.13784411090095 85.95
    endloop
  endfacet
  facet normal -0.0654031292301429 -0.9978589232386035 0
    outer loop
      vertex -10.5 -9.130999999999998 79.95
      vertex -10.39557904622396 -9.13784411090095 85.95
      vertex -10.5 -9.130999999999998 85.95
    endloop
  endfacet
  facet normal -0.1950903220161282 -0.9807852804032304 0
    outer loop
      vertex -10.39557904622396 -9.13784411090095 79.95
      vertex -10.292944763917983 -9.158259338968744 85.95
      vertex -10.39557904622396 -9.13784411090095 85.95
    endloop
  endfacet
  facet normal -0.32143946530316597 -0.9469301294951041 0
    outer loop
      vertex -10.292944763917983 -9.158259338968744 79.95
      vertex -10.193853254107928 -9.19189637399097 85.95
      vertex -10.292944763917983 -9.158259338968744 85.95
    endloop
  endfacet
  facet normal -0.4422886902190024 -0.8968727415326878 0
    outer loop
      vertex -10.193853254107928 -9.19189637399097 79.95
      vertex -10.1 -9.238179676972448 85.95
      vertex -10.193853254107928 -9.19189637399097 85.95
    endloop
  endfacet
  facet normal -0.6593458151000628 -0.7518398074789827 6.328444548284083e-19
    outer loop
      vertex -10.012990856793024 -9.29631732776701 79.95
      vertex -9.934314575050761 -9.36531457505076 79.95
      vertex -9.934314575050761 -9.36531457505076 85.95
    endloop
  endfacet
  facet normal -0.7518398074789837 -0.6593458151000616 -1.4713116924157964e-19
    outer loop
      vertex -9.934314575050761 -9.36531457505076 79.95
      vertex -9.865317327767013 -9.443990856793022 79.95
      vertex -9.865317327767013 -9.443990856793022 85.95
    endloop
  endfacet
  facet normal -0.5555702330196004 -0.8314696123025466 -5.74713348387019e-19
    outer loop
      vertex -10.1 -9.238179676972448 79.95
      vertex -10.012990856793024 -9.29631732776701 79.95
      vertex -10.012990856793024 -9.29631732776701 85.95
    endloop
  endfacet
  facet normal -0.831469612302544 -0.5555702330196043 0
    outer loop
      vertex -9.80717967697245 -9.530999999999999 79.95
      vertex -9.80717967697245 -9.530999999999999 85.95
      vertex -9.865317327767013 -9.443990856793022 79.95
    endloop
  endfacet
  facet normal -0.6593458151000628 -0.7518398074789827 0
    outer loop
      vertex -10.012990856793024 -9.29631732776701 79.95
      vertex -9.934314575050761 -9.36531457505076 85.95
      vertex -10.012990856793024 -9.29631732776701 85.95
    endloop
  endfacet
  facet normal -0.831469612302544 -0.5555702330196043 0
    outer loop
      vertex -9.865317327767013 -9.443990856793022 79.95
      vertex -9.80717967697245 -9.530999999999999 85.95
      vertex -9.865317327767013 -9.443990856793022 85.95
    endloop
  endfacet
  facet normal -0.7518398074789837 -0.6593458151000616 0
    outer loop
      vertex -9.934314575050761 -9.36531457505076 79.95
      vertex -9.865317327767013 -9.443990856793022 85.95
      vertex -9.934314575050761 -9.36531457505076 85.95
    endloop
  endfacet
  facet normal -0.5555702330196004 -0.8314696123025466 0
    outer loop
      vertex -10.1 -9.238179676972448 79.95
      vertex -10.012990856793024 -9.29631732776701 85.95
      vertex -10.1 -9.238179676972448 85.95
    endloop
  endfacet
  facet normal -0.8968727415326878 -0.4422886902190024 0
    outer loop
      vertex -9.80717967697245 -9.530999999999999 79.95
      vertex -9.76089637399097 -9.624853254107927 85.95
      vertex -9.80717967697245 -9.530999999999999 85.95
    endloop
  endfacet
  facet normal 0 0 1
    outer loop
      vertex -11.293155889099049 2.4645790462239594 79.95
      vertex -11.293155889099049 2.6734209537760423 79.95
      vertex -11.3 2.569000000000001 79.95
    endloop
  endfacet
  facet normal 0 0 1
    outer loop
      vertex -11.23910362600903 2.262853254107929 79.95
      vertex -11.23910362600903 2.8751467458920725 79.95
      vertex -11.272740661031255 2.3619447639179842 79.95
    endloop
  endfacet
  facet normal 0 0 1
    outer loop
      vertex -11.19282032302755 2.169000000000001 79.95
      vertex -11.19282032302755 2.9690000000000007 79.95
      vertex -11.23910362600903 2.262853254107929 79.95
    endloop
  endfacet
  facet normal 0 0 1
    outer loop
      vertex -11.272740661031255 2.3619447639179842 79.95
      vertex -11.272740661031255 2.7760552360820174 79.95
      vertex -11.293155889099049 2.4645790462239594 79.95
    endloop
  endfacet
  facet normal 0 0 1
    outer loop
      vertex -11.293155889099049 2.4645790462239594 79.95
      vertex -11.272740661031255 2.7760552360820174 79.95
      vertex -11.293155889099049 2.6734209537760423 79.95
    endloop
  endfacet
  facet normal 0 0 1
    outer loop
      vertex -11.272740661031255 2.3619447639179842 79.95
      vertex -11.23910362600903 2.8751467458920725 79.95
      vertex -11.272740661031255 2.7760552360820174 79.95
    endloop
  endfacet
  facet normal 0 0 1
    outer loop
      vertex -11.23910362600903 2.262853254107929 79.95
      vertex -11.19282032302755 2.9690000000000007 79.95
      vertex -11.23910362600903 2.8751467458920725 79.95
    endloop
  endfacet
  facet normal 0 0 1
    outer loop
      vertex -11.19282032302755 2.169000000000001 79.95
      vertex -11.134682672232987 3.0560091432069774 79.95
      vertex -11.19282032302755 2.9690000000000007 79.95
    endloop
  endfacet
  facet normal 0 0 1
    outer loop
      vertex -10.987009143206976 1.9343173277670127 79.95
      vertex -10.987009143206976 3.203682672232989 79.95
      vertex -11.065685424949239 2.0033145750507626 79.95
    endloop
  endfacet
  facet normal 0 0 1
    outer loop
      vertex -10.987009143206976 1.9343173277670127 79.95
      vertex -10.9 1.87617967697245 79.95
      vertex -10.9 3.2618203230275515 79.95
    endloop
  endfacet
  facet normal 0 0 1
    outer loop
      vertex -11.19282032302755 2.169000000000001 79.95
      vertex -11.134682672232987 2.0819908567930243 79.95
      vertex -11.134682672232987 3.0560091432069774 79.95
    endloop
  endfacet
  facet normal 0 0 1
    outer loop
      vertex -11.134682672232987 2.0819908567930243 79.95
      vertex -11.065685424949239 2.0033145750507626 79.95
      vertex -11.065685424949239 3.134685424949239 79.95
    endloop
  endfacet
  facet normal 0 0 1
    outer loop
      vertex -10.9 1.87617967697245 79.95
      vertex -10.806146745892072 1.8298963739909713 79.95
      vertex -10.806146745892072 3.3081036260090304 79.95
    endloop
  endfacet
  facet normal 0 0 1
    outer loop
      vertex -10.806146745892072 1.8298963739909713 79.95
      vertex -10.707055236082017 1.796259338968746 79.95
      vertex -10.707055236082017 3.3417406610312557 79.95
    endloop
  endfacet
  facet normal 0 0 1
    outer loop
      vertex -10.707055236082017 1.796259338968746 79.95
      vertex -10.60442095377604 1.7758441109009526 79.95
      vertex -10.60442095377604 3.362155889099049 79.95
    endloop
  endfacet
  facet normal 0 0 1
    outer loop
      vertex -11.134682672232987 2.0819908567930243 79.95
      vertex -11.065685424949239 3.134685424949239 79.95
      vertex -11.134682672232987 3.0560091432069774 79.95
    endloop
  endfacet
  facet normal 0 0 1
    outer loop
      vertex -11.065685424949239 2.0033145750507626 79.95
      vertex -10.987009143206976 3.203682672232989 79.95
      vertex -11.065685424949239 3.134685424949239 79.95
    endloop
  endfacet
  facet normal 0 0 1
    outer loop
      vertex -10.987009143206976 1.9343173277670127 79.95
      vertex -10.9 3.2618203230275515 79.95
      vertex -10.987009143206976 3.203682672232989 79.95
    endloop
  endfacet
  facet normal 0 0 1
    outer loop
      vertex -10.9 1.87617967697245 79.95
      vertex -10.806146745892072 3.3081036260090304 79.95
      vertex -10.9 3.2618203230275515 79.95
    endloop
  endfacet
  facet normal 0 0 1
    outer loop
      vertex -10.806146745892072 1.8298963739909713 79.95
      vertex -10.707055236082017 3.3417406610312557 79.95
      vertex -10.806146745892072 3.3081036260090304 79.95
    endloop
  endfacet
  facet normal 0 0 1
    outer loop
      vertex -10.707055236082017 1.796259338968746 79.95
      vertex -10.60442095377604 3.362155889099049 79.95
      vertex -10.707055236082017 3.3417406610312557 79.95
    endloop
  endfacet
  facet normal 0 0 1
    outer loop
      vertex -10.60442095377604 1.7758441109009526 79.95
      vertex -10.5 1.7690000000000008 79.95
      vertex -10.5 3.3690000000000007 79.95
    endloop
  endfacet
  facet normal 0 0 1
    outer loop
      vertex -10.5 1.7690000000000008 79.95
      vertex -10.39557904622396 1.7758441109009526 79.95
      vertex -10.39557904622396 3.362155889099049 79.95
    endloop
  endfacet
  facet normal 0 0 1
    outer loop
      vertex -10.39557904622396 1.7758441109009526 79.95
      vertex -10.292944763917983 1.796259338968746 79.95
      vertex -10.292944763917983 3.3417406610312557 79.95
    endloop
  endfacet
  facet normal 0 0 1
    outer loop
      vertex -10.292944763917983 1.796259338968746 79.95
      vertex -10.193853254107928 1.8298963739909713 79.95
      vertex -10.193853254107928 3.3081036260090304 79.95
    endloop
  endfacet
  facet normal 0 0 1
    outer loop
      vertex -10.193853254107928 1.8298963739909713 79.95
      vertex -10.1 1.87617967697245 79.95
      vertex -10.1 3.2618203230275515 79.95
    endloop
  endfacet
  facet normal 0 0 1
    outer loop
      vertex -10.60442095377604 1.7758441109009526 79.95
      vertex -10.5 3.3690000000000007 79.95
      vertex -10.60442095377604 3.362155889099049 79.95
    endloop
  endfacet
  facet normal 0 0 1
    outer loop
      vertex -10.5 1.7690000000000008 79.95
      vertex -10.39557904622396 3.362155889099049 79.95
      vertex -10.5 3.3690000000000007 79.95
    endloop
  endfacet
  facet normal 0 0 1
    outer loop
      vertex -10.39557904622396 1.7758441109009526 79.95
      vertex -10.292944763917983 3.3417406610312557 79.95
      vertex -10.39557904622396 3.362155889099049 79.95
    endloop
  endfacet
  facet normal 0 0 1
    outer loop
      vertex -10.292944763917983 1.796259338968746 79.95
      vertex -10.193853254107928 3.3081036260090304 79.95
      vertex -10.292944763917983 3.3417406610312557 79.95
    endloop
  endfacet
  facet normal 0 0 1
    outer loop
      vertex -10.193853254107928 1.8298963739909713 79.95
      vertex -10.1 3.2618203230275515 79.95
      vertex -10.193853254107928 3.3081036260090304 79.95
    endloop
  endfacet
  facet normal 0 0 1
    outer loop
      vertex -10.1 1.87617967697245 79.95
      vertex -10.012990856793024 1.9343173277670127 79.95
      vertex -10.012990856793024 3.203682672232989 79.95
    endloop
  endfacet
  facet normal 0 0 1
    outer loop
      vertex -10.012990856793024 1.9343173277670127 79.95
      vertex -9.934314575050761 2.0033145750507626 79.95
      vertex -9.934314575050761 3.134685424949239 79.95
    endloop
  endfacet
  facet normal 0 0 1
    outer loop
      vertex -9.934314575050761 2.0033145750507626 79.95
      vertex -9.865317327767013 2.0819908567930243 79.95
      vertex -9.865317327767013 3.0560091432069774 79.95
    endloop
  endfacet
  facet normal 0 0 1
    outer loop
      vertex -9.865317327767013 2.0819908567930243 79.95
      vertex -9.80717967697245 2.169000000000001 79.95
      vertex -9.80717967697245 2.9690000000000007 79.95
    endloop
  endfacet
  facet normal 0 0 1
    outer loop
      vertex -9.80717967697245 2.169000000000001 79.95
      vertex -9.76089637399097 2.262853254107929 79.95
      vertex -9.76089637399097 2.8751467458920725 79.95
    endloop
  endfacet
  facet normal 0 0 1
    outer loop
      vertex -9.76089637399097 2.262853254107929 79.95
      vertex -9.727259338968745 2.3619447639179842 79.95
      vertex -9.727259338968745 2.7760552360820174 79.95
    endloop
  endfacet
  facet normal 0 0 1
    outer loop
      vertex -9.727259338968745 2.3619447639179842 79.95
      vertex -9.706844110900951 2.4645790462239594 79.95
      vertex -9.706844110900951 2.6734209537760423 79.95
    endloop
  endfacet
  facet normal 0 0 1
    outer loop
      vertex -9.706844110900951 2.4645790462239594 79.95
      vertex -9.7 2.569000000000001 79.95
      vertex -9.706844110900951 2.6734209537760423 79.95
    endloop
  endfacet
  facet normal 0 0 1
    outer loop
      vertex -9.76089637399097 2.262853254107929 79.95
      vertex -9.727259338968745 2.7760552360820174 79.95
      vertex -9.76089637399097 2.8751467458920725 79.95
    endloop
  endfacet
  facet normal 0 0 1
    outer loop
      vertex -9.727259338968745 2.3619447639179842 79.95
      vertex -9.706844110900951 2.6734209537760423 79.95
      vertex -9.727259338968745 2.7760552360820174 79.95
    endloop
  endfacet
  facet normal 0 0 1
    outer loop
      vertex -10.1 1.87617967697245 79.95
      vertex -10.012990856793024 3.203682672232989 79.95
      vertex -10.1 3.2618203230275515 79.95
    endloop
  endfacet
  facet normal 0 0 1
    outer loop
      vertex -10.012990856793024 1.9343173277670127 79.95
      vertex -9.934314575050761 3.134685424949239 79.95
      vertex -10.012990856793024 3.203682672232989 79.95
    endloop
  endfacet
  facet normal 0 0 1
    outer loop
      vertex -9.934314575050761 2.0033145750507626 79.95
      vertex -9.865317327767013 3.0560091432069774 79.95
      vertex -9.934314575050761 3.134685424949239 79.95
    endloop
  endfacet
  facet normal 0 0 1
    outer loop
      vertex -9.865317327767013 2.0819908567930243 79.95
      vertex -9.80717967697245 2.9690000000000007 79.95
      vertex -9.865317327767013 3.0560091432069774 79.95
    endloop
  endfacet
  facet normal 0 0 1
    outer loop
      vertex -9.80717967697245 2.169000000000001 79.95
      vertex -9.76089637399097 2.8751467458920725 79.95
      vertex -9.80717967697245 2.9690000000000007 79.95
    endloop
  endfacet
  facet normal 0.6593458151000604 0.7518398074789847 -3.586719807349638e-19
    outer loop
      vertex -10.987009143206976 1.9343173277670127 79.95
      vertex -11.065685424949239 2.0033145750507626 79.95
      vertex -11.065685424949239 2.0033145750507626 85.95
    endloop
  endfacet
  facet normal 0.7518398074789856 0.6593458151000595 0
    outer loop
      vertex -11.134682672232987 2.0819908567930243 79.95
      vertex -11.134682672232987 2.0819908567930243 85.95
      vertex -11.065685424949239 2.0033145750507626 79.95
    endloop
  endfacet
  facet normal 0.5555702330196076 0.8314696123025416 0
    outer loop
      vertex -10.987009143206976 1.9343173277670127 79.95
      vertex -10.987009143206976 1.9343173277670127 85.95
      vertex -10.9 1.87617967697245 79.95
    endloop
  endfacet
  facet normal 0.3214394653031622 0.9469301294951055 0
    outer loop
      vertex -10.806146745892072 1.8298963739909713 79.95
      vertex -10.806146745892072 1.8298963739909713 85.95
      vertex -10.707055236082017 1.796259338968746 79.95
    endloop
  endfacet
  facet normal 0.19509032201612414 0.9807852804032313 0
    outer loop
      vertex -10.707055236082017 1.796259338968746 79.95
      vertex -10.707055236082017 1.796259338968746 85.95
      vertex -10.60442095377604 1.7758441109009526 79.95
    endloop
  endfacet
  facet normal 0.4422886902190007 0.8968727415326886 0
    outer loop
      vertex -10.9 1.87617967697245 79.95
      vertex -10.9 1.87617967697245 85.95
      vertex -10.806146745892072 1.8298963739909713 79.95
    endloop
  endfacet
  facet normal 0.8314696123025427 0.5555702330196063 0
    outer loop
      vertex -11.134682672232987 2.0819908567930243 79.95
      vertex -11.19282032302755 2.169000000000001 85.95
      vertex -11.134682672232987 2.0819908567930243 85.95
    endloop
  endfacet
  facet normal 0.7518398074789856 0.6593458151000595 0
    outer loop
      vertex -11.065685424949239 2.0033145750507626 79.95
      vertex -11.134682672232987 2.0819908567930243 85.95
      vertex -11.065685424949239 2.0033145750507626 85.95
    endloop
  endfacet
  facet normal 0.6593458151000604 0.7518398074789847 0
    outer loop
      vertex -10.987009143206976 1.9343173277670127 79.95
      vertex -11.065685424949239 2.0033145750507626 85.95
      vertex -10.987009143206976 1.9343173277670127 85.95
    endloop
  endfacet
  facet normal 0.5555702330196076 0.8314696123025416 0
    outer loop
      vertex -10.9 1.87617967697245 79.95
      vertex -10.987009143206976 1.9343173277670127 85.95
      vertex -10.9 1.87617967697245 85.95
    endloop
  endfacet
  facet normal 0.4422886902190007 0.8968727415326886 0
    outer loop
      vertex -10.806146745892072 1.8298963739909713 79.95
      vertex -10.9 1.87617967697245 85.95
      vertex -10.806146745892072 1.8298963739909713 85.95
    endloop
  endfacet
  facet normal 0.3214394653031622 0.9469301294951055 0
    outer loop
      vertex -10.707055236082017 1.796259338968746 79.95
      vertex -10.806146745892072 1.8298963739909713 85.95
      vertex -10.707055236082017 1.796259338968746 85.95
    endloop
  endfacet
  facet normal 0.19509032201612414 0.9807852804032313 0
    outer loop
      vertex -10.60442095377604 1.7758441109009526 79.95
      vertex -10.707055236082017 1.796259338968746 85.95
      vertex -10.60442095377604 1.7758441109009526 85.95
    endloop
  endfacet
  facet normal 0.896872741532687 0.44228869021900413 -4.826893905742243e-19
    outer loop
      vertex -11.19282032302755 2.169000000000001 79.95
      vertex -11.23910362600903 2.262853254107929 79.95
      vertex -11.23910362600903 2.262853254107929 85.95
    endloop
  endfacet
  facet normal 0.8314696123025427 0.5555702330196063 0
    outer loop
      vertex -11.19282032302755 2.169000000000001 79.95
      vertex -11.19282032302755 2.169000000000001 85.95
      vertex -11.134682672232987 2.0819908567930243 79.95
    endloop
  endfacet
  facet normal 0.9469301294951041 0.32143946530316597 -2.3423720617143073e-19
    outer loop
      vertex -11.23910362600903 2.262853254107929 79.95
      vertex -11.272740661031255 2.3619447639179842 79.95
      vertex -11.272740661031255 2.3619447639179842 85.95
    endloop
  endfacet
  facet normal 0.9978589232386036 0.06540312923014234 3.619859693514606e-20
    outer loop
      vertex -11.293155889099049 2.4645790462239594 79.95
      vertex -11.3 2.569000000000001 79.95
      vertex -11.3 2.569000000000001 85.95
    endloop
  endfacet
  facet normal 0.9978589232386036 -0.06540312923014234 -3.619859693514606e-20
    outer loop
      vertex -11.3 2.569000000000001 79.95
      vertex -11.293155889099049 2.6734209537760423 79.95
      vertex -11.293155889099049 2.6734209537760423 85.95
    endloop
  endfacet
  facet normal 0.9807852804032301 0.19509032201612983 -2.2115082570808896e-19
    outer loop
      vertex -11.272740661031255 2.3619447639179842 79.95
      vertex -11.293155889099049 2.4645790462239594 79.95
      vertex -11.293155889099049 2.4645790462239594 85.95
    endloop
  endfacet
  facet normal 0.896872741532687 0.44228869021900413 0
    outer loop
      vertex -11.19282032302755 2.169000000000001 79.95
      vertex -11.23910362600903 2.262853254107929 85.95
      vertex -11.19282032302755 2.169000000000001 85.95
    endloop
  endfacet
  facet normal 0.9469301294951041 0.32143946530316597 0
    outer loop
      vertex -11.23910362600903 2.262853254107929 79.95
      vertex -11.272740661031255 2.3619447639179842 85.95
      vertex -11.23910362600903 2.262853254107929 85.95
    endloop
  endfacet
  facet normal 0.9978589232386036 0.06540312923014234 0
    outer loop
      vertex -11.293155889099049 2.4645790462239594 79.95
      vertex -11.3 2.569000000000001 85.95
      vertex -11.293155889099049 2.4645790462239594 85.95
    endloop
  endfacet
  facet normal 0.9978589232386036 -0.06540312923014234 0
    outer loop
      vertex -11.3 2.569000000000001 79.95
      vertex -11.293155889099049 2.6734209537760423 85.95
      vertex -11.3 2.569000000000001 85.95
    endloop
  endfacet
  facet normal 0.9807852804032301 0.19509032201612983 0
    outer loop
      vertex -11.272740661031255 2.3619447639179842 79.95
      vertex -11.293155889099049 2.4645790462239594 85.95
      vertex -11.272740661031255 2.3619447639179842 85.95
    endloop
  endfacet
  facet normal 0.9807852804032301 -0.19509032201612983 2.2115082570808896e-19
    outer loop
      vertex -11.293155889099049 2.6734209537760423 79.95
      vertex -11.272740661031255 2.7760552360820174 79.95
      vertex -11.272740661031255 2.7760552360820174 85.95
    endloop
  endfacet
  facet normal 0.9469301294951041 -0.32143946530316597 2.3423720617143073e-19
    outer loop
      vertex -11.272740661031255 2.7760552360820174 79.95
      vertex -11.23910362600903 2.8751467458920725 79.95
      vertex -11.23910362600903 2.8751467458920725 85.95
    endloop
  endfacet
  facet normal 0.896872741532687 -0.44228869021900413 4.826893905742243e-19
    outer loop
      vertex -11.23910362600903 2.8751467458920725 79.95
      vertex -11.19282032302755 2.9690000000000007 79.95
      vertex -11.19282032302755 2.9690000000000007 85.95
    endloop
  endfacet
  facet normal 0.9807852804032301 -0.19509032201612983 0
    outer loop
      vertex -11.293155889099049 2.6734209537760423 79.95
      vertex -11.272740661031255 2.7760552360820174 85.95
      vertex -11.293155889099049 2.6734209537760423 85.95
    endloop
  endfacet
  facet normal 0.9469301294951041 -0.32143946530316597 0
    outer loop
      vertex -11.272740661031255 2.7760552360820174 79.95
      vertex -11.23910362600903 2.8751467458920725 85.95
      vertex -11.272740661031255 2.7760552360820174 85.95
    endloop
  endfacet
  facet normal 0.896872741532687 -0.44228869021900413 0
    outer loop
      vertex -11.23910362600903 2.8751467458920725 79.95
      vertex -11.19282032302755 2.9690000000000007 85.95
      vertex -11.23910362600903 2.8751467458920725 85.95
    endloop
  endfacet
  facet normal 0.8314696123025427 -0.5555702330196063 0
    outer loop
      vertex -11.19282032302755 2.9690000000000007 79.95
      vertex -11.134682672232987 3.0560091432069774 85.95
      vertex -11.19282032302755 2.9690000000000007 85.95
    endloop
  endfacet
  facet normal 0.8314696123025427 -0.5555702330196063 -1.2407607419842345e-19
    outer loop
      vertex -11.19282032302755 2.9690000000000007 79.95
      vertex -11.134682672232987 3.0560091432069774 79.95
      vertex -11.134682672232987 3.0560091432069774 85.95
    endloop
  endfacet
  facet normal 0.7518398074789856 -0.6593458151000595 5.982949135734951e-19
    outer loop
      vertex -11.134682672232987 3.0560091432069774 79.95
      vertex -11.065685424949239 3.134685424949239 79.95
      vertex -11.065685424949239 3.134685424949239 85.95
    endloop
  endfacet
  facet normal 0.6593458151000604 -0.7518398074789847 3.586719807349638e-19
    outer loop
      vertex -11.065685424949239 3.134685424949239 79.95
      vertex -10.987009143206976 3.203682672232989 79.95
      vertex -10.987009143206976 3.203682672232989 85.95
    endloop
  endfacet
  facet normal 0.7518398074789856 -0.6593458151000595 0
    outer loop
      vertex -11.134682672232987 3.0560091432069774 79.95
      vertex -11.065685424949239 3.134685424949239 85.95
      vertex -11.134682672232987 3.0560091432069774 85.95
    endloop
  endfacet
  facet normal 0.6593458151000604 -0.7518398074789847 0
    outer loop
      vertex -11.065685424949239 3.134685424949239 79.95
      vertex -10.987009143206976 3.203682672232989 85.95
      vertex -11.065685424949239 3.134685424949239 85.95
    endloop
  endfacet
  facet normal 0.5555702330196062 -0.8314696123025426 -6.722216147198189e-19
    outer loop
      vertex -10.987009143206976 3.203682672232989 79.95
      vertex -10.9 3.2618203230275515 79.95
      vertex -10.9 3.2618203230275515 85.95
    endloop
  endfacet
  facet normal 0.4422886902190024 -0.8968727415326878 6.418517086235314e-20
    outer loop
      vertex -10.9 3.2618203230275515 79.95
      vertex -10.806146745892072 3.3081036260090304 79.95
      vertex -10.806146745892072 3.3081036260090304 85.95
    endloop
  endfacet
  facet normal 0.3214394653031622 -0.9469301294951055 -9.019701238917647e-20
    outer loop
      vertex -10.806146745892072 3.3081036260090304 79.95
      vertex -10.707055236082017 3.3417406610312557 79.95
      vertex -10.707055236082017 3.3417406610312557 85.95
    endloop
  endfacet
  facet normal 0.19509032201612414 -0.9807852804032313 2.2833379373438982e-20
    outer loop
      vertex -10.707055236082017 3.3417406610312557 79.95
      vertex -10.60442095377604 3.362155889099049 79.95
      vertex -10.60442095377604 3.362155889099049 85.95
    endloop
  endfacet
  facet normal 0.5555702330196062 -0.8314696123025426 0
    outer loop
      vertex -10.987009143206976 3.203682672232989 79.95
      vertex -10.9 3.2618203230275515 85.95
      vertex -10.987009143206976 3.203682672232989 85.95
    endloop
  endfacet
  facet normal 0.4422886902190024 -0.8968727415326878 0
    outer loop
      vertex -10.9 3.2618203230275515 79.95
      vertex -10.806146745892072 3.3081036260090304 85.95
      vertex -10.9 3.2618203230275515 85.95
    endloop
  endfacet
  facet normal 0.3214394653031622 -0.9469301294951055 0
    outer loop
      vertex -10.806146745892072 3.3081036260090304 79.95
      vertex -10.707055236082017 3.3417406610312557 85.95
      vertex -10.806146745892072 3.3081036260090304 85.95
    endloop
  endfacet
  facet normal 0.19509032201612414 -0.9807852804032313 0
    outer loop
      vertex -10.707055236082017 3.3417406610312557 79.95
      vertex -10.60442095377604 3.362155889099049 85.95
      vertex -10.707055236082017 3.3417406610312557 85.95
    endloop
  endfacet
  facet normal 0.065403129230145 0.9978589232386033 0
    outer loop
      vertex -10.60442095377604 1.7758441109009526 79.95
      vertex -10.60442095377604 1.7758441109009526 85.95
      vertex -10.5 1.7690000000000008 79.95
    endloop
  endfacet
  facet normal -0.065403129230145 0.9978589232386033 0
    outer loop
      vertex -10.5 1.7690000000000008 79.95
      vertex -10.5 1.7690000000000008 85.95
      vertex -10.39557904622396 1.7758441109009526 79.95
    endloop
  endfacet
  facet normal -0.19509032201612414 0.9807852804032313 0
    outer loop
      vertex -10.39557904622396 1.7758441109009526 79.95
      vertex -10.39557904622396 1.7758441109009526 85.95
      vertex -10.292944763917983 1.796259338968746 79.95
    endloop
  endfacet
  facet normal -0.3214394653031622 0.9469301294951055 0
    outer loop
      vertex -10.292944763917983 1.796259338968746 79.95
      vertex -10.292944763917983 1.796259338968746 85.95
      vertex -10.193853254107928 1.8298963739909713 79.95
    endloop
  endfacet
  facet normal -0.4422886902190007 0.8968727415326886 0
    outer loop
      vertex -10.193853254107928 1.8298963739909713 79.95
      vertex -10.193853254107928 1.8298963739909713 85.95
      vertex -10.1 1.87617967697245 79.95
    endloop
  endfacet
  facet normal 0.065403129230145 0.9978589232386033 0
    outer loop
      vertex -10.5 1.7690000000000008 79.95
      vertex -10.60442095377604 1.7758441109009526 85.95
      vertex -10.5 1.7690000000000008 85.95
    endloop
  endfacet
  facet normal -0.065403129230145 0.9978589232386033 0
    outer loop
      vertex -10.39557904622396 1.7758441109009526 79.95
      vertex -10.5 1.7690000000000008 85.95
      vertex -10.39557904622396 1.7758441109009526 85.95
    endloop
  endfacet
  facet normal -0.19509032201612414 0.9807852804032313 0
    outer loop
      vertex -10.292944763917983 1.796259338968746 79.95
      vertex -10.39557904622396 1.7758441109009526 85.95
      vertex -10.292944763917983 1.796259338968746 85.95
    endloop
  endfacet
  facet normal -0.3214394653031622 0.9469301294951055 0
    outer loop
      vertex -10.193853254107928 1.8298963739909713 79.95
      vertex -10.292944763917983 1.796259338968746 85.95
      vertex -10.193853254107928 1.8298963739909713 85.95
    endloop
  endfacet
  facet normal -0.4422886902190007 0.8968727415326886 0
    outer loop
      vertex -10.1 1.87617967697245 79.95
      vertex -10.193853254107928 1.8298963739909713 85.95
      vertex -10.1 1.87617967697245 85.95
    endloop
  endfacet
  facet normal -0.5555702330196076 0.8314696123025416 0
    outer loop
      vertex -10.1 1.87617967697245 79.95
      vertex -10.1 1.87617967697245 85.95
      vertex -10.012990856793024 1.9343173277670127 79.95
    endloop
  endfacet
  facet normal -0.6593458151000604 0.7518398074789847 0
    outer loop
      vertex -10.012990856793024 1.9343173277670127 79.95
      vertex -10.012990856793024 1.9343173277670127 85.95
      vertex -9.934314575050761 2.0033145750507626 79.95
    endloop
  endfacet
  facet normal -0.7518398074789856 0.6593458151000595 0
    outer loop
      vertex -9.934314575050761 2.0033145750507626 79.95
      vertex -9.934314575050761 2.0033145750507626 85.95
      vertex -9.865317327767013 2.0819908567930243 79.95
    endloop
  endfacet
  facet normal -0.8314696123025427 0.5555702330196063 0
    outer loop
      vertex -9.865317327767013 2.0819908567930243 79.95
      vertex -9.865317327767013 2.0819908567930243 85.95
      vertex -9.80717967697245 2.169000000000001 79.95
    endloop
  endfacet
  facet normal -0.5555702330196076 0.8314696123025416 0
    outer loop
      vertex -10.012990856793024 1.9343173277670127 79.95
      vertex -10.1 1.87617967697245 85.95
      vertex -10.012990856793024 1.9343173277670127 85.95
    endloop
  endfacet
  facet normal -0.6593458151000604 0.7518398074789847 0
    outer loop
      vertex -9.934314575050761 2.0033145750507626 79.95
      vertex -10.012990856793024 1.9343173277670127 85.95
      vertex -9.934314575050761 2.0033145750507626 85.95
    endloop
  endfacet
  facet normal -0.7518398074789856 0.6593458151000595 0
    outer loop
      vertex -9.865317327767013 2.0819908567930243 79.95
      vertex -9.934314575050761 2.0033145750507626 85.95
      vertex -9.865317327767013 2.0819908567930243 85.95
    endloop
  endfacet
  facet normal -0.896872741532687 0.44228869021900413 0
    outer loop
      vertex -9.80717967697245 2.169000000000001 79.95
      vertex -9.80717967697245 2.169000000000001 85.95
      vertex -9.76089637399097 2.262853254107929 79.95
    endloop
  endfacet
  facet normal -0.9469301294951041 0.32143946530316597 0
    outer loop
      vertex -9.76089637399097 2.262853254107929 79.95
      vertex -9.76089637399097 2.262853254107929 85.95
      vertex -9.727259338968745 2.3619447639179842 79.95
    endloop
  endfacet
  facet normal -0.9807852804032301 0.19509032201612983 0
    outer loop
      vertex -9.727259338968745 2.3619447639179842 79.95
      vertex -9.727259338968745 2.3619447639179842 85.95
      vertex -9.706844110900951 2.4645790462239594 79.95
    endloop
  endfacet
  facet normal -0.9978589232386036 0.06540312923014234 0
    outer loop
      vertex -9.706844110900951 2.4645790462239594 79.95
      vertex -9.706844110900951 2.4645790462239594 85.95
      vertex -9.7 2.569000000000001 79.95
    endloop
  endfacet
  facet normal -0.9978589232386036 -0.06540312923014234 0
    outer loop
      vertex -9.7 2.569000000000001 79.95
      vertex -9.7 2.569000000000001 85.95
      vertex -9.706844110900951 2.6734209537760423 79.95
    endloop
  endfacet
  facet normal -0.8314696123025427 0.5555702330196063 0
    outer loop
      vertex -9.80717967697245 2.169000000000001 79.95
      vertex -9.865317327767013 2.0819908567930243 85.95
      vertex -9.80717967697245 2.169000000000001 85.95
    endloop
  endfacet
  facet normal -0.896872741532687 0.44228869021900413 0
    outer loop
      vertex -9.76089637399097 2.262853254107929 79.95
      vertex -9.80717967697245 2.169000000000001 85.95
      vertex -9.76089637399097 2.262853254107929 85.95
    endloop
  endfacet
  facet normal -0.9469301294951041 0.32143946530316597 0
    outer loop
      vertex -9.727259338968745 2.3619447639179842 79.95
      vertex -9.76089637399097 2.262853254107929 85.95
      vertex -9.727259338968745 2.3619447639179842 85.95
    endloop
  endfacet
  facet normal -0.9807852804032301 0.19509032201612983 0
    outer loop
      vertex -9.706844110900951 2.4645790462239594 79.95
      vertex -9.727259338968745 2.3619447639179842 85.95
      vertex -9.706844110900951 2.4645790462239594 85.95
    endloop
  endfacet
  facet normal -0.9978589232386036 0.06540312923014234 0
    outer loop
      vertex -9.7 2.569000000000001 79.95
      vertex -9.706844110900951 2.4645790462239594 85.95
      vertex -9.7 2.569000000000001 85.95
    endloop
  endfacet
  facet normal -0.9978589232386036 -0.06540312923014234 0
    outer loop
      vertex -9.706844110900951 2.6734209537760423 79.95
      vertex -9.7 2.569000000000001 85.95
      vertex -9.706844110900951 2.6734209537760423 85.95
    endloop
  endfacet
  facet normal -0.6593458151000604 -0.7518398074789847 -3.586719807349638e-19
    outer loop
      vertex -10.012990856793024 3.203682672232989 79.95
      vertex -9.934314575050761 3.134685424949239 79.95
      vertex -9.934314575050761 3.134685424949239 85.95
    endloop
  endfacet
  facet normal -0.7518398074789856 -0.6593458151000595 -5.982949135734951e-19
    outer loop
      vertex -9.934314575050761 3.134685424949239 79.95
      vertex -9.865317327767013 3.0560091432069774 79.95
      vertex -9.865317327767013 3.0560091432069774 85.95
    endloop
  endfacet
  facet normal -0.9807852804032301 -0.19509032201612983 -2.2115082570808896e-19
    outer loop
      vertex -9.727259338968745 2.7760552360820174 79.95
      vertex -9.706844110900951 2.6734209537760423 79.95
      vertex -9.706844110900951 2.6734209537760423 85.95
    endloop
  endfacet
  facet normal -0.896872741532687 -0.44228869021900413 -4.826893905742243e-19
    outer loop
      vertex -9.80717967697245 2.9690000000000007 79.95
      vertex -9.76089637399097 2.8751467458920725 79.95
      vertex -9.76089637399097 2.8751467458920725 85.95
    endloop
  endfacet
  facet normal -0.9469301294951041 -0.32143946530316597 0
    outer loop
      vertex -9.727259338968745 2.7760552360820174 79.95
      vertex -9.727259338968745 2.7760552360820174 85.95
      vertex -9.76089637399097 2.8751467458920725 79.95
    endloop
  endfacet
  facet normal -0.8314696123025427 -0.5555702330196063 1.2407607419842345e-19
    outer loop
      vertex -9.865317327767013 3.0560091432069774 79.95
      vertex -9.80717967697245 2.9690000000000007 79.95
      vertex -9.80717967697245 2.9690000000000007 85.95
    endloop
  endfacet
  facet normal -0.6593458151000604 -0.7518398074789847 0
    outer loop
      vertex -10.012990856793024 3.203682672232989 79.95
      vertex -9.934314575050761 3.134685424949239 85.95
      vertex -10.012990856793024 3.203682672232989 85.95
    endloop
  endfacet
  facet normal -0.8314696123025427 -0.5555702330196063 0
    outer loop
      vertex -9.865317327767013 3.0560091432069774 79.95
      vertex -9.80717967697245 2.9690000000000007 85.95
      vertex -9.865317327767013 3.0560091432069774 85.95
    endloop
  endfacet
  facet normal -0.7518398074789856 -0.6593458151000595 0
    outer loop
      vertex -9.934314575050761 3.134685424949239 79.95
      vertex -9.865317327767013 3.0560091432069774 85.95
      vertex -9.934314575050761 3.134685424949239 85.95
    endloop
  endfacet
  facet normal -0.9807852804032301 -0.19509032201612983 0
    outer loop
      vertex -9.727259338968745 2.7760552360820174 79.95
      vertex -9.706844110900951 2.6734209537760423 85.95
      vertex -9.727259338968745 2.7760552360820174 85.95
    endloop
  endfacet
  facet normal -0.9469301294951041 -0.32143946530316597 0
    outer loop
      vertex -9.76089637399097 2.8751467458920725 79.95
      vertex -9.727259338968745 2.7760552360820174 85.95
      vertex -9.76089637399097 2.8751467458920725 85.95
    endloop
  endfacet
  facet normal -0.896872741532687 -0.44228869021900413 0
    outer loop
      vertex -9.80717967697245 2.9690000000000007 79.95
      vertex -9.76089637399097 2.8751467458920725 85.95
      vertex -9.80717967697245 2.9690000000000007 85.95
    endloop
  endfacet
  facet normal 0.0654031292301429 -0.9978589232386035 -4.776060478907566e-20
    outer loop
      vertex -10.60442095377604 3.362155889099049 79.95
      vertex -10.5 3.3690000000000007 79.95
      vertex -10.5 3.3690000000000007 85.95
    endloop
  endfacet
  facet normal -0.0654031292301429 -0.9978589232386035 4.776060478907566e-20
    outer loop
      vertex -10.5 3.3690000000000007 79.95
      vertex -10.39557904622396 3.362155889099049 79.95
      vertex -10.39557904622396 3.362155889099049 85.95
    endloop
  endfacet
  facet normal -0.3214394653031622 -0.9469301294951055 9.019701238917647e-20
    outer loop
      vertex -10.292944763917983 3.3417406610312557 79.95
      vertex -10.193853254107928 3.3081036260090304 79.95
      vertex -10.193853254107928 3.3081036260090304 85.95
    endloop
  endfacet
  facet normal -0.19509032201612414 -0.9807852804032313 -2.2833379373438982e-20
    outer loop
      vertex -10.39557904622396 3.362155889099049 79.95
      vertex -10.292944763917983 3.3417406610312557 79.95
      vertex -10.292944763917983 3.3417406610312557 85.95
    endloop
  endfacet
  facet normal -0.4422886902190024 -0.8968727415326878 0
    outer loop
      vertex -10.1 3.2618203230275515 79.95
      vertex -10.1 3.2618203230275515 85.95
      vertex -10.193853254107928 3.3081036260090304 79.95
    endloop
  endfacet
  facet normal 0.0654031292301429 -0.9978589232386035 0
    outer loop
      vertex -10.60442095377604 3.362155889099049 79.95
      vertex -10.5 3.3690000000000007 85.95
      vertex -10.60442095377604 3.362155889099049 85.95
    endloop
  endfacet
  facet normal -0.0654031292301429 -0.9978589232386035 0
    outer loop
      vertex -10.5 3.3690000000000007 79.95
      vertex -10.39557904622396 3.362155889099049 85.95
      vertex -10.5 3.3690000000000007 85.95
    endloop
  endfacet
  facet normal -0.19509032201612414 -0.9807852804032313 0
    outer loop
      vertex -10.39557904622396 3.362155889099049 79.95
      vertex -10.292944763917983 3.3417406610312557 85.95
      vertex -10.39557904622396 3.362155889099049 85.95
    endloop
  endfacet
  facet normal -0.3214394653031622 -0.9469301294951055 0
    outer loop
      vertex -10.292944763917983 3.3417406610312557 79.95
      vertex -10.193853254107928 3.3081036260090304 85.95
      vertex -10.292944763917983 3.3417406610312557 85.95
    endloop
  endfacet
  facet normal -0.4422886902190024 -0.8968727415326878 0
    outer loop
      vertex -10.193853254107928 3.3081036260090304 79.95
      vertex -10.1 3.2618203230275515 85.95
      vertex -10.193853254107928 3.3081036260090304 85.95
    endloop
  endfacet
  facet normal -0.5555702330196062 -0.8314696123025426 6.722216147198189e-19
    outer loop
      vertex -10.1 3.2618203230275515 79.95
      vertex -10.012990856793024 3.203682672232989 79.95
      vertex -10.012990856793024 3.203682672232989 85.95
    endloop
  endfacet
  facet normal -0.5555702330196062 -0.8314696123025426 0
    outer loop
      vertex -10.1 3.2618203230275515 79.95
      vertex -10.012990856793024 3.203682672232989 85.95
      vertex -10.1 3.2618203230275515 85.95
    endloop
  endfacet
  facet normal 0 0 1
    outer loop
      vertex 10.012990856793024 -10.565682672232988 79.95
      vertex 10.012990856793024 -9.29631732776701 79.95
      vertex 9.934314575050761 -10.496685424949238 79.95
    endloop
  endfacet
  facet normal 0 0 1
    outer loop
      vertex 10.012990856793024 -10.565682672232988 79.95
      vertex 10.1 -10.62382032302755 79.95
      vertex 10.1 -9.238179676972448 79.95
    endloop
  endfacet
  facet normal 0 0 1
    outer loop
      vertex 9.727259338968745 -10.138055236082016 79.95
      vertex 9.727259338968745 -9.723944763917983 79.95
      vertex 9.706844110900951 -10.03542095377604 79.95
    endloop
  endfacet
  facet normal 0 0 1
    outer loop
      vertex 9.76089637399097 -10.23714674589207 79.95
      vertex 9.76089637399097 -9.624853254107927 79.95
      vertex 9.727259338968745 -10.138055236082016 79.95
    endloop
  endfacet
  facet normal 0 0 1
    outer loop
      vertex 9.80717967697245 -10.331 79.95
      vertex 9.80717967697245 -9.530999999999999 79.95
      vertex 9.76089637399097 -10.23714674589207 79.95
    endloop
  endfacet
  facet normal 0 0 1
    outer loop
      vertex 9.706844110900951 -10.03542095377604 79.95
      vertex 9.706844110900951 -9.826579046223959 79.95
      vertex 9.7 -9.931 79.95
    endloop
  endfacet
  facet normal 0 0 1
    outer loop
      vertex 9.706844110900951 -10.03542095377604 79.95
      vertex 9.727259338968745 -9.723944763917983 79.95
      vertex 9.706844110900951 -9.826579046223959 79.95
    endloop
  endfacet
  facet normal 0 0 1
    outer loop
      vertex 9.727259338968745 -10.138055236082016 79.95
      vertex 9.76089637399097 -9.624853254107927 79.95
      vertex 9.727259338968745 -9.723944763917983 79.95
    endloop
  endfacet
  facet normal 0 0 1
    outer loop
      vertex 9.76089637399097 -10.23714674589207 79.95
      vertex 9.80717967697245 -9.530999999999999 79.95
      vertex 9.76089637399097 -9.624853254107927 79.95
    endloop
  endfacet
  facet normal 0 0 1
    outer loop
      vertex 9.80717967697245 -10.331 79.95
      vertex 9.865317327767013 -9.443990856793022 79.95
      vertex 9.80717967697245 -9.530999999999999 79.95
    endloop
  endfacet
  facet normal 0 0 1
    outer loop
      vertex 9.865317327767013 -10.418009143206977 79.95
      vertex 9.865317327767013 -9.443990856793022 79.95
      vertex 9.80717967697245 -10.331 79.95
    endloop
  endfacet
  facet normal 0 0 1
    outer loop
      vertex 9.865317327767013 -10.418009143206977 79.95
      vertex 9.934314575050761 -10.496685424949238 79.95
      vertex 9.934314575050761 -9.36531457505076 79.95
    endloop
  endfacet
  facet normal 0 0 1
    outer loop
      vertex 9.865317327767013 -10.418009143206977 79.95
      vertex 9.934314575050761 -9.36531457505076 79.95
      vertex 9.865317327767013 -9.443990856793022 79.95
    endloop
  endfacet
  facet normal 0 0 1
    outer loop
      vertex 9.934314575050761 -10.496685424949238 79.95
      vertex 10.012990856793024 -9.29631732776701 79.95
      vertex 9.934314575050761 -9.36531457505076 79.95
    endloop
  endfacet
  facet normal 0 0 1
    outer loop
      vertex 10.012990856793024 -10.565682672232988 79.95
      vertex 10.1 -9.238179676972448 79.95
      vertex 10.012990856793024 -9.29631732776701 79.95
    endloop
  endfacet
  facet normal 0 0 1
    outer loop
      vertex 10.1 -10.62382032302755 79.95
      vertex 10.193853254107928 -10.670103626009029 79.95
      vertex 10.193853254107928 -9.19189637399097 79.95
    endloop
  endfacet
  facet normal 0 0 1
    outer loop
      vertex 10.193853254107928 -10.670103626009029 79.95
      vertex 10.292944763917983 -10.703740661031254 79.95
      vertex 10.292944763917983 -9.158259338968744 79.95
    endloop
  endfacet
  facet normal 0 0 1
    outer loop
      vertex 10.39557904622396 -10.724155889099048 79.95
      vertex 10.39557904622396 -9.13784411090095 79.95
      vertex 10.292944763917983 -10.703740661031254 79.95
    endloop
  endfacet
  facet normal 0 0 1
    outer loop
      vertex 10.39557904622396 -10.724155889099048 79.95
      vertex 10.5 -10.731 79.95
      vertex 10.5 -9.130999999999998 79.95
    endloop
  endfacet
  facet normal 0 0 1
    outer loop
      vertex 10.5 -10.731 79.95
      vertex 10.60442095377604 -10.724155889099048 79.95
      vertex 10.60442095377604 -9.13784411090095 79.95
    endloop
  endfacet
  facet normal 0 0 1
    outer loop
      vertex 10.1 -10.62382032302755 79.95
      vertex 10.193853254107928 -9.19189637399097 79.95
      vertex 10.1 -9.238179676972448 79.95
    endloop
  endfacet
  facet normal 0 0 1
    outer loop
      vertex 10.193853254107928 -10.670103626009029 79.95
      vertex 10.292944763917983 -9.158259338968744 79.95
      vertex 10.193853254107928 -9.19189637399097 79.95
    endloop
  endfacet
  facet normal 0 0 1
    outer loop
      vertex 10.292944763917983 -10.703740661031254 79.95
      vertex 10.39557904622396 -9.13784411090095 79.95
      vertex 10.292944763917983 -9.158259338968744 79.95
    endloop
  endfacet
  facet normal 0 0 1
    outer loop
      vertex 10.39557904622396 -10.724155889099048 79.95
      vertex 10.5 -9.130999999999998 79.95
      vertex 10.39557904622396 -9.13784411090095 79.95
    endloop
  endfacet
  facet normal 0 0 1
    outer loop
      vertex 10.5 -10.731 79.95
      vertex 10.60442095377604 -9.13784411090095 79.95
      vertex 10.5 -9.130999999999998 79.95
    endloop
  endfacet
  facet normal 0 0 1
    outer loop
      vertex 10.60442095377604 -10.724155889099048 79.95
      vertex 10.707055236082017 -10.703740661031254 79.95
      vertex 10.707055236082017 -9.158259338968744 79.95
    endloop
  endfacet
  facet normal 0 0 1
    outer loop
      vertex 10.707055236082017 -10.703740661031254 79.95
      vertex 10.806146745892072 -10.670103626009029 79.95
      vertex 10.806146745892072 -9.19189637399097 79.95
    endloop
  endfacet
  facet normal 0 0 1
    outer loop
      vertex 10.806146745892072 -10.670103626009029 79.95
      vertex 10.9 -10.62382032302755 79.95
      vertex 10.9 -9.238179676972448 79.95
    endloop
  endfacet
  facet normal 0 0 1
    outer loop
      vertex 10.9 -10.62382032302755 79.95
      vertex 10.987009143206976 -10.565682672232988 79.95
      vertex 10.987009143206976 -9.29631732776701 79.95
    endloop
  endfacet
  facet normal 0 0 1
    outer loop
      vertex 10.987009143206976 -10.565682672232988 79.95
      vertex 11.065685424949239 -10.496685424949238 79.95
      vertex 11.065685424949239 -9.36531457505076 79.95
    endloop
  endfacet
  facet normal 0 0 1
    outer loop
      vertex 11.065685424949239 -10.496685424949238 79.95
      vertex 11.134682672232987 -10.418009143206977 79.95
      vertex 11.134682672232987 -9.443990856793022 79.95
    endloop
  endfacet
  facet normal 0 0 1
    outer loop
      vertex 10.60442095377604 -10.724155889099048 79.95
      vertex 10.707055236082017 -9.158259338968744 79.95
      vertex 10.60442095377604 -9.13784411090095 79.95
    endloop
  endfacet
  facet normal 0 0 1
    outer loop
      vertex 10.707055236082017 -10.703740661031254 79.95
      vertex 10.806146745892072 -9.19189637399097 79.95
      vertex 10.707055236082017 -9.158259338968744 79.95
    endloop
  endfacet
  facet normal 0 0 1
    outer loop
      vertex 10.806146745892072 -10.670103626009029 79.95
      vertex 10.9 -9.238179676972448 79.95
      vertex 10.806146745892072 -9.19189637399097 79.95
    endloop
  endfacet
  facet normal 0 0 1
    outer loop
      vertex 10.9 -10.62382032302755 79.95
      vertex 10.987009143206976 -9.29631732776701 79.95
      vertex 10.9 -9.238179676972448 79.95
    endloop
  endfacet
  facet normal 0 0 1
    outer loop
      vertex 10.987009143206976 -10.565682672232988 79.95
      vertex 11.065685424949239 -9.36531457505076 79.95
      vertex 10.987009143206976 -9.29631732776701 79.95
    endloop
  endfacet
  facet normal 0 0 1
    outer loop
      vertex 11.065685424949239 -10.496685424949238 79.95
      vertex 11.134682672232987 -9.443990856793022 79.95
      vertex 11.065685424949239 -9.36531457505076 79.95
    endloop
  endfacet
  facet normal 0 0 1
    outer loop
      vertex 11.134682672232987 -10.418009143206977 79.95
      vertex 11.19282032302755 -9.530999999999999 79.95
      vertex 11.134682672232987 -9.443990856793022 79.95
    endloop
  endfacet
  facet normal 0 0 1
    outer loop
      vertex 11.134682672232987 -10.418009143206977 79.95
      vertex 11.19282032302755 -10.331 79.95
      vertex 11.19282032302755 -9.530999999999999 79.95
    endloop
  endfacet
  facet normal 0 0 1
    outer loop
      vertex 11.19282032302755 -10.331 79.95
      vertex 11.23910362600903 -10.23714674589207 79.95
      vertex 11.23910362600903 -9.624853254107927 79.95
    endloop
  endfacet
  facet normal 0 0 1
    outer loop
      vertex 11.23910362600903 -10.23714674589207 79.95
      vertex 11.272740661031255 -10.138055236082016 79.95
      vertex 11.272740661031255 -9.723944763917983 79.95
    endloop
  endfacet
  facet normal 0 0 1
    outer loop
      vertex 11.272740661031255 -10.138055236082016 79.95
      vertex 11.293155889099049 -10.03542095377604 79.95
      vertex 11.293155889099049 -9.826579046223959 79.95
    endloop
  endfacet
  facet normal 0 0 1
    outer loop
      vertex 11.19282032302755 -10.331 79.95
      vertex 11.23910362600903 -9.624853254107927 79.95
      vertex 11.19282032302755 -9.530999999999999 79.95
    endloop
  endfacet
  facet normal 0 0 1
    outer loop
      vertex 11.272740661031255 -10.138055236082016 79.95
      vertex 11.293155889099049 -9.826579046223959 79.95
      vertex 11.272740661031255 -9.723944763917983 79.95
    endloop
  endfacet
  facet normal 0 0 1
    outer loop
      vertex 11.23910362600903 -10.23714674589207 79.95
      vertex 11.272740661031255 -9.723944763917983 79.95
      vertex 11.23910362600903 -9.624853254107927 79.95
    endloop
  endfacet
  facet normal 0 0 1
    outer loop
      vertex 11.293155889099049 -10.03542095377604 79.95
      vertex 11.3 -9.931 79.95
      vertex 11.293155889099049 -9.826579046223959 79.95
    endloop
  endfacet
  facet normal 0.4422886902190024 0.8968727415326878 0
    outer loop
      vertex 10.1 -10.62382032302755 79.95
      vertex 10.1 -10.62382032302755 85.95
      vertex 10.193853254107928 -10.670103626009029 79.95
    endloop
  endfacet
  facet normal 0.32143946530316597 0.9469301294951041 0
    outer loop
      vertex 10.193853254107928 -10.670103626009029 79.95
      vertex 10.193853254107928 -10.670103626009029 85.95
      vertex 10.292944763917983 -10.703740661031254 79.95
    endloop
  endfacet
  facet normal 0.1950903220161282 0.9807852804032304 -9.018185224680097e-20
    outer loop
      vertex 10.39557904622396 -10.724155889099048 79.95
      vertex 10.292944763917983 -10.703740661031254 79.95
      vertex 10.292944763917983 -10.703740661031254 85.95
    endloop
  endfacet
  facet normal 0.0654031292301429 0.9978589232386035 0
    outer loop
      vertex 10.39557904622396 -10.724155889099048 79.95
      vertex 10.39557904622396 -10.724155889099048 85.95
      vertex 10.5 -10.731 79.95
    endloop
  endfacet
  facet normal -0.0654031292301429 0.9978589232386035 0
    outer loop
      vertex 10.5 -10.731 79.95
      vertex 10.5 -10.731 85.95
      vertex 10.60442095377604 -10.724155889099048 79.95
    endloop
  endfacet
  facet normal 0.4422886902190024 0.8968727415326878 0
    outer loop
      vertex 10.193853254107928 -10.670103626009029 79.95
      vertex 10.1 -10.62382032302755 85.95
      vertex 10.193853254107928 -10.670103626009029 85.95
    endloop
  endfacet
  facet normal 0.32143946530316597 0.9469301294951041 0
    outer loop
      vertex 10.292944763917983 -10.703740661031254 79.95
      vertex 10.193853254107928 -10.670103626009029 85.95
      vertex 10.292944763917983 -10.703740661031254 85.95
    endloop
  endfacet
  facet normal 0.1950903220161282 0.9807852804032304 0
    outer loop
      vertex 10.39557904622396 -10.724155889099048 79.95
      vertex 10.292944763917983 -10.703740661031254 85.95
      vertex 10.39557904622396 -10.724155889099048 85.95
    endloop
  endfacet
  facet normal 0.0654031292301429 0.9978589232386035 0
    outer loop
      vertex 10.5 -10.731 79.95
      vertex 10.39557904622396 -10.724155889099048 85.95
      vertex 10.5 -10.731 85.95
    endloop
  endfacet
  facet normal -0.0654031292301429 0.9978589232386035 0
    outer loop
      vertex 10.60442095377604 -10.724155889099048 79.95
      vertex 10.5 -10.731 85.95
      vertex 10.60442095377604 -10.724155889099048 85.95
    endloop
  endfacet
  facet normal 0.831469612302544 0.5555702330196043 4.4667266689294455e-19
    outer loop
      vertex 9.865317327767013 -10.418009143206977 79.95
      vertex 9.80717967697245 -10.331 79.95
      vertex 9.80717967697245 -10.331 85.95
    endloop
  endfacet
  facet normal 0.8968727415326878 0.4422886902190024 -6.418517086235314e-20
    outer loop
      vertex 9.80717967697245 -10.331 79.95
      vertex 9.76089637399097 -10.23714674589207 79.95
      vertex 9.76089637399097 -10.23714674589207 85.95
    endloop
  endfacet
  facet normal 0.9469301294951041 0.32143946530316597 -2.3423720617143073e-19
    outer loop
      vertex 9.76089637399097 -10.23714674589207 79.95
      vertex 9.727259338968745 -10.138055236082016 79.95
      vertex 9.727259338968745 -10.138055236082016 85.95
    endloop
  endfacet
  facet normal 0.6593458151000628 0.7518398074789827 6.328444548284083e-19
    outer loop
      vertex 10.012990856793024 -10.565682672232988 79.95
      vertex 9.934314575050761 -10.496685424949238 79.95
      vertex 9.934314575050761 -10.496685424949238 85.95
    endloop
  endfacet
  facet normal 0.7518398074789837 0.6593458151000616 0
    outer loop
      vertex 9.865317327767013 -10.418009143206977 79.95
      vertex 9.865317327767013 -10.418009143206977 85.95
      vertex 9.934314575050761 -10.496685424949238 79.95
    endloop
  endfacet
  facet normal 0.5555702330196004 0.8314696123025466 0
    outer loop
      vertex 10.012990856793024 -10.565682672232988 79.95
      vertex 10.012990856793024 -10.565682672232988 85.95
      vertex 10.1 -10.62382032302755 79.95
    endloop
  endfacet
  facet normal 0.8968727415326878 0.4422886902190024 0
    outer loop
      vertex 9.80717967697245 -10.331 79.95
      vertex 9.76089637399097 -10.23714674589207 85.95
      vertex 9.80717967697245 -10.331 85.95
    endloop
  endfacet
  facet normal 0.9469301294951041 0.32143946530316597 0
    outer loop
      vertex 9.76089637399097 -10.23714674589207 79.95
      vertex 9.727259338968745 -10.138055236082016 85.95
      vertex 9.76089637399097 -10.23714674589207 85.95
    endloop
  endfacet
  facet normal 0.9807852804032304 0.1950903220161282 0
    outer loop
      vertex 9.727259338968745 -10.138055236082016 79.95
      vertex 9.706844110900951 -10.03542095377604 85.95
      vertex 9.727259338968745 -10.138055236082016 85.95
    endloop
  endfacet
  facet normal 0.831469612302544 0.5555702330196043 0
    outer loop
      vertex 9.865317327767013 -10.418009143206977 79.95
      vertex 9.80717967697245 -10.331 85.95
      vertex 9.865317327767013 -10.418009143206977 85.95
    endloop
  endfacet
  facet normal 0.7518398074789837 0.6593458151000616 0
    outer loop
      vertex 9.934314575050761 -10.496685424949238 79.95
      vertex 9.865317327767013 -10.418009143206977 85.95
      vertex 9.934314575050761 -10.496685424949238 85.95
    endloop
  endfacet
  facet normal 0.6593458151000628 0.7518398074789827 0
    outer loop
      vertex 10.012990856793024 -10.565682672232988 79.95
      vertex 9.934314575050761 -10.496685424949238 85.95
      vertex 10.012990856793024 -10.565682672232988 85.95
    endloop
  endfacet
  facet normal 0.5555702330196004 0.8314696123025466 0
    outer loop
      vertex 10.1 -10.62382032302755 79.95
      vertex 10.012990856793024 -10.565682672232988 85.95
      vertex 10.1 -10.62382032302755 85.95
    endloop
  endfacet
  facet normal 0.9807852804032304 0.1950903220161282 -9.018185224680097e-20
    outer loop
      vertex 9.727259338968745 -10.138055236082016 79.95
      vertex 9.706844110900951 -10.03542095377604 79.95
      vertex 9.706844110900951 -10.03542095377604 85.95
    endloop
  endfacet
  facet normal 0.9978589232386035 0.0654031292301429 4.776060478907566e-20
    outer loop
      vertex 9.706844110900951 -10.03542095377604 79.95
      vertex 9.7 -9.931 79.95
      vertex 9.7 -9.931 85.95
    endloop
  endfacet
  facet normal 0.9978589232386035 -0.0654031292301429 -4.776060478907566e-20
    outer loop
      vertex 9.7 -9.931 79.95
      vertex 9.706844110900951 -9.826579046223959 79.95
      vertex 9.706844110900951 -9.826579046223959 85.95
    endloop
  endfacet
  facet normal 0.9807852804032304 -0.1950903220161282 9.018185224680097e-20
    outer loop
      vertex 9.706844110900951 -9.826579046223959 79.95
      vertex 9.727259338968745 -9.723944763917983 79.95
      vertex 9.727259338968745 -9.723944763917983 85.95
    endloop
  endfacet
  facet normal 0.9469301294951041 -0.32143946530316597 2.3423720617143073e-19
    outer loop
      vertex 9.727259338968745 -9.723944763917983 79.95
      vertex 9.76089637399097 -9.624853254107927 79.95
      vertex 9.76089637399097 -9.624853254107927 85.95
    endloop
  endfacet
  facet normal 0.9978589232386035 0.0654031292301429 0
    outer loop
      vertex 9.706844110900951 -10.03542095377604 79.95
      vertex 9.7 -9.931 85.95
      vertex 9.706844110900951 -10.03542095377604 85.95
    endloop
  endfacet
  facet normal 0.9978589232386035 -0.0654031292301429 0
    outer loop
      vertex 9.7 -9.931 79.95
      vertex 9.706844110900951 -9.826579046223959 85.95
      vertex 9.7 -9.931 85.95
    endloop
  endfacet
  facet normal 0.9807852804032304 -0.1950903220161282 0
    outer loop
      vertex 9.706844110900951 -9.826579046223959 79.95
      vertex 9.727259338968745 -9.723944763917983 85.95
      vertex 9.706844110900951 -9.826579046223959 85.95
    endloop
  endfacet
  facet normal 0.9469301294951041 -0.32143946530316597 0
    outer loop
      vertex 9.727259338968745 -9.723944763917983 79.95
      vertex 9.76089637399097 -9.624853254107927 85.95
      vertex 9.727259338968745 -9.723944763917983 85.95
    endloop
  endfacet
  facet normal 0.8968727415326878 -0.4422886902190024 0
    outer loop
      vertex 9.76089637399097 -9.624853254107927 79.95
      vertex 9.80717967697245 -9.530999999999999 85.95
      vertex 9.76089637399097 -9.624853254107927 85.95
    endloop
  endfacet
  facet normal 0.8968727415326878 -0.4422886902190024 6.418517086235314e-20
    outer loop
      vertex 9.76089637399097 -9.624853254107927 79.95
      vertex 9.80717967697245 -9.530999999999999 79.95
      vertex 9.80717967697245 -9.530999999999999 85.95
    endloop
  endfacet
  facet normal 0.831469612302544 -0.5555702330196043 -4.4667266689294455e-19
    outer loop
      vertex 9.80717967697245 -9.530999999999999 79.95
      vertex 9.865317327767013 -9.443990856793022 79.95
      vertex 9.865317327767013 -9.443990856793022 85.95
    endloop
  endfacet
  facet normal 0.7518398074789837 -0.6593458151000616 1.4713116924157964e-19
    outer loop
      vertex 9.865317327767013 -9.443990856793022 79.95
      vertex 9.934314575050761 -9.36531457505076 79.95
      vertex 9.934314575050761 -9.36531457505076 85.95
    endloop
  endfacet
  facet normal 0.6593458151000628 -0.7518398074789827 -6.328444548284083e-19
    outer loop
      vertex 9.934314575050761 -9.36531457505076 79.95
      vertex 10.012990856793024 -9.29631732776701 79.95
      vertex 10.012990856793024 -9.29631732776701 85.95
    endloop
  endfacet
  facet normal 0.5555702330196004 -0.8314696123025466 5.74713348387019e-19
    outer loop
      vertex 10.012990856793024 -9.29631732776701 79.95
      vertex 10.1 -9.238179676972448 79.95
      vertex 10.1 -9.238179676972448 85.95
    endloop
  endfacet
  facet normal 0.831469612302544 -0.5555702330196043 0
    outer loop
      vertex 9.80717967697245 -9.530999999999999 79.95
      vertex 9.865317327767013 -9.443990856793022 85.95
      vertex 9.80717967697245 -9.530999999999999 85.95
    endloop
  endfacet
  facet normal 0.7518398074789837 -0.6593458151000616 0
    outer loop
      vertex 9.865317327767013 -9.443990856793022 79.95
      vertex 9.934314575050761 -9.36531457505076 85.95
      vertex 9.865317327767013 -9.443990856793022 85.95
    endloop
  endfacet
  facet normal 0.6593458151000628 -0.7518398074789827 0
    outer loop
      vertex 9.934314575050761 -9.36531457505076 79.95
      vertex 10.012990856793024 -9.29631732776701 85.95
      vertex 9.934314575050761 -9.36531457505076 85.95
    endloop
  endfacet
  facet normal 0.5555702330196004 -0.8314696123025466 0
    outer loop
      vertex 10.012990856793024 -9.29631732776701 79.95
      vertex 10.1 -9.238179676972448 85.95
      vertex 10.012990856793024 -9.29631732776701 85.95
    endloop
  endfacet
  facet normal 0.4422886902190024 -0.8968727415326878 6.418517086235314e-20
    outer loop
      vertex 10.1 -9.238179676972448 79.95
      vertex 10.193853254107928 -9.19189637399097 79.95
      vertex 10.193853254107928 -9.19189637399097 85.95
    endloop
  endfacet
  facet normal 0.32143946530316597 -0.9469301294951041 2.3423720617143073e-19
    outer loop
      vertex 10.193853254107928 -9.19189637399097 79.95
      vertex 10.292944763917983 -9.158259338968744 79.95
      vertex 10.292944763917983 -9.158259338968744 85.95
    endloop
  endfacet
  facet normal 0.1950903220161282 -0.9807852804032304 9.018185224680097e-20
    outer loop
      vertex 10.292944763917983 -9.158259338968744 79.95
      vertex 10.39557904622396 -9.13784411090095 79.95
      vertex 10.39557904622396 -9.13784411090095 85.95
    endloop
  endfacet
  facet normal 0.0654031292301429 -0.9978589232386035 -4.776060478907566e-20
    outer loop
      vertex 10.39557904622396 -9.13784411090095 79.95
      vertex 10.5 -9.130999999999998 79.95
      vertex 10.5 -9.130999999999998 85.95
    endloop
  endfacet
  facet normal -0.0654031292301429 -0.9978589232386035 4.776060478907566e-20
    outer loop
      vertex 10.5 -9.130999999999998 79.95
      vertex 10.60442095377604 -9.13784411090095 79.95
      vertex 10.60442095377604 -9.13784411090095 85.95
    endloop
  endfacet
  facet normal 0.4422886902190024 -0.8968727415326878 0
    outer loop
      vertex 10.1 -9.238179676972448 79.95
      vertex 10.193853254107928 -9.19189637399097 85.95
      vertex 10.1 -9.238179676972448 85.95
    endloop
  endfacet
  facet normal 0.32143946530316597 -0.9469301294951041 0
    outer loop
      vertex 10.193853254107928 -9.19189637399097 79.95
      vertex 10.292944763917983 -9.158259338968744 85.95
      vertex 10.193853254107928 -9.19189637399097 85.95
    endloop
  endfacet
  facet normal 0.1950903220161282 -0.9807852804032304 0
    outer loop
      vertex 10.292944763917983 -9.158259338968744 79.95
      vertex 10.39557904622396 -9.13784411090095 85.95
      vertex 10.292944763917983 -9.158259338968744 85.95
    endloop
  endfacet
  facet normal 0.0654031292301429 -0.9978589232386035 0
    outer loop
      vertex 10.39557904622396 -9.13784411090095 79.95
      vertex 10.5 -9.130999999999998 85.95
      vertex 10.39557904622396 -9.13784411090095 85.95
    endloop
  endfacet
  facet normal -0.0654031292301429 -0.9978589232386035 0
    outer loop
      vertex 10.5 -9.130999999999998 79.95
      vertex 10.60442095377604 -9.13784411090095 85.95
      vertex 10.5 -9.130999999999998 85.95
    endloop
  endfacet
  facet normal -0.1950903220161282 0.9807852804032304 0
    outer loop
      vertex 10.60442095377604 -10.724155889099048 79.95
      vertex 10.60442095377604 -10.724155889099048 85.95
      vertex 10.707055236082017 -10.703740661031254 79.95
    endloop
  endfacet
  facet normal -0.32143946530316597 0.9469301294951041 0
    outer loop
      vertex 10.707055236082017 -10.703740661031254 79.95
      vertex 10.707055236082017 -10.703740661031254 85.95
      vertex 10.806146745892072 -10.670103626009029 79.95
    endloop
  endfacet
  facet normal -0.4422886902190024 0.8968727415326878 0
    outer loop
      vertex 10.806146745892072 -10.670103626009029 79.95
      vertex 10.806146745892072 -10.670103626009029 85.95
      vertex 10.9 -10.62382032302755 79.95
    endloop
  endfacet
  facet normal -0.1950903220161282 0.9807852804032304 0
    outer loop
      vertex 10.707055236082017 -10.703740661031254 79.95
      vertex 10.60442095377604 -10.724155889099048 85.95
      vertex 10.707055236082017 -10.703740661031254 85.95
    endloop
  endfacet
  facet normal -0.32143946530316597 0.9469301294951041 0
    outer loop
      vertex 10.806146745892072 -10.670103626009029 79.95
      vertex 10.707055236082017 -10.703740661031254 85.95
      vertex 10.806146745892072 -10.670103626009029 85.95
    endloop
  endfacet
  facet normal -0.4422886902190024 0.8968727415326878 0
    outer loop
      vertex 10.9 -10.62382032302755 79.95
      vertex 10.806146745892072 -10.670103626009029 85.95
      vertex 10.9 -10.62382032302755 85.95
    endloop
  endfacet
  facet normal -0.5555702330196004 0.8314696123025466 0
    outer loop
      vertex 10.9 -10.62382032302755 79.95
      vertex 10.9 -10.62382032302755 85.95
      vertex 10.987009143206976 -10.565682672232988 79.95
    endloop
  endfacet
  facet normal -0.6593458151000628 0.7518398074789827 0
    outer loop
      vertex 10.987009143206976 -10.565682672232988 79.95
      vertex 10.987009143206976 -10.565682672232988 85.95
      vertex 11.065685424949239 -10.496685424949238 79.95
    endloop
  endfacet
  facet normal -0.7518398074789837 0.6593458151000616 0
    outer loop
      vertex 11.065685424949239 -10.496685424949238 79.95
      vertex 11.065685424949239 -10.496685424949238 85.95
      vertex 11.134682672232987 -10.418009143206977 79.95
    endloop
  endfacet
  facet normal -0.831469612302544 0.5555702330196043 0
    outer loop
      vertex 11.134682672232987 -10.418009143206977 79.95
      vertex 11.134682672232987 -10.418009143206977 85.95
      vertex 11.19282032302755 -10.331 79.95
    endloop
  endfacet
  facet normal -0.5555702330196004 0.8314696123025466 0
    outer loop
      vertex 10.987009143206976 -10.565682672232988 79.95
      vertex 10.9 -10.62382032302755 85.95
      vertex 10.987009143206976 -10.565682672232988 85.95
    endloop
  endfacet
  facet normal -0.6593458151000628 0.7518398074789827 0
    outer loop
      vertex 11.065685424949239 -10.496685424949238 79.95
      vertex 10.987009143206976 -10.565682672232988 85.95
      vertex 11.065685424949239 -10.496685424949238 85.95
    endloop
  endfacet
  facet normal -0.7518398074789837 0.6593458151000616 0
    outer loop
      vertex 11.134682672232987 -10.418009143206977 79.95
      vertex 11.065685424949239 -10.496685424949238 85.95
      vertex 11.134682672232987 -10.418009143206977 85.95
    endloop
  endfacet
  facet normal -0.8968727415326878 0.4422886902190024 0
    outer loop
      vertex 11.19282032302755 -10.331 79.95
      vertex 11.19282032302755 -10.331 85.95
      vertex 11.23910362600903 -10.23714674589207 79.95
    endloop
  endfacet
  facet normal -0.9469301294951041 0.32143946530316597 0
    outer loop
      vertex 11.23910362600903 -10.23714674589207 79.95
      vertex 11.23910362600903 -10.23714674589207 85.95
      vertex 11.272740661031255 -10.138055236082016 79.95
    endloop
  endfacet
  facet normal -0.9807852804032304 0.1950903220161282 0
    outer loop
      vertex 11.272740661031255 -10.138055236082016 79.95
      vertex 11.272740661031255 -10.138055236082016 85.95
      vertex 11.293155889099049 -10.03542095377604 79.95
    endloop
  endfacet
  facet normal -0.831469612302544 0.5555702330196043 0
    outer loop
      vertex 11.19282032302755 -10.331 79.95
      vertex 11.134682672232987 -10.418009143206977 85.95
      vertex 11.19282032302755 -10.331 85.95
    endloop
  endfacet
  facet normal -0.8968727415326878 0.4422886902190024 0
    outer loop
      vertex 11.23910362600903 -10.23714674589207 79.95
      vertex 11.19282032302755 -10.331 85.95
      vertex 11.23910362600903 -10.23714674589207 85.95
    endloop
  endfacet
  facet normal -0.9469301294951041 0.32143946530316597 0
    outer loop
      vertex 11.272740661031255 -10.138055236082016 79.95
      vertex 11.23910362600903 -10.23714674589207 85.95
      vertex 11.272740661031255 -10.138055236082016 85.95
    endloop
  endfacet
  facet normal -0.9978589232386035 0.0654031292301429 0
    outer loop
      vertex 11.293155889099049 -10.03542095377604 79.95
      vertex 11.293155889099049 -10.03542095377604 85.95
      vertex 11.3 -9.931 79.95
    endloop
  endfacet
  facet normal -0.9978589232386035 -0.0654031292301429 0
    outer loop
      vertex 11.3 -9.931 79.95
      vertex 11.3 -9.931 85.95
      vertex 11.293155889099049 -9.826579046223959 79.95
    endloop
  endfacet
  facet normal -0.9807852804032304 -0.1950903220161282 0
    outer loop
      vertex 11.293155889099049 -9.826579046223959 79.95
      vertex 11.293155889099049 -9.826579046223959 85.95
      vertex 11.272740661031255 -9.723944763917983 79.95
    endloop
  endfacet
  facet normal -0.9469301294951041 -0.32143946530316597 0
    outer loop
      vertex 11.272740661031255 -9.723944763917983 79.95
      vertex 11.272740661031255 -9.723944763917983 85.95
      vertex 11.23910362600903 -9.624853254107927 79.95
    endloop
  endfacet
  facet normal -0.8968727415326878 -0.4422886902190024 -6.418517086235314e-20
    outer loop
      vertex 11.19282032302755 -9.530999999999999 79.95
      vertex 11.23910362600903 -9.624853254107927 79.95
      vertex 11.23910362600903 -9.624853254107927 85.95
    endloop
  endfacet
  facet normal -0.9807852804032304 0.1950903220161282 0
    outer loop
      vertex 11.293155889099049 -10.03542095377604 79.95
      vertex 11.272740661031255 -10.138055236082016 85.95
      vertex 11.293155889099049 -10.03542095377604 85.95
    endloop
  endfacet
  facet normal -0.9978589232386035 0.0654031292301429 0
    outer loop
      vertex 11.3 -9.931 79.95
      vertex 11.293155889099049 -10.03542095377604 85.95
      vertex 11.3 -9.931 85.95
    endloop
  endfacet
  facet normal -0.9978589232386035 -0.0654031292301429 0
    outer loop
      vertex 11.293155889099049 -9.826579046223959 79.95
      vertex 11.3 -9.931 85.95
      vertex 11.293155889099049 -9.826579046223959 85.95
    endloop
  endfacet
  facet normal -0.9807852804032304 -0.1950903220161282 0
    outer loop
      vertex 11.272740661031255 -9.723944763917983 79.95
      vertex 11.293155889099049 -9.826579046223959 85.95
      vertex 11.272740661031255 -9.723944763917983 85.95
    endloop
  endfacet
  facet normal -0.9469301294951041 -0.32143946530316597 0
    outer loop
      vertex 11.23910362600903 -9.624853254107927 79.95
      vertex 11.272740661031255 -9.723944763917983 85.95
      vertex 11.23910362600903 -9.624853254107927 85.95
    endloop
  endfacet
  facet normal -0.1950903220161282 -0.9807852804032304 -9.018185224680097e-20
    outer loop
      vertex 10.60442095377604 -9.13784411090095 79.95
      vertex 10.707055236082017 -9.158259338968744 79.95
      vertex 10.707055236082017 -9.158259338968744 85.95
    endloop
  endfacet
  facet normal -0.32143946530316597 -0.9469301294951041 0
    outer loop
      vertex 10.806146745892072 -9.19189637399097 79.95
      vertex 10.806146745892072 -9.19189637399097 85.95
      vertex 10.707055236082017 -9.158259338968744 79.95
    endloop
  endfacet
  facet normal -0.4422886902190024 -0.8968727415326878 -6.418517086235314e-20
    outer loop
      vertex 10.806146745892072 -9.19189637399097 79.95
      vertex 10.9 -9.238179676972448 79.95
      vertex 10.9 -9.238179676972448 85.95
    endloop
  endfacet
  facet normal -0.6593458151000628 -0.7518398074789827 6.328444548284083e-19
    outer loop
      vertex 10.987009143206976 -9.29631732776701 79.95
      vertex 11.065685424949239 -9.36531457505076 79.95
      vertex 11.065685424949239 -9.36531457505076 85.95
    endloop
  endfacet
  facet normal -0.7518398074789837 -0.6593458151000616 -1.4713116924157964e-19
    outer loop
      vertex 11.065685424949239 -9.36531457505076 79.95
      vertex 11.134682672232987 -9.443990856793022 79.95
      vertex 11.134682672232987 -9.443990856793022 85.95
    endloop
  endfacet
  facet normal -0.5555702330196004 -0.8314696123025466 -5.74713348387019e-19
    outer loop
      vertex 10.9 -9.238179676972448 79.95
      vertex 10.987009143206976 -9.29631732776701 79.95
      vertex 10.987009143206976 -9.29631732776701 85.95
    endloop
  endfacet
  facet normal -0.32143946530316597 -0.9469301294951041 0
    outer loop
      vertex 10.707055236082017 -9.158259338968744 79.95
      vertex 10.806146745892072 -9.19189637399097 85.95
      vertex 10.707055236082017 -9.158259338968744 85.95
    endloop
  endfacet
  facet normal -0.1950903220161282 -0.9807852804032304 0
    outer loop
      vertex 10.60442095377604 -9.13784411090095 79.95
      vertex 10.707055236082017 -9.158259338968744 85.95
      vertex 10.60442095377604 -9.13784411090095 85.95
    endloop
  endfacet
  facet normal -0.4422886902190024 -0.8968727415326878 0
    outer loop
      vertex 10.806146745892072 -9.19189637399097 79.95
      vertex 10.9 -9.238179676972448 85.95
      vertex 10.806146745892072 -9.19189637399097 85.95
    endloop
  endfacet
  facet normal -0.6593458151000628 -0.7518398074789827 0
    outer loop
      vertex 10.987009143206976 -9.29631732776701 79.95
      vertex 11.065685424949239 -9.36531457505076 85.95
      vertex 10.987009143206976 -9.29631732776701 85.95
    endloop
  endfacet
  facet normal -0.831469612302544 -0.5555702330196043 0
    outer loop
      vertex 11.134682672232987 -9.443990856793022 79.95
      vertex 11.19282032302755 -9.530999999999999 85.95
      vertex 11.134682672232987 -9.443990856793022 85.95
    endloop
  endfacet
  facet normal -0.7518398074789837 -0.6593458151000616 0
    outer loop
      vertex 11.065685424949239 -9.36531457505076 79.95
      vertex 11.134682672232987 -9.443990856793022 85.95
      vertex 11.065685424949239 -9.36531457505076 85.95
    endloop
  endfacet
  facet normal -0.5555702330196004 -0.8314696123025466 0
    outer loop
      vertex 10.9 -9.238179676972448 79.95
      vertex 10.987009143206976 -9.29631732776701 85.95
      vertex 10.9 -9.238179676972448 85.95
    endloop
  endfacet
  facet normal -0.831469612302544 -0.5555702330196043 0
    outer loop
      vertex 11.19282032302755 -9.530999999999999 79.95
      vertex 11.19282032302755 -9.530999999999999 85.95
      vertex 11.134682672232987 -9.443990856793022 79.95
    endloop
  endfacet
  facet normal -0.8968727415326878 -0.4422886902190024 0
    outer loop
      vertex 11.19282032302755 -9.530999999999999 79.95
      vertex 11.23910362600903 -9.624853254107927 85.95
      vertex 11.19282032302755 -9.530999999999999 85.95
    endloop
  endfacet
  facet normal 0 0 1
    outer loop
      vertex 9.76089637399097 2.262853254107929 79.95
      vertex 9.76089637399097 2.8751467458920725 79.95
      vertex 9.727259338968745 2.3619447639179842 79.95
    endloop
  endfacet
  facet normal 0 0 1
    outer loop
      vertex 9.80717967697245 2.169000000000001 79.95
      vertex 9.80717967697245 2.9690000000000007 79.95
      vertex 9.76089637399097 2.262853254107929 79.95
    endloop
  endfacet
  facet normal 0 0 1
    outer loop
      vertex 9.706844110900951 2.4645790462239594 79.95
      vertex 9.727259338968745 2.3619447639179842 79.95
      vertex 9.727259338968745 2.7760552360820174 79.95
    endloop
  endfacet
  facet normal 0 0 1
    outer loop
      vertex 9.706844110900951 2.4645790462239594 79.95
      vertex 9.706844110900951 2.6734209537760423 79.95
      vertex 9.7 2.569000000000001 79.95
    endloop
  endfacet
  facet normal 0 0 1
    outer loop
      vertex 9.706844110900951 2.4645790462239594 79.95
      vertex 9.727259338968745 2.7760552360820174 79.95
      vertex 9.706844110900951 2.6734209537760423 79.95
    endloop
  endfacet
  facet normal 0 0 1
    outer loop
      vertex 10.012990856793024 1.9343173277670127 79.95
      vertex 10.012990856793024 3.203682672232989 79.95
      vertex 9.934314575050761 2.0033145750507626 79.95
    endloop
  endfacet
  facet normal 0 0 1
    outer loop
      vertex 10.012990856793024 1.9343173277670127 79.95
      vertex 10.1 1.87617967697245 79.95
      vertex 10.1 3.2618203230275515 79.95
    endloop
  endfacet
  facet normal 0 0 1
    outer loop
      vertex 9.80717967697245 2.169000000000001 79.95
      vertex 9.865317327767013 2.0819908567930243 79.95
      vertex 9.865317327767013 3.0560091432069774 79.95
    endloop
  endfacet
  facet normal 0 0 1
    outer loop
      vertex 9.865317327767013 2.0819908567930243 79.95
      vertex 9.934314575050761 2.0033145750507626 79.95
      vertex 9.934314575050761 3.134685424949239 79.95
    endloop
  endfacet
  facet normal 0 0 1
    outer loop
      vertex 9.727259338968745 2.3619447639179842 79.95
      vertex 9.76089637399097 2.8751467458920725 79.95
      vertex 9.727259338968745 2.7760552360820174 79.95
    endloop
  endfacet
  facet normal 0 0 1
    outer loop
      vertex 9.76089637399097 2.262853254107929 79.95
      vertex 9.80717967697245 2.9690000000000007 79.95
      vertex 9.76089637399097 2.8751467458920725 79.95
    endloop
  endfacet
  facet normal 0 0 1
    outer loop
      vertex 9.80717967697245 2.169000000000001 79.95
      vertex 9.865317327767013 3.0560091432069774 79.95
      vertex 9.80717967697245 2.9690000000000007 79.95
    endloop
  endfacet
  facet normal 0 0 1
    outer loop
      vertex 9.865317327767013 2.0819908567930243 79.95
      vertex 9.934314575050761 3.134685424949239 79.95
      vertex 9.865317327767013 3.0560091432069774 79.95
    endloop
  endfacet
  facet normal 0 0 1
    outer loop
      vertex 9.934314575050761 2.0033145750507626 79.95
      vertex 10.012990856793024 3.203682672232989 79.95
      vertex 9.934314575050761 3.134685424949239 79.95
    endloop
  endfacet
  facet normal 0 0 1
    outer loop
      vertex 10.012990856793024 1.9343173277670127 79.95
      vertex 10.1 3.2618203230275515 79.95
      vertex 10.012990856793024 3.203682672232989 79.95
    endloop
  endfacet
  facet normal 0 0 1
    outer loop
      vertex 10.1 1.87617967697245 79.95
      vertex 10.193853254107928 1.8298963739909713 79.95
      vertex 10.193853254107928 3.3081036260090304 79.95
    endloop
  endfacet
  facet normal 0 0 1
    outer loop
      vertex 10.193853254107928 1.8298963739909713 79.95
      vertex 10.292944763917983 1.796259338968746 79.95
      vertex 10.292944763917983 3.3417406610312557 79.95
    endloop
  endfacet
  facet normal 0 0 1
    outer loop
      vertex 10.292944763917983 1.796259338968746 79.95
      vertex 10.39557904622396 1.7758441109009526 79.95
      vertex 10.39557904622396 3.362155889099049 79.95
    endloop
  endfacet
  facet normal 0 0 1
    outer loop
      vertex 10.39557904622396 1.7758441109009526 79.95
      vertex 10.5 1.7690000000000008 79.95
      vertex 10.5 3.3690000000000007 79.95
    endloop
  endfacet
  facet normal 0 0 1
    outer loop
      vertex 10.5 1.7690000000000008 79.95
      vertex 10.60442095377604 1.7758441109009526 79.95
      vertex 10.60442095377604 3.362155889099049 79.95
    endloop
  endfacet
  facet normal 0 0 1
    outer loop
      vertex 10.1 1.87617967697245 79.95
      vertex 10.193853254107928 3.3081036260090304 79.95
      vertex 10.1 3.2618203230275515 79.95
    endloop
  endfacet
  facet normal 0 0 1
    outer loop
      vertex 10.193853254107928 1.8298963739909713 79.95
      vertex 10.292944763917983 3.3417406610312557 79.95
      vertex 10.193853254107928 3.3081036260090304 79.95
    endloop
  endfacet
  facet normal 0 0 1
    outer loop
      vertex 10.292944763917983 1.796259338968746 79.95
      vertex 10.39557904622396 3.362155889099049 79.95
      vertex 10.292944763917983 3.3417406610312557 79.95
    endloop
  endfacet
  facet normal 0 0 1
    outer loop
      vertex 10.39557904622396 1.7758441109009526 79.95
      vertex 10.5 3.3690000000000007 79.95
      vertex 10.39557904622396 3.362155889099049 79.95
    endloop
  endfacet
  facet normal 0 0 1
    outer loop
      vertex 10.5 1.7690000000000008 79.95
      vertex 10.60442095377604 3.362155889099049 79.95
      vertex 10.5 3.3690000000000007 79.95
    endloop
  endfacet
  facet normal 0 0 1
    outer loop
      vertex 10.60442095377604 1.7758441109009526 79.95
      vertex 10.707055236082017 1.796259338968746 79.95
      vertex 10.707055236082017 3.3417406610312557 79.95
    endloop
  endfacet
  facet normal 0 0 1
    outer loop
      vertex 10.707055236082017 1.796259338968746 79.95
      vertex 10.806146745892072 1.8298963739909713 79.95
      vertex 10.806146745892072 3.3081036260090304 79.95
    endloop
  endfacet
  facet normal 0 0 1
    outer loop
      vertex 10.806146745892072 1.8298963739909713 79.95
      vertex 10.9 1.87617967697245 79.95
      vertex 10.9 3.2618203230275515 79.95
    endloop
  endfacet
  facet normal 0 0 1
    outer loop
      vertex 10.9 1.87617967697245 79.95
      vertex 10.987009143206976 1.9343173277670127 79.95
      vertex 10.987009143206976 3.203682672232989 79.95
    endloop
  endfacet
  facet normal 0 0 1
    outer loop
      vertex 10.987009143206976 1.9343173277670127 79.95
      vertex 11.065685424949239 2.0033145750507626 79.95
      vertex 11.065685424949239 3.134685424949239 79.95
    endloop
  endfacet
  facet normal 0 0 1
    outer loop
      vertex 11.065685424949239 2.0033145750507626 79.95
      vertex 11.134682672232987 2.0819908567930243 79.95
      vertex 11.134682672232987 3.0560091432069774 79.95
    endloop
  endfacet
  facet normal 0 0 1
    outer loop
      vertex 10.60442095377604 1.7758441109009526 79.95
      vertex 10.707055236082017 3.3417406610312557 79.95
      vertex 10.60442095377604 3.362155889099049 79.95
    endloop
  endfacet
  facet normal 0 0 1
    outer loop
      vertex 10.707055236082017 1.796259338968746 79.95
      vertex 10.806146745892072 3.3081036260090304 79.95
      vertex 10.707055236082017 3.3417406610312557 79.95
    endloop
  endfacet
  facet normal 0 0 1
    outer loop
      vertex 10.806146745892072 1.8298963739909713 79.95
      vertex 10.9 3.2618203230275515 79.95
      vertex 10.806146745892072 3.3081036260090304 79.95
    endloop
  endfacet
  facet normal 0 0 1
    outer loop
      vertex 10.9 1.87617967697245 79.95
      vertex 10.987009143206976 3.203682672232989 79.95
      vertex 10.9 3.2618203230275515 79.95
    endloop
  endfacet
  facet normal 0 0 1
    outer loop
      vertex 10.987009143206976 1.9343173277670127 79.95
      vertex 11.065685424949239 3.134685424949239 79.95
      vertex 10.987009143206976 3.203682672232989 79.95
    endloop
  endfacet
  facet normal 0 0 1
    outer loop
      vertex 11.065685424949239 2.0033145750507626 79.95
      vertex 11.134682672232987 3.0560091432069774 79.95
      vertex 11.065685424949239 3.134685424949239 79.95
    endloop
  endfacet
  facet normal 0 0 1
    outer loop
      vertex 11.134682672232987 2.0819908567930243 79.95
      vertex 11.19282032302755 2.9690000000000007 79.95
      vertex 11.134682672232987 3.0560091432069774 79.95
    endloop
  endfacet
  facet normal 0 0 1
    outer loop
      vertex 11.134682672232987 2.0819908567930243 79.95
      vertex 11.19282032302755 2.169000000000001 79.95
      vertex 11.19282032302755 2.9690000000000007 79.95
    endloop
  endfacet
  facet normal 0 0 1
    outer loop
      vertex 11.19282032302755 2.169000000000001 79.95
      vertex 11.23910362600903 2.262853254107929 79.95
      vertex 11.23910362600903 2.8751467458920725 79.95
    endloop
  endfacet
  facet normal 0 0 1
    outer loop
      vertex 11.23910362600903 2.262853254107929 79.95
      vertex 11.272740661031255 2.3619447639179842 79.95
      vertex 11.272740661031255 2.7760552360820174 79.95
    endloop
  endfacet
  facet normal 0 0 1
    outer loop
      vertex 11.272740661031255 2.3619447639179842 79.95
      vertex 11.293155889099049 2.4645790462239594 79.95
      vertex 11.293155889099049 2.6734209537760423 79.95
    endloop
  endfacet
  facet normal 0 0 1
    outer loop
      vertex 11.23910362600903 2.262853254107929 79.95
      vertex 11.272740661031255 2.7760552360820174 79.95
      vertex 11.23910362600903 2.8751467458920725 79.95
    endloop
  endfacet
  facet normal 0 0 1
    outer loop
      vertex 11.272740661031255 2.3619447639179842 79.95
      vertex 11.293155889099049 2.6734209537760423 79.95
      vertex 11.272740661031255 2.7760552360820174 79.95
    endloop
  endfacet
  facet normal 0 0 1
    outer loop
      vertex 11.293155889099049 2.4645790462239594 79.95
      vertex 11.3 2.569000000000001 79.95
      vertex 11.293155889099049 2.6734209537760423 79.95
    endloop
  endfacet
  facet normal 0 0 1
    outer loop
      vertex 11.19282032302755 2.169000000000001 79.95
      vertex 11.23910362600903 2.8751467458920725 79.95
      vertex 11.19282032302755 2.9690000000000007 79.95
    endloop
  endfacet
  facet normal 0.6593458151000604 0.7518398074789847 -3.586719807349638e-19
    outer loop
      vertex 10.012990856793024 1.9343173277670127 79.95
      vertex 9.934314575050761 2.0033145750507626 79.95
      vertex 9.934314575050761 2.0033145750507626 85.95
    endloop
  endfacet
  facet normal 0.7518398074789856 0.6593458151000595 0
    outer loop
      vertex 9.865317327767013 2.0819908567930243 79.95
      vertex 9.865317327767013 2.0819908567930243 85.95
      vertex 9.934314575050761 2.0033145750507626 79.95
    endloop
  endfacet
  facet normal 0.5555702330196076 0.8314696123025416 0
    outer loop
      vertex 10.012990856793024 1.9343173277670127 79.95
      vertex 10.012990856793024 1.9343173277670127 85.95
      vertex 10.1 1.87617967697245 79.95
    endloop
  endfacet
  facet normal 0.8314696123025427 0.5555702330196063 0
    outer loop
      vertex 9.865317327767013 2.0819908567930243 79.95
      vertex 9.80717967697245 2.169000000000001 85.95
      vertex 9.865317327767013 2.0819908567930243 85.95
    endloop
  endfacet
  facet normal 0.7518398074789856 0.6593458151000595 0
    outer loop
      vertex 9.934314575050761 2.0033145750507626 79.95
      vertex 9.865317327767013 2.0819908567930243 85.95
      vertex 9.934314575050761 2.0033145750507626 85.95
    endloop
  endfacet
  facet normal 0.6593458151000604 0.7518398074789847 0
    outer loop
      vertex 10.012990856793024 1.9343173277670127 79.95
      vertex 9.934314575050761 2.0033145750507626 85.95
      vertex 10.012990856793024 1.9343173277670127 85.95
    endloop
  endfacet
  facet normal 0.5555702330196076 0.8314696123025416 0
    outer loop
      vertex 10.1 1.87617967697245 79.95
      vertex 10.012990856793024 1.9343173277670127 85.95
      vertex 10.1 1.87617967697245 85.95
    endloop
  endfacet
  facet normal 0.3214394653031622 0.9469301294951055 0
    outer loop
      vertex 10.193853254107928 1.8298963739909713 79.95
      vertex 10.193853254107928 1.8298963739909713 85.95
      vertex 10.292944763917983 1.796259338968746 79.95
    endloop
  endfacet
  facet normal 0.19509032201612414 0.9807852804032313 0
    outer loop
      vertex 10.292944763917983 1.796259338968746 79.95
      vertex 10.292944763917983 1.796259338968746 85.95
      vertex 10.39557904622396 1.7758441109009526 79.95
    endloop
  endfacet
  facet normal 0.4422886902190007 0.8968727415326886 0
    outer loop
      vertex 10.1 1.87617967697245 79.95
      vertex 10.1 1.87617967697245 85.95
      vertex 10.193853254107928 1.8298963739909713 79.95
    endloop
  endfacet
  facet normal 0.065403129230145 0.9978589232386033 0
    outer loop
      vertex 10.39557904622396 1.7758441109009526 79.95
      vertex 10.39557904622396 1.7758441109009526 85.95
      vertex 10.5 1.7690000000000008 79.95
    endloop
  endfacet
  facet normal -0.065403129230145 0.9978589232386033 0
    outer loop
      vertex 10.5 1.7690000000000008 79.95
      vertex 10.5 1.7690000000000008 85.95
      vertex 10.60442095377604 1.7758441109009526 79.95
    endloop
  endfacet
  facet normal 0.4422886902190007 0.8968727415326886 0
    outer loop
      vertex 10.193853254107928 1.8298963739909713 79.95
      vertex 10.1 1.87617967697245 85.95
      vertex 10.193853254107928 1.8298963739909713 85.95
    endloop
  endfacet
  facet normal 0.3214394653031622 0.9469301294951055 0
    outer loop
      vertex 10.292944763917983 1.796259338968746 79.95
      vertex 10.193853254107928 1.8298963739909713 85.95
      vertex 10.292944763917983 1.796259338968746 85.95
    endloop
  endfacet
  facet normal 0.19509032201612414 0.9807852804032313 0
    outer loop
      vertex 10.39557904622396 1.7758441109009526 79.95
      vertex 10.292944763917983 1.796259338968746 85.95
      vertex 10.39557904622396 1.7758441109009526 85.95
    endloop
  endfacet
  facet normal 0.065403129230145 0.9978589232386033 0
    outer loop
      vertex 10.5 1.7690000000000008 79.95
      vertex 10.39557904622396 1.7758441109009526 85.95
      vertex 10.5 1.7690000000000008 85.95
    endloop
  endfacet
  facet normal -0.065403129230145 0.9978589232386033 0
    outer loop
      vertex 10.60442095377604 1.7758441109009526 79.95
      vertex 10.5 1.7690000000000008 85.95
      vertex 10.60442095377604 1.7758441109009526 85.95
    endloop
  endfacet
  facet normal 0.8314696123025427 0.5555702330196063 0
    outer loop
      vertex 9.80717967697245 2.169000000000001 79.95
      vertex 9.80717967697245 2.169000000000001 85.95
      vertex 9.865317327767013 2.0819908567930243 79.95
    endloop
  endfacet
  facet normal 0.896872741532687 0.44228869021900413 -4.826893905742243e-19
    outer loop
      vertex 9.80717967697245 2.169000000000001 79.95
      vertex 9.76089637399097 2.262853254107929 79.95
      vertex 9.76089637399097 2.262853254107929 85.95
    endloop
  endfacet
  facet normal 0.9469301294951041 0.32143946530316597 -2.3423720617143073e-19
    outer loop
      vertex 9.76089637399097 2.262853254107929 79.95
      vertex 9.727259338968745 2.3619447639179842 79.95
      vertex 9.727259338968745 2.3619447639179842 85.95
    endloop
  endfacet
  facet normal 0.9807852804032301 0.19509032201612983 0
    outer loop
      vertex 9.706844110900951 2.4645790462239594 79.95
      vertex 9.706844110900951 2.4645790462239594 85.95
      vertex 9.727259338968745 2.3619447639179842 79.95
    endloop
  endfacet
  facet normal 0.9978589232386036 0.06540312923014234 3.619859693514606e-20
    outer loop
      vertex 9.706844110900951 2.4645790462239594 79.95
      vertex 9.7 2.569000000000001 79.95
      vertex 9.7 2.569000000000001 85.95
    endloop
  endfacet
  facet normal 0.9978589232386036 -0.06540312923014234 -3.619859693514606e-20
    outer loop
      vertex 9.7 2.569000000000001 79.95
      vertex 9.706844110900951 2.6734209537760423 79.95
      vertex 9.706844110900951 2.6734209537760423 85.95
    endloop
  endfacet
  facet normal 0.896872741532687 0.44228869021900413 0
    outer loop
      vertex 9.80717967697245 2.169000000000001 79.95
      vertex 9.76089637399097 2.262853254107929 85.95
      vertex 9.80717967697245 2.169000000000001 85.95
    endloop
  endfacet
  facet normal 0.9469301294951041 0.32143946530316597 0
    outer loop
      vertex 9.76089637399097 2.262853254107929 79.95
      vertex 9.727259338968745 2.3619447639179842 85.95
      vertex 9.76089637399097 2.262853254107929 85.95
    endloop
  endfacet
  facet normal 0.9807852804032301 0.19509032201612983 0
    outer loop
      vertex 9.727259338968745 2.3619447639179842 79.95
      vertex 9.706844110900951 2.4645790462239594 85.95
      vertex 9.727259338968745 2.3619447639179842 85.95
    endloop
  endfacet
  facet normal 0.9978589232386036 0.06540312923014234 0
    outer loop
      vertex 9.706844110900951 2.4645790462239594 79.95
      vertex 9.7 2.569000000000001 85.95
      vertex 9.706844110900951 2.4645790462239594 85.95
    endloop
  endfacet
  facet normal 0.9978589232386036 -0.06540312923014234 0
    outer loop
      vertex 9.7 2.569000000000001 79.95
      vertex 9.706844110900951 2.6734209537760423 85.95
      vertex 9.7 2.569000000000001 85.95
    endloop
  endfacet
  facet normal 0.9807852804032301 -0.19509032201612983 2.2115082570808896e-19
    outer loop
      vertex 9.706844110900951 2.6734209537760423 79.95
      vertex 9.727259338968745 2.7760552360820174 79.95
      vertex 9.727259338968745 2.7760552360820174 85.95
    endloop
  endfacet
  facet normal 0.9469301294951041 -0.32143946530316597 2.3423720617143073e-19
    outer loop
      vertex 9.727259338968745 2.7760552360820174 79.95
      vertex 9.76089637399097 2.8751467458920725 79.95
      vertex 9.76089637399097 2.8751467458920725 85.95
    endloop
  endfacet
  facet normal 0.896872741532687 -0.44228869021900413 4.826893905742243e-19
    outer loop
      vertex 9.76089637399097 2.8751467458920725 79.95
      vertex 9.80717967697245 2.9690000000000007 79.95
      vertex 9.80717967697245 2.9690000000000007 85.95
    endloop
  endfacet
  facet normal 0.8314696123025427 -0.5555702330196063 -1.2407607419842345e-19
    outer loop
      vertex 9.80717967697245 2.9690000000000007 79.95
      vertex 9.865317327767013 3.0560091432069774 79.95
      vertex 9.865317327767013 3.0560091432069774 85.95
    endloop
  endfacet
  facet normal 0.7518398074789856 -0.6593458151000595 5.982949135734951e-19
    outer loop
      vertex 9.865317327767013 3.0560091432069774 79.95
      vertex 9.934314575050761 3.134685424949239 79.95
      vertex 9.934314575050761 3.134685424949239 85.95
    endloop
  endfacet
  facet normal 0.6593458151000604 -0.7518398074789847 3.586719807349638e-19
    outer loop
      vertex 9.934314575050761 3.134685424949239 79.95
      vertex 10.012990856793024 3.203682672232989 79.95
      vertex 10.012990856793024 3.203682672232989 85.95
    endloop
  endfacet
  facet normal 0.9807852804032301 -0.19509032201612983 0
    outer loop
      vertex 9.706844110900951 2.6734209537760423 79.95
      vertex 9.727259338968745 2.7760552360820174 85.95
      vertex 9.706844110900951 2.6734209537760423 85.95
    endloop
  endfacet
  facet normal 0.9469301294951041 -0.32143946530316597 0
    outer loop
      vertex 9.727259338968745 2.7760552360820174 79.95
      vertex 9.76089637399097 2.8751467458920725 85.95
      vertex 9.727259338968745 2.7760552360820174 85.95
    endloop
  endfacet
  facet normal 0.896872741532687 -0.44228869021900413 0
    outer loop
      vertex 9.76089637399097 2.8751467458920725 79.95
      vertex 9.80717967697245 2.9690000000000007 85.95
      vertex 9.76089637399097 2.8751467458920725 85.95
    endloop
  endfacet
  facet normal 0.8314696123025427 -0.5555702330196063 0
    outer loop
      vertex 9.80717967697245 2.9690000000000007 79.95
      vertex 9.865317327767013 3.0560091432069774 85.95
      vertex 9.80717967697245 2.9690000000000007 85.95
    endloop
  endfacet
  facet normal 0.7518398074789856 -0.6593458151000595 0
    outer loop
      vertex 9.865317327767013 3.0560091432069774 79.95
      vertex 9.934314575050761 3.134685424949239 85.95
      vertex 9.865317327767013 3.0560091432069774 85.95
    endloop
  endfacet
  facet normal 0.6593458151000604 -0.7518398074789847 0
    outer loop
      vertex 9.934314575050761 3.134685424949239 79.95
      vertex 10.012990856793024 3.203682672232989 85.95
      vertex 9.934314575050761 3.134685424949239 85.95
    endloop
  endfacet
  facet normal 0.5555702330196062 -0.8314696123025426 -6.722216147198189e-19
    outer loop
      vertex 10.012990856793024 3.203682672232989 79.95
      vertex 10.1 3.2618203230275515 79.95
      vertex 10.1 3.2618203230275515 85.95
    endloop
  endfacet
  facet normal 0.5555702330196062 -0.8314696123025426 0
    outer loop
      vertex 10.012990856793024 3.203682672232989 79.95
      vertex 10.1 3.2618203230275515 85.95
      vertex 10.012990856793024 3.203682672232989 85.95
    endloop
  endfacet
  facet normal 0.4422886902190024 -0.8968727415326878 6.418517086235314e-20
    outer loop
      vertex 10.1 3.2618203230275515 79.95
      vertex 10.193853254107928 3.3081036260090304 79.95
      vertex 10.193853254107928 3.3081036260090304 85.95
    endloop
  endfacet
  facet normal 0.3214394653031622 -0.9469301294951055 -9.019701238917647e-20
    outer loop
      vertex 10.193853254107928 3.3081036260090304 79.95
      vertex 10.292944763917983 3.3417406610312557 79.95
      vertex 10.292944763917983 3.3417406610312557 85.95
    endloop
  endfacet
  facet normal 0.19509032201612414 -0.9807852804032313 2.2833379373438982e-20
    outer loop
      vertex 10.292944763917983 3.3417406610312557 79.95
      vertex 10.39557904622396 3.362155889099049 79.95
      vertex 10.39557904622396 3.362155889099049 85.95
    endloop
  endfacet
  facet normal 0.0654031292301429 -0.9978589232386035 -4.776060478907566e-20
    outer loop
      vertex 10.39557904622396 3.362155889099049 79.95
      vertex 10.5 3.3690000000000007 79.95
      vertex 10.5 3.3690000000000007 85.95
    endloop
  endfacet
  facet normal -0.0654031292301429 -0.9978589232386035 4.776060478907566e-20
    outer loop
      vertex 10.5 3.3690000000000007 79.95
      vertex 10.60442095377604 3.362155889099049 79.95
      vertex 10.60442095377604 3.362155889099049 85.95
    endloop
  endfacet
  facet normal 0.4422886902190024 -0.8968727415326878 0
    outer loop
      vertex 10.1 3.2618203230275515 79.95
      vertex 10.193853254107928 3.3081036260090304 85.95
      vertex 10.1 3.2618203230275515 85.95
    endloop
  endfacet
  facet normal 0.3214394653031622 -0.9469301294951055 0
    outer loop
      vertex 10.193853254107928 3.3081036260090304 79.95
      vertex 10.292944763917983 3.3417406610312557 85.95
      vertex 10.193853254107928 3.3081036260090304 85.95
    endloop
  endfacet
  facet normal 0.19509032201612414 -0.9807852804032313 0
    outer loop
      vertex 10.292944763917983 3.3417406610312557 79.95
      vertex 10.39557904622396 3.362155889099049 85.95
      vertex 10.292944763917983 3.3417406610312557 85.95
    endloop
  endfacet
  facet normal 0.0654031292301429 -0.9978589232386035 0
    outer loop
      vertex 10.39557904622396 3.362155889099049 79.95
      vertex 10.5 3.3690000000000007 85.95
      vertex 10.39557904622396 3.362155889099049 85.95
    endloop
  endfacet
  facet normal -0.0654031292301429 -0.9978589232386035 0
    outer loop
      vertex 10.5 3.3690000000000007 79.95
      vertex 10.60442095377604 3.362155889099049 85.95
      vertex 10.5 3.3690000000000007 85.95
    endloop
  endfacet
  facet normal -0.19509032201612414 0.9807852804032313 0
    outer loop
      vertex 10.60442095377604 1.7758441109009526 79.95
      vertex 10.60442095377604 1.7758441109009526 85.95
      vertex 10.707055236082017 1.796259338968746 79.95
    endloop
  endfacet
  facet normal -0.3214394653031622 0.9469301294951055 0
    outer loop
      vertex 10.707055236082017 1.796259338968746 79.95
      vertex 10.707055236082017 1.796259338968746 85.95
      vertex 10.806146745892072 1.8298963739909713 79.95
    endloop
  endfacet
  facet normal -0.4422886902190007 0.8968727415326886 0
    outer loop
      vertex 10.806146745892072 1.8298963739909713 79.95
      vertex 10.806146745892072 1.8298963739909713 85.95
      vertex 10.9 1.87617967697245 79.95
    endloop
  endfacet
  facet normal -0.5555702330196076 0.8314696123025416 0
    outer loop
      vertex 10.9 1.87617967697245 79.95
      vertex 10.9 1.87617967697245 85.95
      vertex 10.987009143206976 1.9343173277670127 79.95
    endloop
  endfacet
  facet normal -0.6593458151000604 0.7518398074789847 0
    outer loop
      vertex 10.987009143206976 1.9343173277670127 79.95
      vertex 10.987009143206976 1.9343173277670127 85.95
      vertex 11.065685424949239 2.0033145750507626 79.95
    endloop
  endfacet
  facet normal -0.7518398074789856 0.6593458151000595 0
    outer loop
      vertex 11.065685424949239 2.0033145750507626 79.95
      vertex 11.065685424949239 2.0033145750507626 85.95
      vertex 11.134682672232987 2.0819908567930243 79.95
    endloop
  endfacet
  facet normal -0.8314696123025427 0.5555702330196063 0
    outer loop
      vertex 11.134682672232987 2.0819908567930243 79.95
      vertex 11.134682672232987 2.0819908567930243 85.95
      vertex 11.19282032302755 2.169000000000001 79.95
    endloop
  endfacet
  facet normal -0.19509032201612414 0.9807852804032313 0
    outer loop
      vertex 10.707055236082017 1.796259338968746 79.95
      vertex 10.60442095377604 1.7758441109009526 85.95
      vertex 10.707055236082017 1.796259338968746 85.95
    endloop
  endfacet
  facet normal -0.3214394653031622 0.9469301294951055 0
    outer loop
      vertex 10.806146745892072 1.8298963739909713 79.95
      vertex 10.707055236082017 1.796259338968746 85.95
      vertex 10.806146745892072 1.8298963739909713 85.95
    endloop
  endfacet
  facet normal -0.4422886902190007 0.8968727415326886 0
    outer loop
      vertex 10.9 1.87617967697245 79.95
      vertex 10.806146745892072 1.8298963739909713 85.95
      vertex 10.9 1.87617967697245 85.95
    endloop
  endfacet
  facet normal -0.5555702330196076 0.8314696123025416 0
    outer loop
      vertex 10.987009143206976 1.9343173277670127 79.95
      vertex 10.9 1.87617967697245 85.95
      vertex 10.987009143206976 1.9343173277670127 85.95
    endloop
  endfacet
  facet normal -0.6593458151000604 0.7518398074789847 0
    outer loop
      vertex 11.065685424949239 2.0033145750507626 79.95
      vertex 10.987009143206976 1.9343173277670127 85.95
      vertex 11.065685424949239 2.0033145750507626 85.95
    endloop
  endfacet
  facet normal -0.7518398074789856 0.6593458151000595 0
    outer loop
      vertex 11.134682672232987 2.0819908567930243 79.95
      vertex 11.065685424949239 2.0033145750507626 85.95
      vertex 11.134682672232987 2.0819908567930243 85.95
    endloop
  endfacet
  facet normal -0.6593458151000604 -0.7518398074789847 -3.586719807349638e-19
    outer loop
      vertex 10.987009143206976 3.203682672232989 79.95
      vertex 11.065685424949239 3.134685424949239 79.95
      vertex 11.065685424949239 3.134685424949239 85.95
    endloop
  endfacet
  facet normal -0.7518398074789856 -0.6593458151000595 0
    outer loop
      vertex 11.134682672232987 3.0560091432069774 79.95
      vertex 11.134682672232987 3.0560091432069774 85.95
      vertex 11.065685424949239 3.134685424949239 79.95
    endloop
  endfacet
  facet normal -0.6593458151000604 -0.7518398074789847 0
    outer loop
      vertex 10.987009143206976 3.203682672232989 79.95
      vertex 11.065685424949239 3.134685424949239 85.95
      vertex 10.987009143206976 3.203682672232989 85.95
    endloop
  endfacet
  facet normal -0.8314696123025427 -0.5555702330196063 0
    outer loop
      vertex 11.134682672232987 3.0560091432069774 79.95
      vertex 11.19282032302755 2.9690000000000007 85.95
      vertex 11.134682672232987 3.0560091432069774 85.95
    endloop
  endfacet
  facet normal -0.7518398074789856 -0.6593458151000595 0
    outer loop
      vertex 11.065685424949239 3.134685424949239 79.95
      vertex 11.134682672232987 3.0560091432069774 85.95
      vertex 11.065685424949239 3.134685424949239 85.95
    endloop
  endfacet
  facet normal -0.896872741532687 0.44228869021900413 0
    outer loop
      vertex 11.19282032302755 2.169000000000001 79.95
      vertex 11.19282032302755 2.169000000000001 85.95
      vertex 11.23910362600903 2.262853254107929 79.95
    endloop
  endfacet
  facet normal -0.9469301294951041 0.32143946530316597 0
    outer loop
      vertex 11.23910362600903 2.262853254107929 79.95
      vertex 11.23910362600903 2.262853254107929 85.95
      vertex 11.272740661031255 2.3619447639179842 79.95
    endloop
  endfacet
  facet normal -0.9807852804032301 0.19509032201612983 0
    outer loop
      vertex 11.272740661031255 2.3619447639179842 79.95
      vertex 11.272740661031255 2.3619447639179842 85.95
      vertex 11.293155889099049 2.4645790462239594 79.95
    endloop
  endfacet
  facet normal -0.9978589232386036 0.06540312923014234 0
    outer loop
      vertex 11.293155889099049 2.4645790462239594 79.95
      vertex 11.293155889099049 2.4645790462239594 85.95
      vertex 11.3 2.569000000000001 79.95
    endloop
  endfacet
  facet normal -0.9978589232386036 -0.06540312923014234 0
    outer loop
      vertex 11.3 2.569000000000001 79.95
      vertex 11.3 2.569000000000001 85.95
      vertex 11.293155889099049 2.6734209537760423 79.95
    endloop
  endfacet
  facet normal -0.8314696123025427 0.5555702330196063 0
    outer loop
      vertex 11.19282032302755 2.169000000000001 79.95
      vertex 11.134682672232987 2.0819908567930243 85.95
      vertex 11.19282032302755 2.169000000000001 85.95
    endloop
  endfacet
  facet normal -0.896872741532687 0.44228869021900413 0
    outer loop
      vertex 11.23910362600903 2.262853254107929 79.95
      vertex 11.19282032302755 2.169000000000001 85.95
      vertex 11.23910362600903 2.262853254107929 85.95
    endloop
  endfacet
  facet normal -0.9469301294951041 0.32143946530316597 0
    outer loop
      vertex 11.272740661031255 2.3619447639179842 79.95
      vertex 11.23910362600903 2.262853254107929 85.95
      vertex 11.272740661031255 2.3619447639179842 85.95
    endloop
  endfacet
  facet normal -0.9807852804032301 0.19509032201612983 0
    outer loop
      vertex 11.293155889099049 2.4645790462239594 79.95
      vertex 11.272740661031255 2.3619447639179842 85.95
      vertex 11.293155889099049 2.4645790462239594 85.95
    endloop
  endfacet
  facet normal -0.9978589232386036 0.06540312923014234 0
    outer loop
      vertex 11.3 2.569000000000001 79.95
      vertex 11.293155889099049 2.4645790462239594 85.95
      vertex 11.3 2.569000000000001 85.95
    endloop
  endfacet
  facet normal -0.9978589232386036 -0.06540312923014234 0
    outer loop
      vertex 11.293155889099049 2.6734209537760423 79.95
      vertex 11.3 2.569000000000001 85.95
      vertex 11.293155889099049 2.6734209537760423 85.95
    endloop
  endfacet
  facet normal -0.9807852804032301 -0.19509032201612983 0
    outer loop
      vertex 11.293155889099049 2.6734209537760423 79.95
      vertex 11.293155889099049 2.6734209537760423 85.95
      vertex 11.272740661031255 2.7760552360820174 79.95
    endloop
  endfacet
  facet normal -0.9469301294951041 -0.32143946530316597 0
    outer loop
      vertex 11.272740661031255 2.7760552360820174 79.95
      vertex 11.272740661031255 2.7760552360820174 85.95
      vertex 11.23910362600903 2.8751467458920725 79.95
    endloop
  endfacet
  facet normal -0.896872741532687 -0.44228869021900413 -4.826893905742243e-19
    outer loop
      vertex 11.19282032302755 2.9690000000000007 79.95
      vertex 11.23910362600903 2.8751467458920725 79.95
      vertex 11.23910362600903 2.8751467458920725 85.95
    endloop
  endfacet
  facet normal -0.8314696123025427 -0.5555702330196063 1.2407607419842345e-19
    outer loop
      vertex 11.134682672232987 3.0560091432069774 79.95
      vertex 11.19282032302755 2.9690000000000007 79.95
      vertex 11.19282032302755 2.9690000000000007 85.95
    endloop
  endfacet
  facet normal -0.9807852804032301 -0.19509032201612983 0
    outer loop
      vertex 11.272740661031255 2.7760552360820174 79.95
      vertex 11.293155889099049 2.6734209537760423 85.95
      vertex 11.272740661031255 2.7760552360820174 85.95
    endloop
  endfacet
  facet normal -0.9469301294951041 -0.32143946530316597 0
    outer loop
      vertex 11.23910362600903 2.8751467458920725 79.95
      vertex 11.272740661031255 2.7760552360820174 85.95
      vertex 11.23910362600903 2.8751467458920725 85.95
    endloop
  endfacet
  facet normal -0.896872741532687 -0.44228869021900413 0
    outer loop
      vertex 11.19282032302755 2.9690000000000007 79.95
      vertex 11.23910362600903 2.8751467458920725 85.95
      vertex 11.19282032302755 2.9690000000000007 85.95
    endloop
  endfacet
  facet normal -0.19509032201612414 -0.9807852804032313 -2.2833379373438982e-20
    outer loop
      vertex 10.60442095377604 3.362155889099049 79.95
      vertex 10.707055236082017 3.3417406610312557 79.95
      vertex 10.707055236082017 3.3417406610312557 85.95
    endloop
  endfacet
  facet normal -0.3214394653031622 -0.9469301294951055 9.019701238917647e-20
    outer loop
      vertex 10.707055236082017 3.3417406610312557 79.95
      vertex 10.806146745892072 3.3081036260090304 79.95
      vertex 10.806146745892072 3.3081036260090304 85.95
    endloop
  endfacet
  facet normal -0.4422886902190024 -0.8968727415326878 0
    outer loop
      vertex 10.9 3.2618203230275515 79.95
      vertex 10.9 3.2618203230275515 85.95
      vertex 10.806146745892072 3.3081036260090304 79.95
    endloop
  endfacet
  facet normal -0.5555702330196062 -0.8314696123025426 6.722216147198189e-19
    outer loop
      vertex 10.9 3.2618203230275515 79.95
      vertex 10.987009143206976 3.203682672232989 79.95
      vertex 10.987009143206976 3.203682672232989 85.95
    endloop
  endfacet
  facet normal -0.19509032201612414 -0.9807852804032313 0
    outer loop
      vertex 10.60442095377604 3.362155889099049 79.95
      vertex 10.707055236082017 3.3417406610312557 85.95
      vertex 10.60442095377604 3.362155889099049 85.95
    endloop
  endfacet
  facet normal -0.3214394653031622 -0.9469301294951055 0
    outer loop
      vertex 10.707055236082017 3.3417406610312557 79.95
      vertex 10.806146745892072 3.3081036260090304 85.95
      vertex 10.707055236082017 3.3417406610312557 85.95
    endloop
  endfacet
  facet normal -0.4422886902190024 -0.8968727415326878 0
    outer loop
      vertex 10.806146745892072 3.3081036260090304 79.95
      vertex 10.9 3.2618203230275515 85.95
      vertex 10.806146745892072 3.3081036260090304 85.95
    endloop
  endfacet
  facet normal -0.5555702330196062 -0.8314696123025426 0
    outer loop
      vertex 10.9 3.2618203230275515 79.95
      vertex 10.987009143206976 3.203682672232989 85.95
      vertex 10.9 3.2618203230275515 85.95
    endloop
  endfacet
endsolid OpenSCAD_Model
