solid OpenSCAD_Model
  facet normal 0 0 1
    outer loop
      vertex -31.95 51.95 42
      vertex -30 50 42
      vertex -31.95 52 42
    endloop
  endfacet
  facet normal 0 0 1
    outer loop
      vertex -31.95 51.95 42
      vertex -32 50.01652892561984 42
      vertex -30 50 42
    endloop
  endfacet
  facet normal 0 0 1
    outer loop
      vertex -32 50.01652892561984 42
      vertex -32 38 42
      vertex -30 50 42
    endloop
  endfacet
  facet normal -1 0 0
    outer loop
      vertex -32 50 39
      vertex -32 50 33
      vertex -32 40 39
    endloop
  endfacet
  facet normal -1 0 0
    outer loop
      vertex -32 40 39
      vertex -32 50 33
      vertex -32 40 33
    endloop
  endfacet
  facet normal -1 0 0
    outer loop
      vertex -32 38 42
      vertex -32 38 35.333333333333336
      vertex -32 36 38
    endloop
  endfacet
  facet normal -1 0 0
    outer loop
      vertex -32 38 42
      vertex -32 36 38
      vertex -32 28 38
    endloop
  endfacet
  facet normal -1 0 0
    outer loop
      vertex -32 38 42
      vertex -32 28 38
      vertex -32 20 38
    endloop
  endfacet
  facet normal -1 0 0
    outer loop
      vertex -32 36 30
      vertex -32 31 34
      vertex -32 33 34
    endloop
  endfacet
  facet normal -1 0 0
    outer loop
      vertex -32 36 38
      vertex -32 33 34
      vertex -32 28 38
    endloop
  endfacet
  facet normal -1 0 0
    outer loop
      vertex -32 33 34
      vertex -32 31 34
      vertex -32 28 38
    endloop
  endfacet
  facet normal 0 0 1
    outer loop
      vertex -31.95 52 42
      vertex -30 50 42
      vertex -12 52 42
    endloop
  endfacet
  facet normal 0 1 0
    outer loop
      vertex -31.95 52 42
      vertex -9.855686695278969 52 25.525751072961373
      vertex -31.95 52 39
    endloop
  endfacet
  facet normal 0 1 0
    outer loop
      vertex -31.95 52 39
      vertex -16 52 28
      vertex -31.95 52 33
    endloop
  endfacet
  facet normal 0 1 0
    outer loop
      vertex -32 52 33
      vertex -31.95 52 33
      vertex -32 52 0
    endloop
  endfacet
  facet normal -1 0 0
    outer loop
      vertex -32 52 33
      vertex -32 52 0
      vertex -32 50 33
    endloop
  endfacet
  facet normal -1 0 0
    outer loop
      vertex -32 50 33
      vertex -32 52 0
      vertex -32 40 33
    endloop
  endfacet
  facet normal -1 0 0
    outer loop
      vertex -32 40 33
      vertex -32 52 0
      vertex -32 38.25 33
    endloop
  endfacet
  facet normal -1 0 0
    outer loop
      vertex -32 38.25 33
      vertex -32 39 24
      vertex -32 36 30
    endloop
  endfacet
  facet normal -1 0 0
    outer loop
      vertex -32 36 30
      vertex -32 39 24
      vertex -32 36 28
    endloop
  endfacet
  facet normal -1 0 0
    outer loop
      vertex -32 36 30
      vertex -32 36 28
      vertex -32 28 28
    endloop
  endfacet
  facet normal -1 0 0
    outer loop
      vertex -32 31 34
      vertex -32 36 30
      vertex -32 28 30
    endloop
  endfacet
  facet normal -1 0 0
    outer loop
      vertex -32 36 30
      vertex -32 20 28
      vertex -32 28 30
    endloop
  endfacet
  facet normal -1 0 0
    outer loop
      vertex -32 36 28
      vertex -32 33 24
      vertex -32 28 28
    endloop
  endfacet
  facet normal -1 0 0
    outer loop
      vertex -32 36 30
      vertex -32 28 28
      vertex -32 20 28
    endloop
  endfacet
  facet normal -1 0 0
    outer loop
      vertex -32 33 24
      vertex -32 36 20
      vertex -32 31 24
    endloop
  endfacet
  facet normal -1 0 0
    outer loop
      vertex -32 33 24
      vertex -32 31 24
      vertex -32 28 28
    endloop
  endfacet
  facet normal -1 0 0
    outer loop
      vertex -32 36 20
      vertex -32 28 20
      vertex -32 31 24
    endloop
  endfacet
  facet normal 0 1 0
    outer loop
      vertex -31.95 52 39
      vertex -9.855686695278969 52 25.525751072961373
      vertex -16 52 28
    endloop
  endfacet
  facet normal 0 1 0
    outer loop
      vertex -31.95 52 33
      vertex -16 52 28
      vertex -19 52 24
    endloop
  endfacet
  facet normal -1 0 0
    outer loop
      vertex -32 25 34
      vertex -32 20 38
      vertex -32 28 38
    endloop
  endfacet
  facet normal -1 0 0
    outer loop
      vertex -32 25 34
      vertex -32 23 34
      vertex -32 20 38
    endloop
  endfacet
  facet normal -1 0 0
    outer loop
      vertex -32 28 30
      vertex -32 23 34
      vertex -32 25 34
    endloop
  endfacet
  facet normal -1 0 0
    outer loop
      vertex -32 17 34
      vertex -32 12 38
      vertex -32 20 38
    endloop
  endfacet
  facet normal -1 0 0
    outer loop
      vertex -32 17 34
      vertex -32 15 34
      vertex -32 12 38
    endloop
  endfacet
  facet normal -1 0 0
    outer loop
      vertex -32 20 30
      vertex -32 15 34
      vertex -32 17 34
    endloop
  endfacet
  facet normal 0 0 1
    outer loop
      vertex -30 50 42
      vertex -32 38 42
      vertex -31.95 -49.44999999999996 42
    endloop
  endfacet
  facet normal -1 0 0
    outer loop
      vertex -32 38 42
      vertex -32 20 38
      vertex -32 -38 42
    endloop
  endfacet
  facet normal -1 0 0
    outer loop
      vertex -32 9 34
      vertex -32 4 38
      vertex -32 12 38
    endloop
  endfacet
  facet normal -1 0 0
    outer loop
      vertex -32 4 38
      vertex -32 9 34
      vertex -32 7 34
    endloop
  endfacet
  facet normal -1 0 0
    outer loop
      vertex -32 12 30
      vertex -32 7 34
      vertex -32 9 34
    endloop
  endfacet
  facet normal -1 0 0
    outer loop
      vertex -32 1 34
      vertex -32 -4 38
      vertex -32 4 38
    endloop
  endfacet
  facet normal -1 0 0
    outer loop
      vertex -32 4 30
      vertex -32 -1 34
      vertex -32 1 34
    endloop
  endfacet
  facet normal -1 0 0
    outer loop
      vertex -32 28 30
      vertex -32 20 30
      vertex -32 23 34
    endloop
  endfacet
  facet normal -1 0 0
    outer loop
      vertex -32 28 30
      vertex -32 20 28
      vertex -32 20 30
    endloop
  endfacet
  facet normal -1 0 0
    outer loop
      vertex -32 20 28
      vertex -32 28 28
      vertex -32 23 24
    endloop
  endfacet
  facet normal -1 0 0
    outer loop
      vertex -32 20 30
      vertex -32 20 28
      vertex -32 12 30
    endloop
  endfacet
  facet normal -1 0 0
    outer loop
      vertex -32 20 30
      vertex -32 12 30
      vertex -32 15 34
    endloop
  endfacet
  facet normal -1 0 0
    outer loop
      vertex -32 17 24
      vertex -32 12 28
      vertex -32 20 28
    endloop
  endfacet
  facet normal -1 0 0
    outer loop
      vertex -32 20 28
      vertex -32 12 28
      vertex -32 12 30
    endloop
  endfacet
  facet normal -1 0 0
    outer loop
      vertex -32 28 28
      vertex -32 25 24
      vertex -32 23 24
    endloop
  endfacet
  facet normal -1 0 0
    outer loop
      vertex -32 25 24
      vertex -32 20 20
      vertex -32 23 24
    endloop
  endfacet
  facet normal -1 0 0
    outer loop
      vertex -32 12 28
      vertex -32 17 24
      vertex -32 15 24
    endloop
  endfacet
  facet normal -1 0 0
    outer loop
      vertex -32 17 24
      vertex -32 20 20
      vertex -32 15 24
    endloop
  endfacet
  facet normal -1 0 0
    outer loop
      vertex -32 20 20
      vertex -32 12 20
      vertex -32 15 24
    endloop
  endfacet
  facet normal -1 0 0
    outer loop
      vertex -32 7 34
      vertex -32 12 30
      vertex -32 4 30
    endloop
  endfacet
  facet normal -1 0 0
    outer loop
      vertex -32 12 30
      vertex -32 12 28
      vertex -32 4 30
    endloop
  endfacet
  facet normal -1 0 0
    outer loop
      vertex -32 4 30
      vertex -32 12 28
      vertex -32 9 24
    endloop
  endfacet
  facet normal -1 0 0
    outer loop
      vertex -32 4 30
      vertex -32 4 28
      vertex -32 -4 30
    endloop
  endfacet
  facet normal -1 0 0
    outer loop
      vertex -32 4 30
      vertex -32 9 24
      vertex -32 4 28
    endloop
  endfacet
  facet normal -1 0 0
    outer loop
      vertex -32 4 28
      vertex -32 1 24
      vertex -32 -4 28
    endloop
  endfacet
  facet normal -1 0 0
    outer loop
      vertex -32 9 24
      vertex -32 7 24
      vertex -32 4 28
    endloop
  endfacet
  facet normal -1 0 0
    outer loop
      vertex -32 12 20
      vertex -32 7 24
      vertex -32 9 24
    endloop
  endfacet
  facet normal -1 0 0
    outer loop
      vertex -32 7 24
      vertex -32 12 20
      vertex -32 4 20
    endloop
  endfacet
  facet normal 0 0 1
    outer loop
      vertex -30 50 42
      vertex -12 50 42
      vertex -12 52 42
    endloop
  endfacet
  facet normal 0 1 0
    outer loop
      vertex -31.95 52 42
      vertex -12 52 42
      vertex -12 52 30
    endloop
  endfacet
  facet normal 0 1 0
    outer loop
      vertex -31.95 52 42
      vertex -12 52 30
      vertex -9.855686695278969 52 25.525751072961373
    endloop
  endfacet
  facet normal 0 1 0
    outer loop
      vertex -9.855686695278969 52 25.525751072961373
      vertex -12 52 30
      vertex -8 52 28
    endloop
  endfacet
  facet normal 0 1 0
    outer loop
      vertex -16 52 28
      vertex -11 52 24
      vertex -13 52 24
    endloop
  endfacet
  facet normal 0 1 0
    outer loop
      vertex -9.855686695278969 52 25.525751072961373
      vertex -11 52 24
      vertex -16 52 28
    endloop
  endfacet
  facet normal 0 1 0
    outer loop
      vertex -8 52 20
      vertex -16 52 20
      vertex -13 52 24
    endloop
  endfacet
  facet normal 0 1 0
    outer loop
      vertex -8 52 20
      vertex -13 52 24
      vertex -11 52 24
    endloop
  endfacet
  facet normal 0 1 0
    outer loop
      vertex -12 52 30
      vertex 0 52 28
      vertex -8 52 28
    endloop
  endfacet
  facet normal 0 1 0
    outer loop
      vertex -8 52 28
      vertex 0 52 28
      vertex -3 52 24
    endloop
  endfacet
  facet normal 0 1 0
    outer loop
      vertex -8 52 28
      vertex 0 52 20
      vertex -5 52 24
    endloop
  endfacet
  facet normal 0 1 0
    outer loop
      vertex -8 52 28
      vertex -3 52 24
      vertex 0 52 20
    endloop
  endfacet
  facet normal -1 0 0
    outer loop
      vertex -32 52 0
      vertex -32 39 24
      vertex -32 38.25 33
    endloop
  endfacet
  facet normal -1 0 0
    outer loop
      vertex -32 52 0
      vertex -32 39 14
      vertex -32 39 24
    endloop
  endfacet
  facet normal -1 0 0
    outer loop
      vertex -32 39 24
      vertex -32 36 18
      vertex -32 36 20
    endloop
  endfacet
  facet normal -1 0 0
    outer loop
      vertex -32 39 24
      vertex -32 39 14
      vertex -32 36 18
    endloop
  endfacet
  facet normal -1 0 0
    outer loop
      vertex -32 36 20
      vertex -32 36 18
      vertex -32 28 20
    endloop
  endfacet
  facet normal -1 0 0
    outer loop
      vertex -32 28 20
      vertex -32 36 18
      vertex -32 28 18
    endloop
  endfacet
  facet normal -1 0 0
    outer loop
      vertex -32 36 18
      vertex -32 33 14
      vertex -32 28 18
    endloop
  endfacet
  facet normal -1 0 0
    outer loop
      vertex -32 33 14
      vertex -32 36 10
      vertex -32 31 14
    endloop
  endfacet
  facet normal -1 0 0
    outer loop
      vertex -32 33 14
      vertex -32 31 14
      vertex -32 28 18
    endloop
  endfacet
  facet normal -1 0 0
    outer loop
      vertex -32 36 10
      vertex -32 28 10
      vertex -32 31 14
    endloop
  endfacet
  facet normal 0 1 0
    outer loop
      vertex -31.95 52 33
      vertex -19 52 24
      vertex -32 52 0
    endloop
  endfacet
  facet normal 0 1 0
    outer loop
      vertex -32 52 0
      vertex -19 52 24
      vertex -16 52 20
    endloop
  endfacet
  facet normal 0 1 0
    outer loop
      vertex -32 52 0
      vertex -16 52 18
      vertex -19 52 14
    endloop
  endfacet
  facet normal 0 1 0
    outer loop
      vertex -32 52 0
      vertex -16 52 20
      vertex -16 52 18
    endloop
  endfacet
  facet normal -1 0 0
    outer loop
      vertex -32 52 0
      vertex -32 36 10
      vertex -32 39 14
    endloop
  endfacet
  facet normal -1 0 0
    outer loop
      vertex -32 52 0
      vertex -32 28 10
      vertex -32 36 10
    endloop
  endfacet
  facet normal -1 0 0
    outer loop
      vertex -32 52 0
      vertex -32 20 10
      vertex -32 28 10
    endloop
  endfacet
  facet normal -1 0 0
    outer loop
      vertex -32 52 0
      vertex -32 12 10
      vertex -32 20 10
    endloop
  endfacet
  facet normal 0 1 0
    outer loop
      vertex -32 52 0
      vertex -19 52 14
      vertex -16 52 10
    endloop
  endfacet
  facet normal -1 0 0
    outer loop
      vertex -32 25 24
      vertex -32 28 20
      vertex -32 20 18
    endloop
  endfacet
  facet normal -1 0 0
    outer loop
      vertex -32 28 20
      vertex -32 28 18
      vertex -32 20 18
    endloop
  endfacet
  facet normal -1 0 0
    outer loop
      vertex -32 25 24
      vertex -32 20 18
      vertex -32 20 20
    endloop
  endfacet
  facet normal -1 0 0
    outer loop
      vertex -32 28 18
      vertex -32 25 14
      vertex -32 20 18
    endloop
  endfacet
  facet normal -1 0 0
    outer loop
      vertex -32 20 20
      vertex -32 20 18
      vertex -32 12 20
    endloop
  endfacet
  facet normal -1 0 0
    outer loop
      vertex -32 12 20
      vertex -32 20 18
      vertex -32 12 18
    endloop
  endfacet
  facet normal -1 0 0
    outer loop
      vertex -32 20 18
      vertex -32 17 14
      vertex -32 12 18
    endloop
  endfacet
  facet normal -1 0 0
    outer loop
      vertex -32 25 14
      vertex -32 23 14
      vertex -32 20 18
    endloop
  endfacet
  facet normal -1 0 0
    outer loop
      vertex -32 25 14
      vertex -32 28 10
      vertex -32 23 14
    endloop
  endfacet
  facet normal -1 0 0
    outer loop
      vertex -32 28 10
      vertex -32 20 10
      vertex -32 23 14
    endloop
  endfacet
  facet normal -1 0 0
    outer loop
      vertex -32 17 14
      vertex -32 15 14
      vertex -32 12 18
    endloop
  endfacet
  facet normal -1 0 0
    outer loop
      vertex -32 17 14
      vertex -32 20 10
      vertex -32 15 14
    endloop
  endfacet
  facet normal -1 0 0
    outer loop
      vertex -32 20 10
      vertex -32 12 10
      vertex -32 15 14
    endloop
  endfacet
  facet normal -1 0 0
    outer loop
      vertex -32 12 20
      vertex -32 12 18
      vertex -32 4 20
    endloop
  endfacet
  facet normal -1 0 0
    outer loop
      vertex -32 4 20
      vertex -32 12 18
      vertex -32 4 18
    endloop
  endfacet
  facet normal -1 0 0
    outer loop
      vertex -32 12 18
      vertex -32 9 14
      vertex -32 4 18
    endloop
  endfacet
  facet normal -1 0 0
    outer loop
      vertex -32 4 20
      vertex -32 -4 18
      vertex -32 1 24
    endloop
  endfacet
  facet normal -1 0 0
    outer loop
      vertex -32 4 20
      vertex -32 4 18
      vertex -32 -1 14
    endloop
  endfacet
  facet normal -1 0 0
    outer loop
      vertex -32 9 14
      vertex -32 7 14
      vertex -32 4 18
    endloop
  endfacet
  facet normal -1 0 0
    outer loop
      vertex -32 9 14
      vertex -32 12 10
      vertex -32 7 14
    endloop
  endfacet
  facet normal -1 0 0
    outer loop
      vertex -32 12 10
      vertex -32 4 10
      vertex -32 7 14
    endloop
  endfacet
  facet normal -1 0 0
    outer loop
      vertex -32 4 18
      vertex -32 1 14
      vertex -32 -1 14
    endloop
  endfacet
  facet normal -1 0 0
    outer loop
      vertex -32 1 14
      vertex -32 4 10
      vertex -32 -1 14
    endloop
  endfacet
  facet normal -1 0 0
    outer loop
      vertex -32 52 0
      vertex -32 -52 0
      vertex -32 12 10
    endloop
  endfacet
  facet normal 0 1 0
    outer loop
      vertex -8 52 20
      vertex -16 52 18
      vertex -16 52 20
    endloop
  endfacet
  facet normal 0 1 0
    outer loop
      vertex -8 52 20
      vertex -8 52 18
      vertex -16 52 18
    endloop
  endfacet
  facet normal 0 1 0
    outer loop
      vertex -16 52 18
      vertex -8 52 18
      vertex -11 52 14
    endloop
  endfacet
  facet normal 0 1 0
    outer loop
      vertex -16 52 18
      vertex -11 52 14
      vertex -13 52 14
    endloop
  endfacet
  facet normal 0 1 0
    outer loop
      vertex -13 52 14
      vertex -8 52 10
      vertex -16 52 10
    endloop
  endfacet
  facet normal 0 1 0
    outer loop
      vertex -11 52 14
      vertex -8 52 10
      vertex -13 52 14
    endloop
  endfacet
  facet normal 0 1 0
    outer loop
      vertex -5 52 24
      vertex -3 52 14
      vertex -8 52 20
    endloop
  endfacet
  facet normal 0 1 0
    outer loop
      vertex -3 52 14
      vertex -8 52 18
      vertex -8 52 20
    endloop
  endfacet
  facet normal 0 1 0
    outer loop
      vertex -5 52 24
      vertex 0 52 18
      vertex -3 52 14
    endloop
  endfacet
  facet normal 0 1 0
    outer loop
      vertex -8 52 18
      vertex -3 52 14
      vertex -5 52 14
    endloop
  endfacet
  facet normal 0 1 0
    outer loop
      vertex -3 52 14
      vertex 0 52 10
      vertex -5 52 14
    endloop
  endfacet
  facet normal 0 1 0
    outer loop
      vertex -8 52 10
      vertex -5 52 14
      vertex 0 52 10
    endloop
  endfacet
  facet normal 0 1 0
    outer loop
      vertex -32 52 0
      vertex -16 52 10
      vertex -8 52 10
    endloop
  endfacet
  facet normal 0 1 0
    outer loop
      vertex -32 52 0
      vertex -8 52 10
      vertex 0 52 10
    endloop
  endfacet
  facet normal 0 1 0
    outer loop
      vertex -32 52 0
      vertex 0 52 10
      vertex 8 52 10
    endloop
  endfacet
  facet normal 0 0 -1
    outer loop
      vertex -32 52 0
      vertex 32 52 0
      vertex -32 -52 0
    endloop
  endfacet
  facet normal -1 0 0
    outer loop
      vertex -32 -38 42
      vertex -32 20 38
      vertex -32 12 38
    endloop
  endfacet
  facet normal -1 0 0
    outer loop
      vertex -32 -38 42
      vertex -32 12 38
      vertex -32 4 38
    endloop
  endfacet
  facet normal -1 0 0
    outer loop
      vertex -32 -38 42
      vertex -32 4 38
      vertex -32 -4 38
    endloop
  endfacet
  facet normal -1 0 0
    outer loop
      vertex -32 -4 38
      vertex -32 1 34
      vertex -32 -1 34
    endloop
  endfacet
  facet normal -1 0 0
    outer loop
      vertex -32 -4 38
      vertex -32 -7 34
      vertex -32 -12 38
    endloop
  endfacet
  facet normal -1 0 0
    outer loop
      vertex -32 -12 38
      vertex -32 -7 34
      vertex -32 -9 34
    endloop
  endfacet
  facet normal -1 0 0
    outer loop
      vertex -32 -4 30
      vertex -32 -9 34
      vertex -32 -7 34
    endloop
  endfacet
  facet normal 0 0 1
    outer loop
      vertex -32 38 42
      vertex -32 -38 42
      vertex -31.95 -49.44999999999996 42
    endloop
  endfacet
  facet normal 0 0 1
    outer loop
      vertex -30 50 42
      vertex -31.95 -49.44999999999996 42
      vertex -30 -50 42
    endloop
  endfacet
  facet normal -1 0 0
    outer loop
      vertex -32 -38 42
      vertex -32 -4 38
      vertex -32 -12 38
    endloop
  endfacet
  facet normal -1 0 0
    outer loop
      vertex -32 -38 42
      vertex -32 -12 38
      vertex -32 -20 38
    endloop
  endfacet
  facet normal -1 0 0
    outer loop
      vertex -32 -15 34
      vertex -32 -20 38
      vertex -32 -12 38
    endloop
  endfacet
  facet normal -1 0 0
    outer loop
      vertex -32 -20 38
      vertex -32 -15 34
      vertex -32 -17 34
    endloop
  endfacet
  facet normal -1 0 0
    outer loop
      vertex -32 -12 30
      vertex -32 -17 34
      vertex -32 -15 34
    endloop
  endfacet
  facet normal -1 0 0
    outer loop
      vertex -32 -20 38
      vertex -32 -23 34
      vertex -32 -28 38
    endloop
  endfacet
  facet normal -1 0 0
    outer loop
      vertex -32 -23 34
      vertex -32 -25 34
      vertex -32 -28 38
    endloop
  endfacet
  facet normal -1 0 0
    outer loop
      vertex -32 -20 30
      vertex -32 -25 34
      vertex -32 -23 34
    endloop
  endfacet
  facet normal -1 0 0
    outer loop
      vertex -32 -1 34
      vertex -32 4 30
      vertex -32 -4 30
    endloop
  endfacet
  facet normal -1 0 0
    outer loop
      vertex -32 4 28
      vertex -32 -4 28
      vertex -32 -4 30
    endloop
  endfacet
  facet normal -1 0 0
    outer loop
      vertex -32 -9 34
      vertex -32 -4 30
      vertex -32 -12 30
    endloop
  endfacet
  facet normal -1 0 0
    outer loop
      vertex -32 -4 30
      vertex -32 -4 28
      vertex -32 -12 30
    endloop
  endfacet
  facet normal -1 0 0
    outer loop
      vertex -32 -12 30
      vertex -32 -4 28
      vertex -32 -12 28
    endloop
  endfacet
  facet normal -1 0 0
    outer loop
      vertex -32 -4 28
      vertex -32 -7 24
      vertex -32 -12 28
    endloop
  endfacet
  facet normal -1 0 0
    outer loop
      vertex -32 1 24
      vertex -32 -1 24
      vertex -32 -4 28
    endloop
  endfacet
  facet normal -1 0 0
    outer loop
      vertex -32 1 24
      vertex -32 -4 20
      vertex -32 -1 24
    endloop
  endfacet
  facet normal -1 0 0
    outer loop
      vertex -32 -7 24
      vertex -32 -9 24
      vertex -32 -12 28
    endloop
  endfacet
  facet normal -1 0 0
    outer loop
      vertex -32 -7 24
      vertex -32 -4 20
      vertex -32 -9 24
    endloop
  endfacet
  facet normal -1 0 0
    outer loop
      vertex -32 -4 20
      vertex -32 -12 20
      vertex -32 -9 24
    endloop
  endfacet
  facet normal -1 0 0
    outer loop
      vertex -32 -12 30
      vertex -32 -12 28
      vertex -32 -20 30
    endloop
  endfacet
  facet normal -1 0 0
    outer loop
      vertex -32 -17 34
      vertex -32 -12 30
      vertex -32 -20 30
    endloop
  endfacet
  facet normal -1 0 0
    outer loop
      vertex -32 -12 28
      vertex -32 -15 24
      vertex -32 -20 28
    endloop
  endfacet
  facet normal -1 0 0
    outer loop
      vertex -32 -12 28
      vertex -32 -20 28
      vertex -32 -20 30
    endloop
  endfacet
  facet normal -1 0 0
    outer loop
      vertex -32 -20 30
      vertex -32 -20 28
      vertex -32 -28 30
    endloop
  endfacet
  facet normal -1 0 0
    outer loop
      vertex -32 -20 30
      vertex -32 -28 30
      vertex -32 -25 34
    endloop
  endfacet
  facet normal -1 0 0
    outer loop
      vertex -32 -20 28
      vertex -32 -28 28
      vertex -32 -28 30
    endloop
  endfacet
  facet normal -1 0 0
    outer loop
      vertex -32 -20 28
      vertex -32 -23 24
      vertex -32 -28 28
    endloop
  endfacet
  facet normal -1 0 0
    outer loop
      vertex -32 -15 24
      vertex -32 -17 24
      vertex -32 -20 28
    endloop
  endfacet
  facet normal -1 0 0
    outer loop
      vertex -32 -15 24
      vertex -32 -12 20
      vertex -32 -17 24
    endloop
  endfacet
  facet normal -1 0 0
    outer loop
      vertex -32 -12 20
      vertex -32 -20 20
      vertex -32 -17 24
    endloop
  endfacet
  facet normal -1 0 0
    outer loop
      vertex -32 -23 24
      vertex -32 -25 24
      vertex -32 -28 28
    endloop
  endfacet
  facet normal -1 0 0
    outer loop
      vertex -32 -23 24
      vertex -32 -20 20
      vertex -32 -25 24
    endloop
  endfacet
  facet normal -1 0 0
    outer loop
      vertex -32 -20 20
      vertex -32 -28 20
      vertex -32 -25 24
    endloop
  endfacet
  facet normal -1 0 0
    outer loop
      vertex -32 -38 42
      vertex -32 -20 38
      vertex -32 -38 39
    endloop
  endfacet
  facet normal -1 0 0
    outer loop
      vertex -32 -38 39
      vertex -32 -20 38
      vertex -32 -28 38
    endloop
  endfacet
  facet normal -1 0 0
    outer loop
      vertex -32 -38 39
      vertex -32 -28 38
      vertex -32 -36 38
    endloop
  endfacet
  facet normal -1 0 0
    outer loop
      vertex -32 -38 39
      vertex -32 -36 38
      vertex -32 -38 35.33333333333333
    endloop
  endfacet
  facet normal -1 0 0
    outer loop
      vertex -32 -28 38
      vertex -32 -31 34
      vertex -32 -36 38
    endloop
  endfacet
  facet normal -1 0 0
    outer loop
      vertex -32 -28 30
      vertex -32 -33 34
      vertex -32 -31 34
    endloop
  endfacet
  facet normal -1 0 0
    outer loop
      vertex -32 -31 34
      vertex -32 -33 34
      vertex -32 -36 38
    endloop
  endfacet
  facet normal -1 0 0
    outer loop
      vertex -32 -40 33
      vertex -32 -38.25 33
      vertex -32 -36 30
    endloop
  endfacet
  facet normal 0 0 1
    outer loop
      vertex -32 -38 42
      vertex -32 -39.98347107438016 42
      vertex -31.95 -49.44999999999996 42
    endloop
  endfacet
  facet normal -1 0 0
    outer loop
      vertex -32 -40 39
      vertex -32 -40 33
      vertex -32 -50 39
    endloop
  endfacet
  facet normal 0 0 1
    outer loop
      vertex -31.95 -49.44999999999996 42
      vertex -31.960380595850882 -49.979410388394946 42
      vertex -30 -50 42
    endloop
  endfacet
  facet normal 0 0 1
    outer loop
      vertex -31.95 -51.998387096774195 42
      vertex -31.954445260837613 -51.998530492285084 42
      vertex -31.95 -52 42
    endloop
  endfacet
  facet normal 0 0 1
    outer loop
      vertex -31.960380595850882 -49.979410388394946 42
      vertex -31.95 -51.95 42
      vertex -30 -50 42
    endloop
  endfacet
  facet normal 0 0 1
    outer loop
      vertex -31.95 -51.95 42
      vertex -31.95 -51.998387096774195 42
      vertex -30 -50 42
    endloop
  endfacet
  facet normal 0 0 1
    outer loop
      vertex -31.95 -51.998387096774195 42
      vertex -31.95 -52 42
      vertex -28.75 -50 42
    endloop
  endfacet
  facet normal 0 -1 0
    outer loop
      vertex -31.95 -52 42
      vertex -31.95 -52 39
      vertex -28.75 -52 42
    endloop
  endfacet
  facet normal 0 0 1
    outer loop
      vertex -31.95 -51.998387096774195 42
      vertex -28.75 -50 42
      vertex -30 -50 42
    endloop
  endfacet
  facet normal 0 0 1
    outer loop
      vertex -31.95 -52 42
      vertex -28.75 -52 42
      vertex -28.75 -50 42
    endloop
  endfacet
  facet normal 0 -1 0
    outer loop
      vertex -31.95 -52 39
      vertex -31.95 -52 33
      vertex -28.75 -52 42
    endloop
  endfacet
  facet normal -1 0 0
    outer loop
      vertex -32 -50 39
      vertex -32 -40 33
      vertex -32 -50 33
    endloop
  endfacet
  facet normal -1 0 0
    outer loop
      vertex -32 -28 30
      vertex -32 -36 30
      vertex -32 -33 34
    endloop
  endfacet
  facet normal -1 0 0
    outer loop
      vertex -32 -28 30
      vertex -32 -28 28
      vertex -32 -36 30
    endloop
  endfacet
  facet normal -1 0 0
    outer loop
      vertex -32 -28 28
      vertex -32 -31 24
      vertex -32 -36 28
    endloop
  endfacet
  facet normal -1 0 0
    outer loop
      vertex -32 -36 30
      vertex -32 -28 28
      vertex -32 -36 28
    endloop
  endfacet
  facet normal -1 0 0
    outer loop
      vertex -32 -36 30
      vertex -32 -36 28
      vertex -32 -39 24
    endloop
  endfacet
  facet normal -1 0 0
    outer loop
      vertex -32 -31 24
      vertex -32 -28 20
      vertex -32 -33 24
    endloop
  endfacet
  facet normal -1 0 0
    outer loop
      vertex -32 -28 20
      vertex -32 -36 20
      vertex -32 -33 24
    endloop
  endfacet
  facet normal -1 0 0
    outer loop
      vertex -32 -31 24
      vertex -32 -33 24
      vertex -32 -36 28
    endloop
  endfacet
  facet normal 0 -1 0
    outer loop
      vertex -31.95 -52 33
      vertex -28.75 -52 16
      vertex -28.75 -52 42
    endloop
  endfacet
  facet normal -1 0 0
    outer loop
      vertex -32 -40 33
      vertex -32 -52 0
      vertex -32 -50 33
    endloop
  endfacet
  facet normal -1 0 0
    outer loop
      vertex -32 -50 33
      vertex -32 -52 0
      vertex -32 -52 33
    endloop
  endfacet
  facet normal 0 -1 0
    outer loop
      vertex -32 -52 33
      vertex -32 -52 0
      vertex -31.95 -52 33
    endloop
  endfacet
  facet normal 0 -1 0
    outer loop
      vertex 0 -52 38
      vertex -6.75 -52 42
      vertex -3 -52 34
    endloop
  endfacet
  facet normal 0 -1 0
    outer loop
      vertex -6.75 -52 42
      vertex -3 -52 24
      vertex -3 -52 34
    endloop
  endfacet
  facet normal 0 -1 0
    outer loop
      vertex -6.75 -52 42
      vertex -6.75 -52 16
      vertex -3 -52 24
    endloop
  endfacet
  facet normal 0 -1 0
    outer loop
      vertex -3 -52 34
      vertex 0 -52 28
      vertex 0 -52 30
    endloop
  endfacet
  facet normal 0 -1 0
    outer loop
      vertex -3 -52 34
      vertex -3 -52 24
      vertex 0 -52 28
    endloop
  endfacet
  facet normal -1 0 0
    outer loop
      vertex -32 1 24
      vertex -32 -4 18
      vertex -32 -4 20
    endloop
  endfacet
  facet normal -1 0 0
    outer loop
      vertex -32 -4 18
      vertex -32 4 20
      vertex -32 -1 14
    endloop
  endfacet
  facet normal -1 0 0
    outer loop
      vertex -32 -4 20
      vertex -32 -4 18
      vertex -32 -12 20
    endloop
  endfacet
  facet normal -1 0 0
    outer loop
      vertex -32 -12 20
      vertex -32 -4 18
      vertex -32 -12 18
    endloop
  endfacet
  facet normal -1 0 0
    outer loop
      vertex -32 -7 14
      vertex -32 -12 18
      vertex -32 -4 18
    endloop
  endfacet
  facet normal -1 0 0
    outer loop
      vertex -32 4 10
      vertex -32 -4 10
      vertex -32 -1 14
    endloop
  endfacet
  facet normal -1 0 0
    outer loop
      vertex -32 -7 14
      vertex -32 -9 14
      vertex -32 -12 18
    endloop
  endfacet
  facet normal -1 0 0
    outer loop
      vertex -32 -7 14
      vertex -32 -4 10
      vertex -32 -9 14
    endloop
  endfacet
  facet normal -1 0 0
    outer loop
      vertex -32 -4 10
      vertex -32 -12 10
      vertex -32 -9 14
    endloop
  endfacet
  facet normal -1 0 0
    outer loop
      vertex -32 -12 20
      vertex -32 -12 18
      vertex -32 -20 20
    endloop
  endfacet
  facet normal -1 0 0
    outer loop
      vertex -32 -20 20
      vertex -32 -12 18
      vertex -32 -20 18
    endloop
  endfacet
  facet normal -1 0 0
    outer loop
      vertex -32 -12 18
      vertex -32 -15 14
      vertex -32 -20 18
    endloop
  endfacet
  facet normal -1 0 0
    outer loop
      vertex -32 -20 20
      vertex -32 -20 18
      vertex -32 -28 20
    endloop
  endfacet
  facet normal -1 0 0
    outer loop
      vertex -32 -20 18
      vertex -32 -28 18
      vertex -32 -28 20
    endloop
  endfacet
  facet normal -1 0 0
    outer loop
      vertex -32 -20 18
      vertex -32 -23 14
      vertex -32 -28 18
    endloop
  endfacet
  facet normal -1 0 0
    outer loop
      vertex -32 -15 14
      vertex -32 -17 14
      vertex -32 -20 18
    endloop
  endfacet
  facet normal -1 0 0
    outer loop
      vertex -32 -12 10
      vertex -32 -17 14
      vertex -32 -15 14
    endloop
  endfacet
  facet normal -1 0 0
    outer loop
      vertex -32 -17 14
      vertex -32 -12 10
      vertex -32 -20 10
    endloop
  endfacet
  facet normal -1 0 0
    outer loop
      vertex -32 -23 14
      vertex -32 -25 14
      vertex -32 -28 18
    endloop
  endfacet
  facet normal -1 0 0
    outer loop
      vertex -32 -20 10
      vertex -32 -25 14
      vertex -32 -23 14
    endloop
  endfacet
  facet normal -1 0 0
    outer loop
      vertex -32 -20 10
      vertex -32 -28 10
      vertex -32 -25 14
    endloop
  endfacet
  facet normal -1 0 0
    outer loop
      vertex -32 -52 0
      vertex -32 4 10
      vertex -32 12 10
    endloop
  endfacet
  facet normal -1 0 0
    outer loop
      vertex -32 -52 0
      vertex -32 -4 10
      vertex -32 4 10
    endloop
  endfacet
  facet normal -1 0 0
    outer loop
      vertex -32 -52 0
      vertex -32 -12 10
      vertex -32 -4 10
    endloop
  endfacet
  facet normal -1 0 0
    outer loop
      vertex -32 -28 20
      vertex -32 -28 18
      vertex -32 -36 20
    endloop
  endfacet
  facet normal -1 0 0
    outer loop
      vertex -32 -28 18
      vertex -32 -31 14
      vertex -32 -36 18
    endloop
  endfacet
  facet normal -1 0 0
    outer loop
      vertex -32 -36 20
      vertex -32 -28 18
      vertex -32 -36 18
    endloop
  endfacet
  facet normal -1 0 0
    outer loop
      vertex -32 -39 24
      vertex -32 -36 20
      vertex -32 -39 14
    endloop
  endfacet
  facet normal -1 0 0
    outer loop
      vertex -32 -36 20
      vertex -32 -36 18
      vertex -32 -39 14
    endloop
  endfacet
  facet normal -1 0 0
    outer loop
      vertex -32 -31 14
      vertex -32 -28 10
      vertex -32 -33 14
    endloop
  endfacet
  facet normal -1 0 0
    outer loop
      vertex -32 -28 10
      vertex -32 -36 10
      vertex -32 -33 14
    endloop
  endfacet
  facet normal -1 0 0
    outer loop
      vertex -32 -31 14
      vertex -32 -33 14
      vertex -32 -36 18
    endloop
  endfacet
  facet normal -1 0 0
    outer loop
      vertex -32 -40 33
      vertex -32 -36 30
      vertex -32 -52 0
    endloop
  endfacet
  facet normal -1 0 0
    outer loop
      vertex -32 -52 0
      vertex -32 -36 30
      vertex -32 -39 24
    endloop
  endfacet
  facet normal 0 -1 0
    outer loop
      vertex -31.95 -52 33
      vertex -32 -52 0
      vertex -28.75 -52 16
    endloop
  endfacet
  facet normal -1 0 0
    outer loop
      vertex -32 -52 0
      vertex -32 -39 24
      vertex -32 -39 14
    endloop
  endfacet
  facet normal 0 -1 0
    outer loop
      vertex -32 -52 0
      vertex -6.75 -52 16
      vertex -28.75 -52 16
    endloop
  endfacet
  facet normal -1 0 0
    outer loop
      vertex -32 -52 0
      vertex -32 -20 10
      vertex -32 -12 10
    endloop
  endfacet
  facet normal -1 0 0
    outer loop
      vertex -32 -52 0
      vertex -32 -28 10
      vertex -32 -20 10
    endloop
  endfacet
  facet normal -1 0 0
    outer loop
      vertex -32 -52 0
      vertex -32 -36 10
      vertex -32 -28 10
    endloop
  endfacet
  facet normal -1 0 0
    outer loop
      vertex -32 -52 0
      vertex -32 -39 14
      vertex -32 -36 10
    endloop
  endfacet
  facet normal 0 -1 0
    outer loop
      vertex -32 -52 0
      vertex 0 -52 20
      vertex -6.75 -52 16
    endloop
  endfacet
  facet normal 0 -1 0
    outer loop
      vertex -32 -52 0
      vertex -3 -52 14
      vertex 0 -52 18
    endloop
  endfacet
  facet normal 0 -1 0
    outer loop
      vertex -6.75 -52 16
      vertex 0 -52 20
      vertex -3 -52 24
    endloop
  endfacet
  facet normal 0 -1 0
    outer loop
      vertex -32 -52 0
      vertex 5.738733905579398 -52 23.01502145922747
      vertex 0 -52 20
    endloop
  endfacet
  facet normal 0 -1 0
    outer loop
      vertex -32 -52 0
      vertex 0 -52 18
      vertex 5.738733905579398 -52 23.01502145922747
    endloop
  endfacet
  facet normal 0 -1 0
    outer loop
      vertex -32 -52 0
      vertex 0 -52 10
      vertex -3 -52 14
    endloop
  endfacet
  facet normal 0 -1 0
    outer loop
      vertex -32 -52 0
      vertex 8 -52 10
      vertex 0 -52 10
    endloop
  endfacet
  facet normal 0 0 1
    outer loop
      vertex 31.95 52 42
      vertex 12 52 42
      vertex 12 50 42
    endloop
  endfacet
  facet normal 0 1 0
    outer loop
      vertex 12 52 42
      vertex 24.7 52 27.2
      vertex 12 52 30
    endloop
  endfacet
  facet normal 0 1 0
    outer loop
      vertex -12 52 30
      vertex 12 52 30
      vertex 0 52 28
    endloop
  endfacet
  facet normal 0 1 0
    outer loop
      vertex 12 52 30
      vertex 8.3 52 27.2
      vertex 0 52 28
    endloop
  endfacet
  facet normal 0 1 0
    outer loop
      vertex 8.3 52 24.8
      vertex 0 52 28
      vertex 8.3 52 27.2
    endloop
  endfacet
  facet normal 0 1 0
    outer loop
      vertex 8.3 52 24.8
      vertex 3 52 24
      vertex 0 52 28
    endloop
  endfacet
  facet normal 0 1 0
    outer loop
      vertex 3 52 24
      vertex 8.3 52 24.8
      vertex 8 52 18
    endloop
  endfacet
  facet normal 0 1 0
    outer loop
      vertex 12 52 30
      vertex 24.7 52 27.2
      vertex 8.3 52 27.2
    endloop
  endfacet
  facet normal 0 1 0
    outer loop
      vertex 8.3 52 24.8
      vertex 24.7 52 24.8
      vertex 16 52 18
    endloop
  endfacet
  facet normal 0 0 1
    outer loop
      vertex 30 50 42
      vertex 31.950687421883874 51.99840927167367 42
      vertex 12 50 42
    endloop
  endfacet
  facet normal 0 0 1
    outer loop
      vertex 31.950687421883874 51.99840927167367 42
      vertex 31.95 52 42
      vertex 12 50 42
    endloop
  endfacet
  facet normal 0 1 0
    outer loop
      vertex 31.95 52 42
      vertex 31.95 52 39
      vertex 12 52 42
    endloop
  endfacet
  facet normal 0 1 0
    outer loop
      vertex 31.95 52 39
      vertex 31.95 52 33
      vertex 12 52 42
    endloop
  endfacet
  facet normal 0 1 0
    outer loop
      vertex 31.95 52 33
      vertex 24.7 52 27.2
      vertex 12 52 42
    endloop
  endfacet
  facet normal 0 0 1
    outer loop
      vertex 30 50 42
      vertex 31.997829793830412 51.88931948535111 42
      vertex 31.950687421883874 51.99840927167367 42
    endloop
  endfacet
  facet normal 0 0 1
    outer loop
      vertex 31.954445260837613 51.998530492285084 42
      vertex 31.95 52 42
      vertex 31.950687421883874 51.99840927167367 42
    endloop
  endfacet
  facet normal 0 0 1
    outer loop
      vertex 30 50 42
      vertex 32 37.3 42
      vertex 31.997829793830412 51.88931948535111 42
    endloop
  endfacet
  facet normal 0 0 1
    outer loop
      vertex 30 50 42
      vertex 30 37.3 42
      vertex 32 37.3 42
    endloop
  endfacet
  facet normal 0 0 1
    outer loop
      vertex 31.997829793830412 51.88931948535111 42
      vertex 32 37.3 42
      vertex 32 38 42
    endloop
  endfacet
  facet normal 1 0 0
    outer loop
      vertex 32 50 39
      vertex 32 40 39
      vertex 32 40 33
    endloop
  endfacet
  facet normal 1 0 0
    outer loop
      vertex 32 50 39
      vertex 32 40 33
      vertex 32 50 33
    endloop
  endfacet
  facet normal 1 0 0
    outer loop
      vertex 32 38 42
      vertex 32 37.3 42
      vertex 32 37.3 18
    endloop
  endfacet
  facet normal 1 0 0
    outer loop
      vertex 32 38 42
      vertex 32 37.3 18
      vertex 32 38 39
    endloop
  endfacet
  facet normal 0 1 0
    outer loop
      vertex 31.95 52 33
      vertex 32 52 33
      vertex 32 52 0
    endloop
  endfacet
  facet normal 1 0 0
    outer loop
      vertex 32 52 33
      vertex 32 50 33
      vertex 32 52 0
    endloop
  endfacet
  facet normal 1 0 0
    outer loop
      vertex 32 50 33
      vertex 32 40 33
      vertex 32 52 0
    endloop
  endfacet
  facet normal 1 0 0
    outer loop
      vertex 32 40 33
      vertex 32 38 33
      vertex 32 52 0
    endloop
  endfacet
  facet normal 1 0 0
    outer loop
      vertex 32 38 39
      vertex 32 37.3 18
      vertex 32 38 33
    endloop
  endfacet
  facet normal 1 0 0
    outer loop
      vertex 32 23 34
      vertex 32 25.299999999999997 42
      vertex 32 20 38
    endloop
  endfacet
  facet normal 1 0 0
    outer loop
      vertex 32 25.299999999999997 42
      vertex 32 12 38
      vertex 32 20 38
    endloop
  endfacet
  facet normal 1 0 0
    outer loop
      vertex 32 25.299999999999997 42
      vertex 32 4 38
      vertex 32 12 38
    endloop
  endfacet
  facet normal 1 0 0
    outer loop
      vertex 32 25.299999999999997 42
      vertex 32 23 34
      vertex 32 25.299999999999997 33
    endloop
  endfacet
  facet normal 1 0 0
    outer loop
      vertex 32 20 30
      vertex 32 25.299999999999997 33
      vertex 32 23 34
    endloop
  endfacet
  facet normal 1 0 0
    outer loop
      vertex 32 20 38
      vertex 32 15 34
      vertex 32 17 34
    endloop
  endfacet
  facet normal 1 0 0
    outer loop
      vertex 32 20 38
      vertex 32 12 38
      vertex 32 15 34
    endloop
  endfacet
  facet normal 1 0 0
    outer loop
      vertex 32 12 30
      vertex 32 17 34
      vertex 32 15 34
    endloop
  endfacet
  facet normal 1 0 0
    outer loop
      vertex 32 25.299999999999997 42
      vertex 32 -4 38
      vertex 32 4 38
    endloop
  endfacet
  facet normal 0 0 1
    outer loop
      vertex 32 -38 42
      vertex 32 25.299999999999997 42
      vertex 30 25.299999999999997 42
    endloop
  endfacet
  facet normal 1 0 0
    outer loop
      vertex 32 25.299999999999997 42
      vertex 32 -12 38
      vertex 32 -4 38
    endloop
  endfacet
  facet normal 1 0 0
    outer loop
      vertex 32 12 38
      vertex 32 4 38
      vertex 32 7 34
    endloop
  endfacet
  facet normal 1 0 0
    outer loop
      vertex 32 12 38
      vertex 32 7 34
      vertex 32 9 34
    endloop
  endfacet
  facet normal 1 0 0
    outer loop
      vertex 32 4 30
      vertex 32 9 34
      vertex 32 7 34
    endloop
  endfacet
  facet normal 1 0 0
    outer loop
      vertex 32 4 38
      vertex 32 -1 34
      vertex 32 1 34
    endloop
  endfacet
  facet normal 1 0 0
    outer loop
      vertex 32 25.299999999999997 33
      vertex 32 20 30
      vertex 32 20 28
    endloop
  endfacet
  facet normal 1 0 0
    outer loop
      vertex 32 25.299999999999997 33
      vertex 32 20 28
      vertex 32 23 24
    endloop
  endfacet
  facet normal 1 0 0
    outer loop
      vertex 32 17 34
      vertex 32 12 30
      vertex 32 20 30
    endloop
  endfacet
  facet normal 1 0 0
    outer loop
      vertex 32 20 30
      vertex 32 12 30
      vertex 32 12 28
    endloop
  endfacet
  facet normal 1 0 0
    outer loop
      vertex 32 20 30
      vertex 32 12 28
      vertex 32 20 28
    endloop
  endfacet
  facet normal 1 0 0
    outer loop
      vertex 32 12 28
      vertex 32 15 24
      vertex 32 20 28
    endloop
  endfacet
  facet normal 1 0 0
    outer loop
      vertex 32 25.299999999999997 33
      vertex 32 23 24
      vertex 32 25.299999999999997 18
    endloop
  endfacet
  facet normal 1 0 0
    outer loop
      vertex 32 20 28
      vertex 32 15 24
      vertex 32 17 24
    endloop
  endfacet
  facet normal 1 0 0
    outer loop
      vertex 32 17 24
      vertex 32 12 20
      vertex 32 20 20
    endloop
  endfacet
  facet normal 1 0 0
    outer loop
      vertex 32 15 24
      vertex 32 12 20
      vertex 32 17 24
    endloop
  endfacet
  facet normal 1 0 0
    outer loop
      vertex 32 9 34
      vertex 32 4 30
      vertex 32 12 30
    endloop
  endfacet
  facet normal 1 0 0
    outer loop
      vertex 32 12 30
      vertex 32 4 30
      vertex 32 4 28
    endloop
  endfacet
  facet normal 1 0 0
    outer loop
      vertex 32 12 30
      vertex 32 4 28
      vertex 32 12 28
    endloop
  endfacet
  facet normal 1 0 0
    outer loop
      vertex 32 4 28
      vertex 32 7 24
      vertex 32 12 28
    endloop
  endfacet
  facet normal 1 0 0
    outer loop
      vertex 32 1 34
      vertex 32 -4 30
      vertex 32 4 30
    endloop
  endfacet
  facet normal 1 0 0
    outer loop
      vertex 32 4 30
      vertex 32 -4 28
      vertex 32 4 28
    endloop
  endfacet
  facet normal 1 0 0
    outer loop
      vertex 32 12 28
      vertex 32 7 24
      vertex 32 9 24
    endloop
  endfacet
  facet normal 1 0 0
    outer loop
      vertex 32 7 24
      vertex 32 4 20
      vertex 32 9 24
    endloop
  endfacet
  facet normal 1 0 0
    outer loop
      vertex 32 9 24
      vertex 32 4 20
      vertex 32 12 20
    endloop
  endfacet
  facet normal 1 0 0
    outer loop
      vertex 32 4 28
      vertex 32 -1 24
      vertex 32 1 24
    endloop
  endfacet
  facet normal 1 0 0
    outer loop
      vertex 32 1 24
      vertex 32 -1 24
      vertex 32 4 20
    endloop
  endfacet
  facet normal 0 1 0
    outer loop
      vertex -5 52 24
      vertex 0 52 20
      vertex 5 52 14
    endloop
  endfacet
  facet normal 0 1 0
    outer loop
      vertex -5 52 24
      vertex 5 52 14
      vertex 0 52 18
    endloop
  endfacet
  facet normal 0 1 0
    outer loop
      vertex 3 52 24
      vertex 5 52 14
      vertex 0 52 20
    endloop
  endfacet
  facet normal 0 1 0
    outer loop
      vertex 3 52 24
      vertex 8 52 18
      vertex 5 52 14
    endloop
  endfacet
  facet normal 0 1 0
    outer loop
      vertex 0 52 18
      vertex 8 52 10
      vertex 3 52 14
    endloop
  endfacet
  facet normal 0 1 0
    outer loop
      vertex 0 52 18
      vertex 5 52 14
      vertex 8 52 10
    endloop
  endfacet
  facet normal 0 1 0
    outer loop
      vertex 8 52 10
      vertex 0 52 10
      vertex 3 52 14
    endloop
  endfacet
  facet normal 0 1 0
    outer loop
      vertex 8.3 52 24.8
      vertex 16 52 18
      vertex 8 52 18
    endloop
  endfacet
  facet normal 0 1 0
    outer loop
      vertex 8 52 18
      vertex 16 52 18
      vertex 13 52 14
    endloop
  endfacet
  facet normal 0 1 0
    outer loop
      vertex 8 52 18
      vertex 13 52 14
      vertex 11 52 14
    endloop
  endfacet
  facet normal 0 1 0
    outer loop
      vertex 11 52 14
      vertex 16 52 10
      vertex 8 52 10
    endloop
  endfacet
  facet normal 0 1 0
    outer loop
      vertex 11 52 14
      vertex 13 52 14
      vertex 16 52 10
    endloop
  endfacet
  facet normal 0 1 0
    outer loop
      vertex -32 52 0
      vertex 8 52 10
      vertex 32 52 0
    endloop
  endfacet
  facet normal 0 1 0
    outer loop
      vertex 32 52 0
      vertex 8 52 10
      vertex 16 52 10
    endloop
  endfacet
  facet normal 0 1 0
    outer loop
      vertex 16 52 18
      vertex 24.7 52 24.8
      vertex 19 52 14
    endloop
  endfacet
  facet normal 0 1 0
    outer loop
      vertex 32 52 0
      vertex 24.7 52 24.8
      vertex 24.7 52 27.2
    endloop
  endfacet
  facet normal 0 1 0
    outer loop
      vertex 32 52 0
      vertex 19 52 14
      vertex 24.7 52 24.8
    endloop
  endfacet
  facet normal 0 1 0
    outer loop
      vertex 31.95 52 33
      vertex 32 52 0
      vertex 24.7 52 27.2
    endloop
  endfacet
  facet normal 1 0 0
    outer loop
      vertex 32 38 33
      vertex 32 37.3 18
      vertex 32 52 0
    endloop
  endfacet
  facet normal 1 0 0
    outer loop
      vertex 32 37.3 18
      vertex 32 25.299999999999997 18
      vertex 32 23 14
    endloop
  endfacet
  facet normal 1 0 0
    outer loop
      vertex 32 52 0
      vertex 32 37.3 18
      vertex 32 23 14
    endloop
  endfacet
  facet normal 0 1 0
    outer loop
      vertex 32 52 0
      vertex 16 52 10
      vertex 19 52 14
    endloop
  endfacet
  facet normal 1 0 0
    outer loop
      vertex 32 52 0
      vertex 32 23 14
      vertex 32 20 10
    endloop
  endfacet
  facet normal 1 0 0
    outer loop
      vertex 32 52 0
      vertex 32 20 10
      vertex 32 12 10
    endloop
  endfacet
  facet normal 1 0 0
    outer loop
      vertex 32 25.299999999999997 18
      vertex 32 23 24
      vertex 32 20 20
    endloop
  endfacet
  facet normal 1 0 0
    outer loop
      vertex 32 25.299999999999997 18
      vertex 32 20 20
      vertex 32 20 18
    endloop
  endfacet
  facet normal 1 0 0
    outer loop
      vertex 32 25.299999999999997 18
      vertex 32 20 18
      vertex 32 23 14
    endloop
  endfacet
  facet normal 1 0 0
    outer loop
      vertex 32 20 20
      vertex 32 12 18
      vertex 32 20 18
    endloop
  endfacet
  facet normal 1 0 0
    outer loop
      vertex 32 20 20
      vertex 32 12 20
      vertex 32 12 18
    endloop
  endfacet
  facet normal 1 0 0
    outer loop
      vertex 32 20 18
      vertex 32 12 18
      vertex 32 15 14
    endloop
  endfacet
  facet normal 1 0 0
    outer loop
      vertex 32 20 18
      vertex 32 15 14
      vertex 32 17 14
    endloop
  endfacet
  facet normal 1 0 0
    outer loop
      vertex 32 17 14
      vertex 32 12 10
      vertex 32 20 10
    endloop
  endfacet
  facet normal 1 0 0
    outer loop
      vertex 32 12 10
      vertex 32 17 14
      vertex 32 15 14
    endloop
  endfacet
  facet normal 1 0 0
    outer loop
      vertex 32 12 20
      vertex 32 4 18
      vertex 32 12 18
    endloop
  endfacet
  facet normal 1 0 0
    outer loop
      vertex 32 12 20
      vertex 32 4 20
      vertex 32 4 18
    endloop
  endfacet
  facet normal 1 0 0
    outer loop
      vertex 32 7 14
      vertex 32 12 18
      vertex 32 4 18
    endloop
  endfacet
  facet normal 1 0 0
    outer loop
      vertex 32 4 20
      vertex 32 -1 24
      vertex 32 4 18
    endloop
  endfacet
  facet normal 1 0 0
    outer loop
      vertex 32 4 18
      vertex 32 -4 20
      vertex 32 1 14
    endloop
  endfacet
  facet normal 1 0 0
    outer loop
      vertex 32 12 18
      vertex 32 7 14
      vertex 32 9 14
    endloop
  endfacet
  facet normal 1 0 0
    outer loop
      vertex 32 9 14
      vertex 32 7 14
      vertex 32 4 10
    endloop
  endfacet
  facet normal 1 0 0
    outer loop
      vertex 32 9 14
      vertex 32 4 10
      vertex 32 12 10
    endloop
  endfacet
  facet normal 1 0 0
    outer loop
      vertex 32 1 14
      vertex 32 -4 10
      vertex 32 4 10
    endloop
  endfacet
  facet normal 1 0 0
    outer loop
      vertex 32 52 0
      vertex 32 12 10
      vertex 32 4 10
    endloop
  endfacet
  facet normal 1 0 0
    outer loop
      vertex 32 52 0
      vertex 32 4 10
      vertex 32 -4 10
    endloop
  endfacet
  facet normal 1 0 0
    outer loop
      vertex 32 52 0
      vertex 32 -4 10
      vertex 32 -12 10
    endloop
  endfacet
  facet normal 0 0 1
    outer loop
      vertex 30 -50 42
      vertex -6.75 -50 42
      vertex -6.75 -52 42
    endloop
  endfacet
  facet normal 0 -1 0
    outer loop
      vertex 31.95 -52 42
      vertex -6.75 -52 42
      vertex 0 -52 38
    endloop
  endfacet
  facet normal 0 -1 0
    outer loop
      vertex 0 -52 38
      vertex 3 -52 34
      vertex 8 -52 38
    endloop
  endfacet
  facet normal 0 -1 0
    outer loop
      vertex 5 -52 34
      vertex 3 -52 34
      vertex 0 -52 30
    endloop
  endfacet
  facet normal 0 -1 0
    outer loop
      vertex 3 -52 34
      vertex 5 -52 34
      vertex 8 -52 38
    endloop
  endfacet
  facet normal 0 -1 0
    outer loop
      vertex 31.95 -52 42
      vertex 0 -52 38
      vertex 8 -52 38
    endloop
  endfacet
  facet normal 0 0 1
    outer loop
      vertex 30 -50 42
      vertex -6.75 -52 42
      vertex 31.95 -52 42
    endloop
  endfacet
  facet normal 0 -1 0
    outer loop
      vertex 31.95 -52 42
      vertex 8 -52 38
      vertex 16 -52 38
    endloop
  endfacet
  facet normal 0 -1 0
    outer loop
      vertex 8 -52 38
      vertex 11 -52 34
      vertex 16 -52 38
    endloop
  endfacet
  facet normal 0 -1 0
    outer loop
      vertex 11 -52 34
      vertex 13 -52 34
      vertex 16 -52 38
    endloop
  endfacet
  facet normal 0 -1 0
    outer loop
      vertex 8 -52 30
      vertex 13 -52 34
      vertex 11 -52 34
    endloop
  endfacet
  facet normal 0 -1 0
    outer loop
      vertex 0 -52 30
      vertex 0 -52 28
      vertex 5 -52 34
    endloop
  endfacet
  facet normal 0 -1 0
    outer loop
      vertex 5 -52 34
      vertex 0 -52 28
      vertex 8 -52 30
    endloop
  endfacet
  facet normal 0 -1 0
    outer loop
      vertex 8 -52 28
      vertex 0 -52 28
      vertex 3 -52 24
    endloop
  endfacet
  facet normal 0 -1 0
    outer loop
      vertex 8 -52 30
      vertex 0 -52 28
      vertex 8 -52 28
    endloop
  endfacet
  facet normal 0 -1 0
    outer loop
      vertex 0 -52 20
      vertex 8 -52 28
      vertex 3 -52 24
    endloop
  endfacet
  facet normal 0 -1 0
    outer loop
      vertex 0 -52 20
      vertex 5 -52 24
      vertex 8 -52 28
    endloop
  endfacet
  facet normal 0 -1 0
    outer loop
      vertex 0 -52 20
      vertex 5.738733905579398 -52 23.01502145922747
      vertex 5 -52 24
    endloop
  endfacet
  facet normal 0 -1 0
    outer loop
      vertex 13 -52 34
      vertex 8 -52 30
      vertex 8 -52 28
    endloop
  endfacet
  facet normal 0 -1 0
    outer loop
      vertex 9.855686695278969 -52 25.525751072961373
      vertex 13 -52 34
      vertex 8 -52 28
    endloop
  endfacet
  facet normal 0 -1 0
    outer loop
      vertex 13 -52 34
      vertex 9.855686695278969 -52 25.525751072961373
      vertex 16 -52 30
    endloop
  endfacet
  facet normal 0 -1 0
    outer loop
      vertex 9.855686695278969 -52 25.525751072961373
      vertex 11 -52 24
      vertex 16 -52 28
    endloop
  endfacet
  facet normal 0 -1 0
    outer loop
      vertex 11 -52 24
      vertex 13 -52 24
      vertex 16 -52 28
    endloop
  endfacet
  facet normal 0 -1 0
    outer loop
      vertex 8 -52 20
      vertex 13 -52 24
      vertex 11 -52 24
    endloop
  endfacet
  facet normal 0 -1 0
    outer loop
      vertex 8 -52 20
      vertex 16 -52 20
      vertex 13 -52 24
    endloop
  endfacet
  facet normal 1 0 0
    outer loop
      vertex 32 25.299999999999997 42
      vertex 32 -20 38
      vertex 32 -12 38
    endloop
  endfacet
  facet normal 1 0 0
    outer loop
      vertex 32 25.299999999999997 42
      vertex 32 -28 38
      vertex 32 -20 38
    endloop
  endfacet
  facet normal 1 0 0
    outer loop
      vertex 32 4 38
      vertex 32 -4 38
      vertex 32 -1 34
    endloop
  endfacet
  facet normal 1 0 0
    outer loop
      vertex 32 -4 30
      vertex 32 1 34
      vertex 32 -1 34
    endloop
  endfacet
  facet normal 1 0 0
    outer loop
      vertex 32 -4 38
      vertex 32 -12 38
      vertex 32 -9 34
    endloop
  endfacet
  facet normal 1 0 0
    outer loop
      vertex 32 -4 38
      vertex 32 -9 34
      vertex 32 -7 34
    endloop
  endfacet
  facet normal 1 0 0
    outer loop
      vertex 32 -12 30
      vertex 32 -7 34
      vertex 32 -9 34
    endloop
  endfacet
  facet normal 1 0 0
    outer loop
      vertex 32 -38 39
      vertex 32 -28 38
      vertex 32 25.299999999999997 42
    endloop
  endfacet
  facet normal 1 0 0
    outer loop
      vertex 32 -38 42
      vertex 32 -38 39
      vertex 32 25.299999999999997 42
    endloop
  endfacet
  facet normal 0 0 1
    outer loop
      vertex 32 -38 42
      vertex 30 25.299999999999997 42
      vertex 30 -50 42
    endloop
  endfacet
  facet normal 1 0 0
    outer loop
      vertex 32 -17 34
      vertex 32 -15 34
      vertex 32 -12 38
    endloop
  endfacet
  facet normal 1 0 0
    outer loop
      vertex 32 -17 34
      vertex 32 -12 38
      vertex 32 -20 38
    endloop
  endfacet
  facet normal 1 0 0
    outer loop
      vertex 32 -20 30
      vertex 32 -15 34
      vertex 32 -17 34
    endloop
  endfacet
  facet normal 1 0 0
    outer loop
      vertex 32 -20 38
      vertex 32 -25 34
      vertex 32 -23 34
    endloop
  endfacet
  facet normal 1 0 0
    outer loop
      vertex 32 -20 38
      vertex 32 -28 38
      vertex 32 -25 34
    endloop
  endfacet
  facet normal 1 0 0
    outer loop
      vertex 32 -28 30
      vertex 32 -23 34
      vertex 32 -25 34
    endloop
  endfacet
  facet normal 1 0 0
    outer loop
      vertex 32 4 30
      vertex 32 -4 30
      vertex 32 -4 28
    endloop
  endfacet
  facet normal 1 0 0
    outer loop
      vertex 32 4 28
      vertex 32 -4 28
      vertex 32 -1 24
    endloop
  endfacet
  facet normal 1 0 0
    outer loop
      vertex 32 -4 30
      vertex 32 -9 24
      vertex 32 -4 28
    endloop
  endfacet
  facet normal 1 0 0
    outer loop
      vertex 32 -7 34
      vertex 32 -12 30
      vertex 32 -4 30
    endloop
  endfacet
  facet normal 1 0 0
    outer loop
      vertex 32 -4 30
      vertex 32 -12 30
      vertex 32 -12 28
    endloop
  endfacet
  facet normal 1 0 0
    outer loop
      vertex 32 -4 30
      vertex 32 -12 28
      vertex 32 -9 24
    endloop
  endfacet
  facet normal 1 0 0
    outer loop
      vertex 32 -4 28
      vertex 32 -9 24
      vertex 32 -7 24
    endloop
  endfacet
  facet normal 1 0 0
    outer loop
      vertex 32 -12 20
      vertex 32 -7 24
      vertex 32 -9 24
    endloop
  endfacet
  facet normal 1 0 0
    outer loop
      vertex 32 -7 24
      vertex 32 -12 20
      vertex 32 -4 20
    endloop
  endfacet
  facet normal 1 0 0
    outer loop
      vertex 32 -15 34
      vertex 32 -20 30
      vertex 32 -12 30
    endloop
  endfacet
  facet normal 1 0 0
    outer loop
      vertex 32 -12 30
      vertex 32 -20 30
      vertex 32 -20 28
    endloop
  endfacet
  facet normal 1 0 0
    outer loop
      vertex 32 -12 30
      vertex 32 -20 28
      vertex 32 -12 28
    endloop
  endfacet
  facet normal 1 0 0
    outer loop
      vertex 32 -17 24
      vertex 32 -12 28
      vertex 32 -20 28
    endloop
  endfacet
  facet normal 1 0 0
    outer loop
      vertex 32 -28 30
      vertex 32 -20 28
      vertex 32 -20 30
    endloop
  endfacet
  facet normal 1 0 0
    outer loop
      vertex 32 -28 30
      vertex 32 -20 30
      vertex 32 -23 34
    endloop
  endfacet
  facet normal 1 0 0
    outer loop
      vertex 32 -20 28
      vertex 32 -28 28
      vertex 32 -23 24
    endloop
  endfacet
  facet normal 1 0 0
    outer loop
      vertex 32 -12 28
      vertex 32 -17 24
      vertex 32 -15 24
    endloop
  endfacet
  facet normal 1 0 0
    outer loop
      vertex 32 -12 20
      vertex 32 -15 24
      vertex 32 -20 20
    endloop
  endfacet
  facet normal 1 0 0
    outer loop
      vertex 32 -15 24
      vertex 32 -17 24
      vertex 32 -20 20
    endloop
  endfacet
  facet normal 1 0 0
    outer loop
      vertex 32 -28 28
      vertex 32 -25 24
      vertex 32 -23 24
    endloop
  endfacet
  facet normal 1 0 0
    outer loop
      vertex 32 -25 24
      vertex 32 -20 20
      vertex 32 -23 24
    endloop
  endfacet
  facet normal 0 -1 0
    outer loop
      vertex 31.95 -52 42
      vertex 16 -52 38
      vertex 19 -52 34
    endloop
  endfacet
  facet normal 0 -1 0
    outer loop
      vertex 31.95 -52 42
      vertex 16 -52 30
      vertex 31.95 -52 39
    endloop
  endfacet
  facet normal 0 -1 0
    outer loop
      vertex 31.95 -52 42
      vertex 19 -52 34
      vertex 16 -52 30
    endloop
  endfacet
  facet normal 0 -1 0
    outer loop
      vertex 31.95 -52 39
      vertex 16 -52 30
      vertex 9.855686695278969 -52 25.525751072961373
    endloop
  endfacet
  facet normal 0 -1 0
    outer loop
      vertex 31.95 -52 39
      vertex 16 -52 28
      vertex 31.95 -52 33
    endloop
  endfacet
  facet normal 1 0 0
    outer loop
      vertex 32 -38 39
      vertex 32 -36 38
      vertex 32 -28 38
    endloop
  endfacet
  facet normal 1 0 0
    outer loop
      vertex 32 -38 39
      vertex 32 -38 35.333333333333336
      vertex 32 -36 38
    endloop
  endfacet
  facet normal 1 0 0
    outer loop
      vertex 32 -28 38
      vertex 32 -36 38
      vertex 32 -33 34
    endloop
  endfacet
  facet normal 1 0 0
    outer loop
      vertex 32 -28 38
      vertex 32 -33 34
      vertex 32 -31 34
    endloop
  endfacet
  facet normal 1 0 0
    outer loop
      vertex 32 -31 34
      vertex 32 -33 34
      vertex 32 -36 30
    endloop
  endfacet
  facet normal 0 0 1
    outer loop
      vertex 32 -38 42
      vertex 30 -50 42
      vertex 32 -38.11570247933884 42
    endloop
  endfacet
  facet normal 0 0 1
    outer loop
      vertex 32 -38.11570247933884 42
      vertex 30 -50 42
      vertex 31.95 -51.95 42
    endloop
  endfacet
  facet normal 0 0 1
    outer loop
      vertex 30 -50 42
      vertex 31.95 -52 42
      vertex 31.95 -51.95 42
    endloop
  endfacet
  facet normal 1 0 0
    outer loop
      vertex 32 -40 39
      vertex 32 -50 39
      vertex 32 -50 33
    endloop
  endfacet
  facet normal 1 0 0
    outer loop
      vertex 32 -40 39
      vertex 32 -50 33
      vertex 32 -40 33
    endloop
  endfacet
  facet normal 0 -1 0
    outer loop
      vertex 31.95 -52 39
      vertex 9.855686695278969 -52 25.525751072961373
      vertex 16 -52 28
    endloop
  endfacet
  facet normal 0 -1 0
    outer loop
      vertex 31.95 -52 33
      vertex 16 -52 28
      vertex 19 -52 24
    endloop
  endfacet
  facet normal 0 -1 0
    outer loop
      vertex 31.95 -52 33
      vertex 19 -52 24
      vertex 19 -52 14
    endloop
  endfacet
  facet normal 1 0 0
    outer loop
      vertex 32 -36 30
      vertex 32 -20 28
      vertex 32 -28 30
    endloop
  endfacet
  facet normal 1 0 0
    outer loop
      vertex 32 -31 34
      vertex 32 -36 30
      vertex 32 -28 30
    endloop
  endfacet
  facet normal 1 0 0
    outer loop
      vertex 32 -36 30
      vertex 32 -28 28
      vertex 32 -20 28
    endloop
  endfacet
  facet normal 1 0 0
    outer loop
      vertex 32 -36 28
      vertex 32 -33 24
      vertex 32 -28 28
    endloop
  endfacet
  facet normal 1 0 0
    outer loop
      vertex 32 -38.25 33
      vertex 32 -39 24
      vertex 32 -36 30
    endloop
  endfacet
  facet normal 1 0 0
    outer loop
      vertex 32 -36 30
      vertex 32 -36 28
      vertex 32 -28 28
    endloop
  endfacet
  facet normal 1 0 0
    outer loop
      vertex 32 -36 30
      vertex 32 -39 24
      vertex 32 -36 28
    endloop
  endfacet
  facet normal 1 0 0
    outer loop
      vertex 32 -28 28
      vertex 32 -33 24
      vertex 32 -31 24
    endloop
  endfacet
  facet normal 1 0 0
    outer loop
      vertex 32 -31 24
      vertex 32 -36 20
      vertex 32 -28 20
    endloop
  endfacet
  facet normal 1 0 0
    outer loop
      vertex 32 -33 24
      vertex 32 -36 20
      vertex 32 -31 24
    endloop
  endfacet
  facet normal 1 0 0
    outer loop
      vertex 32 -40 33
      vertex 32 -52 0
      vertex 32 -38.25 33
    endloop
  endfacet
  facet normal 1 0 0
    outer loop
      vertex 32 -40 33
      vertex 32 -50 33
      vertex 32 -52 0
    endloop
  endfacet
  facet normal 1 0 0
    outer loop
      vertex 32 -50 33
      vertex 32 -52 33
      vertex 32 -52 0
    endloop
  endfacet
  facet normal 0 -1 0
    outer loop
      vertex 31.95 -52 33
      vertex 32 -52 0
      vertex 32 -52 33
    endloop
  endfacet
  facet normal 0 0 -1
    outer loop
      vertex -32 -52 0
      vertex 32 52 0
      vertex 32 -52 0
    endloop
  endfacet
  facet normal 0 -1 0
    outer loop
      vertex 5.738733905579398 -52 23.01502145922747
      vertex 0 -52 18
      vertex 3 -52 14
    endloop
  endfacet
  facet normal 0 -1 0
    outer loop
      vertex 5.738733905579398 -52 23.01502145922747
      vertex 3 -52 14
      vertex 8 -52 20
    endloop
  endfacet
  facet normal 0 -1 0
    outer loop
      vertex 8 -52 20
      vertex 3 -52 14
      vertex 8 -52 18
    endloop
  endfacet
  facet normal 0 -1 0
    outer loop
      vertex 3 -52 14
      vertex 0 -52 10
      vertex 5 -52 14
    endloop
  endfacet
  facet normal 0 -1 0
    outer loop
      vertex 0 -52 10
      vertex 8 -52 10
      vertex 5 -52 14
    endloop
  endfacet
  facet normal 0 -1 0
    outer loop
      vertex 8 -52 18
      vertex 3 -52 14
      vertex 5 -52 14
    endloop
  endfacet
  facet normal 0 -1 0
    outer loop
      vertex 8 -52 20
      vertex 8 -52 18
      vertex 16 -52 20
    endloop
  endfacet
  facet normal 0 -1 0
    outer loop
      vertex 16 -52 20
      vertex 8 -52 18
      vertex 16 -52 18
    endloop
  endfacet
  facet normal 0 -1 0
    outer loop
      vertex 8 -52 18
      vertex 11 -52 14
      vertex 16 -52 18
    endloop
  endfacet
  facet normal 0 -1 0
    outer loop
      vertex 16 -52 20
      vertex 19 -52 14
      vertex 19 -52 24
    endloop
  endfacet
  facet normal 0 -1 0
    outer loop
      vertex 16 -52 20
      vertex 16 -52 18
      vertex 19 -52 14
    endloop
  endfacet
  facet normal 0 -1 0
    outer loop
      vertex 11 -52 14
      vertex 13 -52 14
      vertex 16 -52 18
    endloop
  endfacet
  facet normal 0 -1 0
    outer loop
      vertex 8 -52 10
      vertex 13 -52 14
      vertex 11 -52 14
    endloop
  endfacet
  facet normal 0 -1 0
    outer loop
      vertex 8 -52 10
      vertex 16 -52 10
      vertex 13 -52 14
    endloop
  endfacet
  facet normal 0 -1 0
    outer loop
      vertex -32 -52 0
      vertex 32 -52 0
      vertex 8 -52 10
    endloop
  endfacet
  facet normal 0 -1 0
    outer loop
      vertex 32 -52 0
      vertex 16 -52 10
      vertex 8 -52 10
    endloop
  endfacet
  facet normal 1 0 0
    outer loop
      vertex 32 -4 20
      vertex 32 4 18
      vertex 32 -1 24
    endloop
  endfacet
  facet normal 1 0 0
    outer loop
      vertex 32 1 14
      vertex 32 -4 20
      vertex 32 -4 18
    endloop
  endfacet
  facet normal 1 0 0
    outer loop
      vertex 32 -4 20
      vertex 32 -12 18
      vertex 32 -4 18
    endloop
  endfacet
  facet normal 1 0 0
    outer loop
      vertex 32 -4 20
      vertex 32 -12 20
      vertex 32 -12 18
    endloop
  endfacet
  facet normal 1 0 0
    outer loop
      vertex 32 -4 18
      vertex 32 -12 18
      vertex 32 -9 14
    endloop
  endfacet
  facet normal 1 0 0
    outer loop
      vertex 32 1 14
      vertex 32 -4 18
      vertex 32 -1 14
    endloop
  endfacet
  facet normal 1 0 0
    outer loop
      vertex 32 1 14
      vertex 32 -1 14
      vertex 32 -4 10
    endloop
  endfacet
  facet normal 1 0 0
    outer loop
      vertex 32 -4 18
      vertex 32 -9 14
      vertex 32 -7 14
    endloop
  endfacet
  facet normal 1 0 0
    outer loop
      vertex 32 -7 14
      vertex 32 -9 14
      vertex 32 -12 10
    endloop
  endfacet
  facet normal 1 0 0
    outer loop
      vertex 32 -7 14
      vertex 32 -12 10
      vertex 32 -4 10
    endloop
  endfacet
  facet normal 1 0 0
    outer loop
      vertex 32 -12 20
      vertex 32 -20 18
      vertex 32 -12 18
    endloop
  endfacet
  facet normal 1 0 0
    outer loop
      vertex 32 -12 20
      vertex 32 -20 20
      vertex 32 -20 18
    endloop
  endfacet
  facet normal 1 0 0
    outer loop
      vertex 32 -20 18
      vertex 32 -17 14
      vertex 32 -12 18
    endloop
  endfacet
  facet normal 1 0 0
    outer loop
      vertex 32 -25 24
      vertex 32 -20 18
      vertex 32 -20 20
    endloop
  endfacet
  facet normal 1 0 0
    outer loop
      vertex 32 -25 24
      vertex 32 -28 20
      vertex 32 -20 18
    endloop
  endfacet
  facet normal 1 0 0
    outer loop
      vertex 32 -20 18
      vertex 32 -28 20
      vertex 32 -28 18
    endloop
  endfacet
  facet normal 1 0 0
    outer loop
      vertex 32 -20 18
      vertex 32 -28 18
      vertex 32 -25 14
    endloop
  endfacet
  facet normal 1 0 0
    outer loop
      vertex 32 -12 18
      vertex 32 -17 14
      vertex 32 -15 14
    endloop
  endfacet
  facet normal 1 0 0
    outer loop
      vertex 32 -12 10
      vertex 32 -15 14
      vertex 32 -20 10
    endloop
  endfacet
  facet normal 1 0 0
    outer loop
      vertex 32 -15 14
      vertex 32 -17 14
      vertex 32 -20 10
    endloop
  endfacet
  facet normal 1 0 0
    outer loop
      vertex 32 -20 18
      vertex 32 -25 14
      vertex 32 -23 14
    endloop
  endfacet
  facet normal 1 0 0
    outer loop
      vertex 32 -23 14
      vertex 32 -25 14
      vertex 32 -28 10
    endloop
  endfacet
  facet normal 1 0 0
    outer loop
      vertex 32 -23 14
      vertex 32 -28 10
      vertex 32 -20 10
    endloop
  endfacet
  facet normal 1 0 0
    outer loop
      vertex 32 52 0
      vertex 32 -12 10
      vertex 32 -52 0
    endloop
  endfacet
  facet normal 0 -1 0
    outer loop
      vertex 31.95 -52 33
      vertex 19 -52 14
      vertex 32 -52 0
    endloop
  endfacet
  facet normal 1 0 0
    outer loop
      vertex 32 -28 20
      vertex 32 -36 18
      vertex 32 -28 18
    endloop
  endfacet
  facet normal 1 0 0
    outer loop
      vertex 32 -28 18
      vertex 32 -36 18
      vertex 32 -33 14
    endloop
  endfacet
  facet normal 1 0 0
    outer loop
      vertex 32 -28 20
      vertex 32 -36 20
      vertex 32 -36 18
    endloop
  endfacet
  facet normal 1 0 0
    outer loop
      vertex 32 -39 24
      vertex 32 -36 18
      vertex 32 -36 20
    endloop
  endfacet
  facet normal 1 0 0
    outer loop
      vertex 32 -39 24
      vertex 32 -39 14
      vertex 32 -36 18
    endloop
  endfacet
  facet normal 1 0 0
    outer loop
      vertex 32 -28 18
      vertex 32 -33 14
      vertex 32 -31 14
    endloop
  endfacet
  facet normal 1 0 0
    outer loop
      vertex 32 -31 14
      vertex 32 -36 10
      vertex 32 -28 10
    endloop
  endfacet
  facet normal 1 0 0
    outer loop
      vertex 32 -31 14
      vertex 32 -33 14
      vertex 32 -36 10
    endloop
  endfacet
  facet normal 1 0 0
    outer loop
      vertex 32 -52 0
      vertex 32 -39 24
      vertex 32 -38.25 33
    endloop
  endfacet
  facet normal 1 0 0
    outer loop
      vertex 32 -52 0
      vertex 32 -39 14
      vertex 32 -39 24
    endloop
  endfacet
  facet normal 0 -1 0
    outer loop
      vertex 32 -52 0
      vertex 19 -52 14
      vertex 16 -52 10
    endloop
  endfacet
  facet normal 1 0 0
    outer loop
      vertex 32 -52 0
      vertex 32 -12 10
      vertex 32 -20 10
    endloop
  endfacet
  facet normal 1 0 0
    outer loop
      vertex 32 -52 0
      vertex 32 -20 10
      vertex 32 -28 10
    endloop
  endfacet
  facet normal 1 0 0
    outer loop
      vertex 32 -52 0
      vertex 32 -28 10
      vertex 32 -36 10
    endloop
  endfacet
  facet normal 1 0 0
    outer loop
      vertex 32 -52 0
      vertex 32 -36 10
      vertex 32 -39 14
    endloop
  endfacet
  facet normal 1 0 0
    outer loop
      vertex -30 50 42
      vertex -30 36 38
      vertex -30 39 34
    endloop
  endfacet
  facet normal 1 0 0
    outer loop
      vertex -30 50 42
      vertex -30 39 34
      vertex -30 39 24
    endloop
  endfacet
  facet normal 1 0 0
    outer loop
      vertex -30 50 42
      vertex -30 28 38
      vertex -30 36 38
    endloop
  endfacet
  facet normal 1 0 0
    outer loop
      vertex -30 50 42
      vertex -30 20 38
      vertex -30 28 38
    endloop
  endfacet
  facet normal 1 0 0
    outer loop
      vertex -30 36 38
      vertex -30 31 34
      vertex -30 33 34
    endloop
  endfacet
  facet normal 1 0 0
    outer loop
      vertex -30 36 38
      vertex -30 28 38
      vertex -30 31 34
    endloop
  endfacet
  facet normal 1 0 0
    outer loop
      vertex -30 33 34
      vertex -30 31 34
      vertex -30 28 30
    endloop
  endfacet
  facet normal 0 -1 0
    outer loop
      vertex -30 50 42
      vertex -16 50 28
      vertex -12 50 30
    endloop
  endfacet
  facet normal 1 0 0
    outer loop
      vertex -30 50 42
      vertex -30 39 24
      vertex -30 50 2
    endloop
  endfacet
  facet normal 1 0 0
    outer loop
      vertex -30 39 34
      vertex -30 36 30
      vertex -30 39 24
    endloop
  endfacet
  facet normal 1 0 0
    outer loop
      vertex -30 36 30
      vertex -30 36 28
      vertex -30 39 24
    endloop
  endfacet
  facet normal 1 0 0
    outer loop
      vertex -30 36 30
      vertex -30 28 28
      vertex -30 36 28
    endloop
  endfacet
  facet normal 1 0 0
    outer loop
      vertex -30 33 34
      vertex -30 28 30
      vertex -30 36 30
    endloop
  endfacet
  facet normal 1 0 0
    outer loop
      vertex -30 36 30
      vertex -30 28 30
      vertex -30 28 28
    endloop
  endfacet
  facet normal 1 0 0
    outer loop
      vertex -30 28 28
      vertex -30 31 24
      vertex -30 36 28
    endloop
  endfacet
  facet normal 1 0 0
    outer loop
      vertex -30 36 28
      vertex -30 31 24
      vertex -30 33 24
    endloop
  endfacet
  facet normal 1 0 0
    outer loop
      vertex -30 31 24
      vertex -30 28 20
      vertex -30 33 24
    endloop
  endfacet
  facet normal 1 0 0
    outer loop
      vertex -30 33 24
      vertex -30 28 20
      vertex -30 36 20
    endloop
  endfacet
  facet normal 0 -1 0
    outer loop
      vertex -30 50 42
      vertex -19 50 24
      vertex -16 50 28
    endloop
  endfacet
  facet normal 0 -1 0
    outer loop
      vertex -30 50 42
      vertex -16 50 18
      vertex -19 50 24
    endloop
  endfacet
  facet normal 0 -1 0
    outer loop
      vertex -30 50 42
      vertex -19 50 14
      vertex -16 50 18
    endloop
  endfacet
  facet normal 1 0 0
    outer loop
      vertex -30 20 38
      vertex -30 23 34
      vertex -30 28 38
    endloop
  endfacet
  facet normal 1 0 0
    outer loop
      vertex -30 28 38
      vertex -30 23 34
      vertex -30 25 34
    endloop
  endfacet
  facet normal 1 0 0
    outer loop
      vertex -30 25 34
      vertex -30 23 34
      vertex -30 20 30
    endloop
  endfacet
  facet normal 1 0 0
    outer loop
      vertex -30 20 38
      vertex -30 15 34
      vertex -30 17 34
    endloop
  endfacet
  facet normal 1 0 0
    outer loop
      vertex -30 20 38
      vertex -30 12 38
      vertex -30 15 34
    endloop
  endfacet
  facet normal 1 0 0
    outer loop
      vertex -30 17 34
      vertex -30 15 34
      vertex -30 12 30
    endloop
  endfacet
  facet normal 1 0 0
    outer loop
      vertex -30 50 42
      vertex -30 -50 42
      vertex -30 20 38
    endloop
  endfacet
  facet normal 1 0 0
    outer loop
      vertex -30 12 38
      vertex -30 4 38
      vertex -30 7 34
    endloop
  endfacet
  facet normal 1 0 0
    outer loop
      vertex -30 12 38
      vertex -30 7 34
      vertex -30 9 34
    endloop
  endfacet
  facet normal 1 0 0
    outer loop
      vertex -30 9 34
      vertex -30 7 34
      vertex -30 4 30
    endloop
  endfacet
  facet normal 1 0 0
    outer loop
      vertex -30 4 38
      vertex -30 -1 34
      vertex -30 1 34
    endloop
  endfacet
  facet normal 1 0 0
    outer loop
      vertex -30 25 34
      vertex -30 20 30
      vertex -30 28 30
    endloop
  endfacet
  facet normal 1 0 0
    outer loop
      vertex -30 20 30
      vertex -30 20 28
      vertex -30 28 30
    endloop
  endfacet
  facet normal 1 0 0
    outer loop
      vertex -30 28 30
      vertex -30 20 28
      vertex -30 28 28
    endloop
  endfacet
  facet normal 1 0 0
    outer loop
      vertex -30 20 28
      vertex -30 23 24
      vertex -30 28 28
    endloop
  endfacet
  facet normal 1 0 0
    outer loop
      vertex -30 20 30
      vertex -30 17 34
      vertex -30 15 24
    endloop
  endfacet
  facet normal 1 0 0
    outer loop
      vertex -30 17 34
      vertex -30 12 30
      vertex -30 12 28
    endloop
  endfacet
  facet normal 1 0 0
    outer loop
      vertex -30 20 30
      vertex -30 15 24
      vertex -30 20 28
    endloop
  endfacet
  facet normal 1 0 0
    outer loop
      vertex -30 15 24
      vertex -30 17 34
      vertex -30 12 28
    endloop
  endfacet
  facet normal 1 0 0
    outer loop
      vertex -30 28 28
      vertex -30 23 24
      vertex -30 25 24
    endloop
  endfacet
  facet normal 1 0 0
    outer loop
      vertex -30 28 20
      vertex -30 25 24
      vertex -30 20 20
    endloop
  endfacet
  facet normal 1 0 0
    outer loop
      vertex -30 25 24
      vertex -30 23 24
      vertex -30 20 20
    endloop
  endfacet
  facet normal 1 0 0
    outer loop
      vertex -30 20 28
      vertex -30 15 24
      vertex -30 17 24
    endloop
  endfacet
  facet normal 1 0 0
    outer loop
      vertex -30 17 24
      vertex -30 12 20
      vertex -30 20 20
    endloop
  endfacet
  facet normal 1 0 0
    outer loop
      vertex -30 15 24
      vertex -30 12 20
      vertex -30 17 24
    endloop
  endfacet
  facet normal 1 0 0
    outer loop
      vertex -30 9 34
      vertex -30 4 30
      vertex -30 12 30
    endloop
  endfacet
  facet normal 1 0 0
    outer loop
      vertex -30 12 30
      vertex -30 4 30
      vertex -30 4 28
    endloop
  endfacet
  facet normal 1 0 0
    outer loop
      vertex -30 12 30
      vertex -30 4 28
      vertex -30 12 28
    endloop
  endfacet
  facet normal 1 0 0
    outer loop
      vertex -30 7 24
      vertex -30 12 28
      vertex -30 4 28
    endloop
  endfacet
  facet normal 1 0 0
    outer loop
      vertex -30 1 34
      vertex -30 -4 30
      vertex -30 4 30
    endloop
  endfacet
  facet normal 1 0 0
    outer loop
      vertex -30 4 30
      vertex -30 -4 28
      vertex -30 4 28
    endloop
  endfacet
  facet normal 1 0 0
    outer loop
      vertex -30 7 24
      vertex -30 9 24
      vertex -30 12 28
    endloop
  endfacet
  facet normal 1 0 0
    outer loop
      vertex -30 7 24
      vertex -30 4 20
      vertex -30 9 24
    endloop
  endfacet
  facet normal 1 0 0
    outer loop
      vertex -30 9 24
      vertex -30 4 20
      vertex -30 12 20
    endloop
  endfacet
  facet normal 1 0 0
    outer loop
      vertex -30 4 28
      vertex -30 -1 24
      vertex -30 1 24
    endloop
  endfacet
  facet normal 1 0 0
    outer loop
      vertex -30 1 24
      vertex -30 -4 20
      vertex -30 4 20
    endloop
  endfacet
  facet normal 0 -1 0
    outer loop
      vertex -30 50 42
      vertex -12 50 30
      vertex -12 50 42
    endloop
  endfacet
  facet normal 0 -1 0
    outer loop
      vertex -16 50 28
      vertex -8 50 28
      vertex -12 50 30
    endloop
  endfacet
  facet normal 0 -1 0
    outer loop
      vertex -16 50 28
      vertex -13 50 24
      vertex -8 50 28
    endloop
  endfacet
  facet normal 0 -1 0
    outer loop
      vertex -13 50 24
      vertex -11 50 24
      vertex -8 50 28
    endloop
  endfacet
  facet normal 0 -1 0
    outer loop
      vertex -13 50 24
      vertex -16 50 20
      vertex -11 50 24
    endloop
  endfacet
  facet normal 0 -1 0
    outer loop
      vertex -16 50 20
      vertex -8 50 20
      vertex -11 50 24
    endloop
  endfacet
  facet normal 0 -1 0
    outer loop
      vertex -8 50 28
      vertex 0 50 28
      vertex -12 50 30
    endloop
  endfacet
  facet normal 0 -1 0
    outer loop
      vertex -8 50 28
      vertex -5 50 24
      vertex 0 50 28
    endloop
  endfacet
  facet normal 0 -1 0
    outer loop
      vertex -5 50 24
      vertex -8 50 20
      vertex -3 50 24
    endloop
  endfacet
  facet normal 0 -1 0
    outer loop
      vertex 0 50 28
      vertex -5 50 24
      vertex -3 50 24
    endloop
  endfacet
  facet normal 1 0 0
    outer loop
      vertex -30 50 2
      vertex -30 39 24
      vertex -30 39 14
    endloop
  endfacet
  facet normal 1 0 0
    outer loop
      vertex -30 39 24
      vertex -30 36 20
      vertex -30 39 14
    endloop
  endfacet
  facet normal 1 0 0
    outer loop
      vertex -30 36 20
      vertex -30 28 18
      vertex -30 36 18
    endloop
  endfacet
  facet normal 1 0 0
    outer loop
      vertex -30 36 20
      vertex -30 36 18
      vertex -30 39 14
    endloop
  endfacet
  facet normal 1 0 0
    outer loop
      vertex -30 36 20
      vertex -30 28 20
      vertex -30 28 18
    endloop
  endfacet
  facet normal 1 0 0
    outer loop
      vertex -30 36 18
      vertex -30 28 18
      vertex -30 31 14
    endloop
  endfacet
  facet normal 1 0 0
    outer loop
      vertex -30 36 18
      vertex -30 31 14
      vertex -30 33 14
    endloop
  endfacet
  facet normal 1 0 0
    outer loop
      vertex -30 33 14
      vertex -30 31 14
      vertex -30 28 10
    endloop
  endfacet
  facet normal 1 0 0
    outer loop
      vertex -30 33 14
      vertex -30 28 10
      vertex -30 36 10
    endloop
  endfacet
  facet normal 0 -1 0
    outer loop
      vertex -30 50 42
      vertex -30 50 2
      vertex -19 50 14
    endloop
  endfacet
  facet normal 1 0 0
    outer loop
      vertex -30 50 2
      vertex -30 39 14
      vertex -30 36 10
    endloop
  endfacet
  facet normal 1 0 0
    outer loop
      vertex -30 50 2
      vertex -30 36 10
      vertex -30 28 10
    endloop
  endfacet
  facet normal 1 0 0
    outer loop
      vertex -30 50 2
      vertex -30 28 10
      vertex -30 20 10
    endloop
  endfacet
  facet normal 1 0 0
    outer loop
      vertex -30 50 2
      vertex -30 20 10
      vertex -30 12 10
    endloop
  endfacet
  facet normal 0 -1 0
    outer loop
      vertex -30 50 2
      vertex -16 50 10
      vertex -19 50 14
    endloop
  endfacet
  facet normal 1 0 0
    outer loop
      vertex -30 28 20
      vertex -30 20 18
      vertex -30 28 18
    endloop
  endfacet
  facet normal 1 0 0
    outer loop
      vertex -30 28 20
      vertex -30 20 20
      vertex -30 20 18
    endloop
  endfacet
  facet normal 1 0 0
    outer loop
      vertex -30 20 18
      vertex -30 23 14
      vertex -30 28 18
    endloop
  endfacet
  facet normal 1 0 0
    outer loop
      vertex -30 20 20
      vertex -30 12 18
      vertex -30 20 18
    endloop
  endfacet
  facet normal 1 0 0
    outer loop
      vertex -30 20 20
      vertex -30 12 20
      vertex -30 12 18
    endloop
  endfacet
  facet normal 1 0 0
    outer loop
      vertex -30 20 18
      vertex -30 12 18
      vertex -30 15 14
    endloop
  endfacet
  facet normal 1 0 0
    outer loop
      vertex -30 28 18
      vertex -30 23 14
      vertex -30 25 14
    endloop
  endfacet
  facet normal 1 0 0
    outer loop
      vertex -30 28 10
      vertex -30 25 14
      vertex -30 20 10
    endloop
  endfacet
  facet normal 1 0 0
    outer loop
      vertex -30 25 14
      vertex -30 23 14
      vertex -30 20 10
    endloop
  endfacet
  facet normal 1 0 0
    outer loop
      vertex -30 20 18
      vertex -30 15 14
      vertex -30 17 14
    endloop
  endfacet
  facet normal 1 0 0
    outer loop
      vertex -30 17 14
      vertex -30 12 10
      vertex -30 20 10
    endloop
  endfacet
  facet normal 1 0 0
    outer loop
      vertex -30 17 14
      vertex -30 15 14
      vertex -30 12 10
    endloop
  endfacet
  facet normal 1 0 0
    outer loop
      vertex -30 12 20
      vertex -30 4 18
      vertex -30 12 18
    endloop
  endfacet
  facet normal 1 0 0
    outer loop
      vertex -30 12 20
      vertex -30 4 20
      vertex -30 4 18
    endloop
  endfacet
  facet normal 1 0 0
    outer loop
      vertex -30 12 18
      vertex -30 4 18
      vertex -30 7 14
    endloop
  endfacet
  facet normal 1 0 0
    outer loop
      vertex -30 4 20
      vertex -30 -4 18
      vertex -30 4 18
    endloop
  endfacet
  facet normal 1 0 0
    outer loop
      vertex -30 12 18
      vertex -30 7 14
      vertex -30 9 14
    endloop
  endfacet
  facet normal 1 0 0
    outer loop
      vertex -30 9 14
      vertex -30 7 14
      vertex -30 4 10
    endloop
  endfacet
  facet normal 1 0 0
    outer loop
      vertex -30 9 14
      vertex -30 4 10
      vertex -30 12 10
    endloop
  endfacet
  facet normal 1 0 0
    outer loop
      vertex -30 4 18
      vertex -30 -1 14
      vertex -30 1 14
    endloop
  endfacet
  facet normal 1 0 0
    outer loop
      vertex -30 1 14
      vertex -30 -4 10
      vertex -30 4 10
    endloop
  endfacet
  facet normal 1 0 0
    outer loop
      vertex -30 50 2
      vertex -30 12 10
      vertex -30 -50 2
    endloop
  endfacet
  facet normal 0 -1 0
    outer loop
      vertex -19 50 24
      vertex -16 50 18
      vertex -16 50 20
    endloop
  endfacet
  facet normal 0 -1 0
    outer loop
      vertex -16 50 20
      vertex -16 50 18
      vertex -8 50 18
    endloop
  endfacet
  facet normal 0 -1 0
    outer loop
      vertex -16 50 20
      vertex -8 50 18
      vertex -8 50 20
    endloop
  endfacet
  facet normal 0 -1 0
    outer loop
      vertex -8 50 18
      vertex -16 50 18
      vertex -13 50 14
    endloop
  endfacet
  facet normal 0 -1 0
    outer loop
      vertex -8 50 18
      vertex -13 50 14
      vertex -16 50 10
    endloop
  endfacet
  facet normal 0 -1 0
    outer loop
      vertex -8 50 18
      vertex -16 50 10
      vertex -11 50 14
    endloop
  endfacet
  facet normal 0 -1 0
    outer loop
      vertex -16 50 10
      vertex -8 50 10
      vertex -11 50 14
    endloop
  endfacet
  facet normal 0 -1 0
    outer loop
      vertex -3 50 24
      vertex -8 50 20
      vertex -8 50 18
    endloop
  endfacet
  facet normal 0 -1 0
    outer loop
      vertex -3 50 24
      vertex -8 50 18
      vertex -5 50 14
    endloop
  endfacet
  facet normal 0 -1 0
    outer loop
      vertex -3 50 24
      vertex -5 50 14
      vertex 0 50 20
    endloop
  endfacet
  facet normal 0 -1 0
    outer loop
      vertex 0 50 20
      vertex -5 50 14
      vertex 0 50 18
    endloop
  endfacet
  facet normal 0 -1 0
    outer loop
      vertex -5 50 14
      vertex -8 50 10
      vertex -3 50 14
    endloop
  endfacet
  facet normal 0 -1 0
    outer loop
      vertex 0 50 18
      vertex -5 50 14
      vertex -3 50 14
    endloop
  endfacet
  facet normal 0 -1 0
    outer loop
      vertex -8 50 10
      vertex 0 50 10
      vertex -3 50 14
    endloop
  endfacet
  facet normal 0 -1 0
    outer loop
      vertex -30 50 2
      vertex -8 50 10
      vertex -16 50 10
    endloop
  endfacet
  facet normal 0 -1 0
    outer loop
      vertex -30 50 2
      vertex 30 50 2
      vertex -8 50 10
    endloop
  endfacet
  facet normal 0 0 1
    outer loop
      vertex -30 50 2
      vertex -30 -50 2
      vertex 30 50 2
    endloop
  endfacet
  facet normal 1 0 0
    outer loop
      vertex -30 -50 42
      vertex -30 12 38
      vertex -30 20 38
    endloop
  endfacet
  facet normal 1 0 0
    outer loop
      vertex -30 -50 42
      vertex -30 4 38
      vertex -30 12 38
    endloop
  endfacet
  facet normal 1 0 0
    outer loop
      vertex -30 4 38
      vertex -30 -4 38
      vertex -30 -1 34
    endloop
  endfacet
  facet normal 1 0 0
    outer loop
      vertex -30 1 34
      vertex -30 -1 34
      vertex -30 -4 30
    endloop
  endfacet
  facet normal 1 0 0
    outer loop
      vertex -30 -4 38
      vertex -30 -12 38
      vertex -30 -9 34
    endloop
  endfacet
  facet normal 1 0 0
    outer loop
      vertex -30 -4 38
      vertex -30 -9 34
      vertex -30 -7 34
    endloop
  endfacet
  facet normal 1 0 0
    outer loop
      vertex -30 -7 34
      vertex -30 -9 34
      vertex -30 -12 30
    endloop
  endfacet
  facet normal 1 0 0
    outer loop
      vertex -30 -50 42
      vertex -30 -4 38
      vertex -30 4 38
    endloop
  endfacet
  facet normal 1 0 0
    outer loop
      vertex -30 -50 42
      vertex -30 -12 38
      vertex -30 -4 38
    endloop
  endfacet
  facet normal 1 0 0
    outer loop
      vertex -30 -12 38
      vertex -30 -17 34
      vertex -30 -15 34
    endloop
  endfacet
  facet normal 1 0 0
    outer loop
      vertex -30 -20 38
      vertex -30 -17 34
      vertex -30 -12 38
    endloop
  endfacet
  facet normal 1 0 0
    outer loop
      vertex -30 -15 34
      vertex -30 -17 34
      vertex -30 -20 30
    endloop
  endfacet
  facet normal 1 0 0
    outer loop
      vertex -30 -20 38
      vertex -30 -25 34
      vertex -30 -23 34
    endloop
  endfacet
  facet normal 1 0 0
    outer loop
      vertex -30 -20 38
      vertex -30 -28 38
      vertex -30 -25 34
    endloop
  endfacet
  facet normal 1 0 0
    outer loop
      vertex -30 -23 34
      vertex -30 -25 34
      vertex -30 -28 30
    endloop
  endfacet
  facet normal 1 0 0
    outer loop
      vertex -30 4 30
      vertex -30 -4 30
      vertex -30 -4 28
    endloop
  endfacet
  facet normal 1 0 0
    outer loop
      vertex -30 4 28
      vertex -30 -4 28
      vertex -30 -1 24
    endloop
  endfacet
  facet normal 1 0 0
    outer loop
      vertex -30 -4 30
      vertex -30 -9 24
      vertex -30 -4 28
    endloop
  endfacet
  facet normal 1 0 0
    outer loop
      vertex -30 -7 34
      vertex -30 -12 30
      vertex -30 -4 30
    endloop
  endfacet
  facet normal 1 0 0
    outer loop
      vertex -30 -4 30
      vertex -30 -12 30
      vertex -30 -12 28
    endloop
  endfacet
  facet normal 1 0 0
    outer loop
      vertex -30 -4 30
      vertex -30 -12 28
      vertex -30 -9 24
    endloop
  endfacet
  facet normal 1 0 0
    outer loop
      vertex -30 -4 20
      vertex -30 1 24
      vertex -30 -1 24
    endloop
  endfacet
  facet normal 1 0 0
    outer loop
      vertex -30 -4 28
      vertex -30 -9 24
      vertex -30 -7 24
    endloop
  endfacet
  facet normal 1 0 0
    outer loop
      vertex -30 -7 24
      vertex -30 -9 24
      vertex -30 -12 20
    endloop
  endfacet
  facet normal 1 0 0
    outer loop
      vertex -30 -12 30
      vertex -30 -15 34
      vertex -30 -20 30
    endloop
  endfacet
  facet normal 1 0 0
    outer loop
      vertex -30 -12 30
      vertex -30 -20 30
      vertex -30 -20 28
    endloop
  endfacet
  facet normal 1 0 0
    outer loop
      vertex -30 -12 30
      vertex -30 -20 28
      vertex -30 -12 28
    endloop
  endfacet
  facet normal 1 0 0
    outer loop
      vertex -30 -20 28
      vertex -30 -17 24
      vertex -30 -12 28
    endloop
  endfacet
  facet normal 1 0 0
    outer loop
      vertex -30 -23 34
      vertex -30 -28 30
      vertex -30 -20 30
    endloop
  endfacet
  facet normal 1 0 0
    outer loop
      vertex -30 -20 30
      vertex -30 -28 30
      vertex -30 -28 28
    endloop
  endfacet
  facet normal 1 0 0
    outer loop
      vertex -30 -20 30
      vertex -30 -28 28
      vertex -30 -20 28
    endloop
  endfacet
  facet normal 1 0 0
    outer loop
      vertex -30 -28 28
      vertex -30 -25 24
      vertex -30 -20 28
    endloop
  endfacet
  facet normal 1 0 0
    outer loop
      vertex -30 -12 28
      vertex -30 -17 24
      vertex -30 -15 24
    endloop
  endfacet
  facet normal 1 0 0
    outer loop
      vertex -30 -12 20
      vertex -30 -15 24
      vertex -30 -20 20
    endloop
  endfacet
  facet normal 1 0 0
    outer loop
      vertex -30 -15 24
      vertex -30 -17 24
      vertex -30 -20 20
    endloop
  endfacet
  facet normal 1 0 0
    outer loop
      vertex -30 -20 28
      vertex -30 -25 24
      vertex -30 -23 24
    endloop
  endfacet
  facet normal 1 0 0
    outer loop
      vertex -30 -25 24
      vertex -30 -28 20
      vertex -30 -23 24
    endloop
  endfacet
  facet normal 1 0 0
    outer loop
      vertex -30 -23 24
      vertex -30 -28 20
      vertex -30 -20 20
    endloop
  endfacet
  facet normal 1 0 0
    outer loop
      vertex -30 -50 42
      vertex -30 -20 38
      vertex -30 -12 38
    endloop
  endfacet
  facet normal 1 0 0
    outer loop
      vertex -30 -50 42
      vertex -30 -28 38
      vertex -30 -20 38
    endloop
  endfacet
  facet normal 1 0 0
    outer loop
      vertex -30 -50 42
      vertex -30 -36 38
      vertex -30 -28 38
    endloop
  endfacet
  facet normal 1 0 0
    outer loop
      vertex -30 -28 38
      vertex -30 -36 38
      vertex -30 -33 34
    endloop
  endfacet
  facet normal 1 0 0
    outer loop
      vertex -30 -28 38
      vertex -30 -33 34
      vertex -30 -31 34
    endloop
  endfacet
  facet normal 1 0 0
    outer loop
      vertex -30 -31 34
      vertex -30 -33 34
      vertex -30 -36 30
    endloop
  endfacet
  facet normal 1 0 0
    outer loop
      vertex -30 -50 42
      vertex -30 -39 34
      vertex -30 -36 38
    endloop
  endfacet
  facet normal 1 0 0
    outer loop
      vertex -30 -50 42
      vertex -30 -39 24
      vertex -30 -39 34
    endloop
  endfacet
  facet normal 0 1 0
    outer loop
      vertex -30 -50 42
      vertex -28.75 -50 42
      vertex -28.75 -50 16
    endloop
  endfacet
  facet normal 1 0 0
    outer loop
      vertex -30 -31 34
      vertex -30 -36 30
      vertex -30 -28 30
    endloop
  endfacet
  facet normal 1 0 0
    outer loop
      vertex -30 -28 30
      vertex -30 -36 28
      vertex -30 -28 28
    endloop
  endfacet
  facet normal 1 0 0
    outer loop
      vertex -30 -36 28
      vertex -30 -33 24
      vertex -30 -28 28
    endloop
  endfacet
  facet normal 1 0 0
    outer loop
      vertex -30 -28 30
      vertex -30 -36 30
      vertex -30 -36 28
    endloop
  endfacet
  facet normal 1 0 0
    outer loop
      vertex -30 -39 34
      vertex -30 -36 28
      vertex -30 -36 30
    endloop
  endfacet
  facet normal 1 0 0
    outer loop
      vertex -30 -39 34
      vertex -30 -39 24
      vertex -30 -36 28
    endloop
  endfacet
  facet normal 1 0 0
    outer loop
      vertex -30 -28 28
      vertex -30 -33 24
      vertex -30 -31 24
    endloop
  endfacet
  facet normal 1 0 0
    outer loop
      vertex -30 -31 24
      vertex -30 -36 20
      vertex -30 -28 20
    endloop
  endfacet
  facet normal 1 0 0
    outer loop
      vertex -30 -33 24
      vertex -30 -36 20
      vertex -30 -31 24
    endloop
  endfacet
  facet normal 1 0 0
    outer loop
      vertex -30 -50 42
      vertex -30 -50 2
      vertex -30 -39 24
    endloop
  endfacet
  facet normal 0 1 0
    outer loop
      vertex -6.75 -50 42
      vertex 0 -50 38
      vertex -3 -50 34
    endloop
  endfacet
  facet normal 0 1 0
    outer loop
      vertex -6.75 -50 26.5
      vertex -6.75 -50 42
      vertex -3 -50 34
    endloop
  endfacet
  facet normal 0 1 0
    outer loop
      vertex -6.75 -50 26.5
      vertex -3 -50 34
      vertex 0 -50 30
    endloop
  endfacet
  facet normal 0 1 0
    outer loop
      vertex -6.75 -50 26.5
      vertex 0 -50 30
      vertex 0 -50 28
    endloop
  endfacet
  facet normal 0 1 0
    outer loop
      vertex -6.75 -50 26.5
      vertex 0 -50 28
      vertex -3 -50 24
    endloop
  endfacet
  facet normal 0 1 0
    outer loop
      vertex -3 -50 24
      vertex 0 -50 20
      vertex -6.75 -50 26.5
    endloop
  endfacet
  facet normal 0 1 0
    outer loop
      vertex -6.75 -50 26.5
      vertex 0 -50 20
      vertex 0 -50 18
    endloop
  endfacet
  facet normal 1 0 0
    outer loop
      vertex -30 4 20
      vertex -30 -4 20
      vertex -30 -4 18
    endloop
  endfacet
  facet normal 1 0 0
    outer loop
      vertex -30 4 18
      vertex -30 -4 18
      vertex -30 -1 14
    endloop
  endfacet
  facet normal 1 0 0
    outer loop
      vertex -30 -4 20
      vertex -30 -9 14
      vertex -30 -4 18
    endloop
  endfacet
  facet normal 1 0 0
    outer loop
      vertex -30 -7 24
      vertex -30 -9 14
      vertex -30 -4 20
    endloop
  endfacet
  facet normal 1 0 0
    outer loop
      vertex -30 -7 24
      vertex -30 -12 18
      vertex -30 -9 14
    endloop
  endfacet
  facet normal 1 0 0
    outer loop
      vertex -30 -7 24
      vertex -30 -12 20
      vertex -30 -12 18
    endloop
  endfacet
  facet normal 1 0 0
    outer loop
      vertex -30 1 14
      vertex -30 -1 14
      vertex -30 -4 10
    endloop
  endfacet
  facet normal 1 0 0
    outer loop
      vertex -30 -4 18
      vertex -30 -9 14
      vertex -30 -7 14
    endloop
  endfacet
  facet normal 1 0 0
    outer loop
      vertex -30 -7 14
      vertex -30 -9 14
      vertex -30 -12 10
    endloop
  endfacet
  facet normal 1 0 0
    outer loop
      vertex -30 -7 14
      vertex -30 -12 10
      vertex -30 -4 10
    endloop
  endfacet
  facet normal 1 0 0
    outer loop
      vertex -30 -12 20
      vertex -30 -20 18
      vertex -30 -12 18
    endloop
  endfacet
  facet normal 1 0 0
    outer loop
      vertex -30 -12 20
      vertex -30 -20 20
      vertex -30 -20 18
    endloop
  endfacet
  facet normal 1 0 0
    outer loop
      vertex -30 -17 14
      vertex -30 -12 18
      vertex -30 -20 18
    endloop
  endfacet
  facet normal 1 0 0
    outer loop
      vertex -30 -20 20
      vertex -30 -28 18
      vertex -30 -20 18
    endloop
  endfacet
  facet normal 1 0 0
    outer loop
      vertex -30 -20 20
      vertex -30 -28 20
      vertex -30 -28 18
    endloop
  endfacet
  facet normal 1 0 0
    outer loop
      vertex -30 -20 18
      vertex -30 -28 18
      vertex -30 -25 14
    endloop
  endfacet
  facet normal 1 0 0
    outer loop
      vertex -30 -12 18
      vertex -30 -17 14
      vertex -30 -15 14
    endloop
  endfacet
  facet normal 1 0 0
    outer loop
      vertex -30 -12 10
      vertex -30 -15 14
      vertex -30 -20 10
    endloop
  endfacet
  facet normal 1 0 0
    outer loop
      vertex -30 -15 14
      vertex -30 -17 14
      vertex -30 -20 10
    endloop
  endfacet
  facet normal 1 0 0
    outer loop
      vertex -30 -20 18
      vertex -30 -25 14
      vertex -30 -23 14
    endloop
  endfacet
  facet normal 1 0 0
    outer loop
      vertex -30 -28 10
      vertex -30 -23 14
      vertex -30 -25 14
    endloop
  endfacet
  facet normal 1 0 0
    outer loop
      vertex -30 -28 10
      vertex -30 -20 10
      vertex -30 -23 14
    endloop
  endfacet
  facet normal 1 0 0
    outer loop
      vertex -30 -50 2
      vertex -30 12 10
      vertex -30 4 10
    endloop
  endfacet
  facet normal 1 0 0
    outer loop
      vertex -30 -50 2
      vertex -30 4 10
      vertex -30 -4 10
    endloop
  endfacet
  facet normal 1 0 0
    outer loop
      vertex -30 -50 2
      vertex -30 -4 10
      vertex -30 -12 10
    endloop
  endfacet
  facet normal 1 0 0
    outer loop
      vertex -30 -28 20
      vertex -30 -36 18
      vertex -30 -28 18
    endloop
  endfacet
  facet normal 1 0 0
    outer loop
      vertex -30 -28 18
      vertex -30 -36 18
      vertex -30 -33 14
    endloop
  endfacet
  facet normal 1 0 0
    outer loop
      vertex -30 -28 20
      vertex -30 -36 20
      vertex -30 -36 18
    endloop
  endfacet
  facet normal 1 0 0
    outer loop
      vertex -30 -39 24
      vertex -30 -36 18
      vertex -30 -36 20
    endloop
  endfacet
  facet normal 1 0 0
    outer loop
      vertex -30 -39 24
      vertex -30 -39 14
      vertex -30 -36 18
    endloop
  endfacet
  facet normal 1 0 0
    outer loop
      vertex -30 -28 18
      vertex -30 -33 14
      vertex -30 -31 14
    endloop
  endfacet
  facet normal 1 0 0
    outer loop
      vertex -30 -28 10
      vertex -30 -31 14
      vertex -30 -36 10
    endloop
  endfacet
  facet normal 1 0 0
    outer loop
      vertex -30 -31 14
      vertex -30 -33 14
      vertex -30 -36 10
    endloop
  endfacet
  facet normal 0 1 0
    outer loop
      vertex -30 -50 42
      vertex -28.75 -50 16
      vertex -30 -50 2
    endloop
  endfacet
  facet normal 1 0 0
    outer loop
      vertex -30 -50 2
      vertex -30 -39 14
      vertex -30 -39 24
    endloop
  endfacet
  facet normal 0 1 0
    outer loop
      vertex -30 -50 2
      vertex -28.75 -50 16
      vertex -6.75 -50 16
    endloop
  endfacet
  facet normal 1 0 0
    outer loop
      vertex -30 -50 2
      vertex -30 -12 10
      vertex -30 -20 10
    endloop
  endfacet
  facet normal 1 0 0
    outer loop
      vertex -30 -50 2
      vertex -30 -20 10
      vertex -30 -28 10
    endloop
  endfacet
  facet normal 1 0 0
    outer loop
      vertex -30 -50 2
      vertex -30 -28 10
      vertex -30 -36 10
    endloop
  endfacet
  facet normal 1 0 0
    outer loop
      vertex -30 -50 2
      vertex -30 -36 10
      vertex -30 -39 14
    endloop
  endfacet
  facet normal 0 1 0
    outer loop
      vertex -30 -50 2
      vertex -6.75 -50 16
      vertex -3 -50 14
    endloop
  endfacet
  facet normal 0 1 0
    outer loop
      vertex -6.75 -50 26.5
      vertex -3 -50 14
      vertex -6.75 -50 16
    endloop
  endfacet
  facet normal 0 1 0
    outer loop
      vertex -6.75 -50 26.5
      vertex 0 -50 18
      vertex -3 -50 14
    endloop
  endfacet
  facet normal 0 1 0
    outer loop
      vertex -30 -50 2
      vertex -3 -50 14
      vertex 0 -50 10
    endloop
  endfacet
  facet normal 0 1 0
    outer loop
      vertex -30 -50 2
      vertex 0 -50 10
      vertex 8 -50 10
    endloop
  endfacet
  facet normal 0 -1 0
    outer loop
      vertex 30 50 42
      vertex 12 50 42
      vertex 12 50 30
    endloop
  endfacet
  facet normal 0 -1 0
    outer loop
      vertex 12 50 30
      vertex -12 50 30
      vertex 0 50 28
    endloop
  endfacet
  facet normal 0 -1 0
    outer loop
      vertex 12 50 30
      vertex 0 50 28
      vertex 3 50 24
    endloop
  endfacet
  facet normal 0 -1 0
    outer loop
      vertex 12 50 30
      vertex 3 50 24
      vertex 8.3 50 27.2
    endloop
  endfacet
  facet normal 0 -1 0
    outer loop
      vertex 3 50 24
      vertex 0 50 20
      vertex 8.3 50 24.8
    endloop
  endfacet
  facet normal 0 -1 0
    outer loop
      vertex 3 50 24
      vertex 8.3 50 24.8
      vertex 8.3 50 27.2
    endloop
  endfacet
  facet normal 0 -1 0
    outer loop
      vertex 12 50 30
      vertex 8.3 50 27.2
      vertex 24.7 50 27.2
    endloop
  endfacet
  facet normal 0 -1 0
    outer loop
      vertex 16 50 18
      vertex 24.7 50 24.8
      vertex 8.3 50 24.8
    endloop
  endfacet
  facet normal 0 -1 0
    outer loop
      vertex 30 50 42
      vertex 12 50 30
      vertex 24.7 50 27.2
    endloop
  endfacet
  facet normal -1 0 0
    outer loop
      vertex 30 50 42
      vertex 30 37.3 18
      vertex 30 37.3 42
    endloop
  endfacet
  facet normal 0 -1 0
    outer loop
      vertex 30 50 42
      vertex 24.7 50 27.2
      vertex 24.7 50 24.8
    endloop
  endfacet
  facet normal 0 -1 0
    outer loop
      vertex 30 50 42
      vertex 24.7 50 24.8
      vertex 30 50 2
    endloop
  endfacet
  facet normal -1 0 0
    outer loop
      vertex 30 25.299999999999997 42
      vertex 30 23 34
      vertex 30 20 38
    endloop
  endfacet
  facet normal -1 0 0
    outer loop
      vertex 30 25.299999999999997 42
      vertex 30 20 38
      vertex 30 12 38
    endloop
  endfacet
  facet normal -1 0 0
    outer loop
      vertex 30 25.299999999999997 42
      vertex 30 12 38
      vertex 30 4 38
    endloop
  endfacet
  facet normal -1 0 0
    outer loop
      vertex 30 20 38
      vertex 30 17 34
      vertex 30 12 38
    endloop
  endfacet
  facet normal -1 0 0
    outer loop
      vertex 30 17 34
      vertex 30 15 34
      vertex 30 12 38
    endloop
  endfacet
  facet normal -1 0 0
    outer loop
      vertex 30 17 34
      vertex 30 20 30
      vertex 30 15 34
    endloop
  endfacet
  facet normal -1 0 0
    outer loop
      vertex 30 12 38
      vertex 30 9 34
      vertex 30 4 38
    endloop
  endfacet
  facet normal -1 0 0
    outer loop
      vertex 30 9 34
      vertex 30 7 34
      vertex 30 4 38
    endloop
  endfacet
  facet normal -1 0 0
    outer loop
      vertex 30 9 34
      vertex 30 12 30
      vertex 30 7 34
    endloop
  endfacet
  facet normal -1 0 0
    outer loop
      vertex 30 4 38
      vertex 30 1 34
      vertex 30 -4 38
    endloop
  endfacet
  facet normal -1 0 0
    outer loop
      vertex 30 1 34
      vertex 30 4 30
      vertex 30 -1 34
    endloop
  endfacet
  facet normal -1 0 0
    outer loop
      vertex 30 25.299999999999997 42
      vertex 30 25.299999999999997 18
      vertex 30 23 34
    endloop
  endfacet
  facet normal -1 0 0
    outer loop
      vertex 30 23 34
      vertex 30 20 28
      vertex 30 20 30
    endloop
  endfacet
  facet normal -1 0 0
    outer loop
      vertex 30 23 34
      vertex 30 23 24
      vertex 30 20 28
    endloop
  endfacet
  facet normal -1 0 0
    outer loop
      vertex 30 20 30
      vertex 30 20 28
      vertex 30 12 30
    endloop
  endfacet
  facet normal -1 0 0
    outer loop
      vertex 30 20 30
      vertex 30 12 30
      vertex 30 15 34
    endloop
  endfacet
  facet normal -1 0 0
    outer loop
      vertex 30 20 28
      vertex 30 17 24
      vertex 30 12 28
    endloop
  endfacet
  facet normal -1 0 0
    outer loop
      vertex 30 20 28
      vertex 30 12 28
      vertex 30 12 30
    endloop
  endfacet
  facet normal -1 0 0
    outer loop
      vertex 30 23 34
      vertex 30 25.299999999999997 18
      vertex 30 23 24
    endloop
  endfacet
  facet normal -1 0 0
    outer loop
      vertex 30 17 24
      vertex 30 15 24
      vertex 30 12 28
    endloop
  endfacet
  facet normal -1 0 0
    outer loop
      vertex 30 17 24
      vertex 30 12 20
      vertex 30 15 24
    endloop
  endfacet
  facet normal -1 0 0
    outer loop
      vertex 30 12 30
      vertex 30 4 30
      vertex 30 7 34
    endloop
  endfacet
  facet normal -1 0 0
    outer loop
      vertex 30 12 30
      vertex 30 12 28
      vertex 30 4 30
    endloop
  endfacet
  facet normal -1 0 0
    outer loop
      vertex 30 4 30
      vertex 30 12 28
      vertex 30 4 28
    endloop
  endfacet
  facet normal -1 0 0
    outer loop
      vertex 30 12 28
      vertex 30 9 24
      vertex 30 4 28
    endloop
  endfacet
  facet normal -1 0 0
    outer loop
      vertex 30 4 30
      vertex 30 4 28
      vertex 30 -4 30
    endloop
  endfacet
  facet normal -1 0 0
    outer loop
      vertex 30 4 28
      vertex 30 1 24
      vertex 30 -4 28
    endloop
  endfacet
  facet normal -1 0 0
    outer loop
      vertex 30 9 24
      vertex 30 7 24
      vertex 30 4 28
    endloop
  endfacet
  facet normal -1 0 0
    outer loop
      vertex 30 9 24
      vertex 30 12 20
      vertex 30 7 24
    endloop
  endfacet
  facet normal -1 0 0
    outer loop
      vertex 30 4 20
      vertex 30 -1 24
      vertex 30 1 24
    endloop
  endfacet
  facet normal 0 -1 0
    outer loop
      vertex 0 50 20
      vertex 0 50 18
      vertex 8 50 18
    endloop
  endfacet
  facet normal 0 -1 0
    outer loop
      vertex 0 50 18
      vertex 3 50 14
      vertex 8 50 18
    endloop
  endfacet
  facet normal 0 -1 0
    outer loop
      vertex 8.3 50 24.8
      vertex 0 50 20
      vertex 8 50 18
    endloop
  endfacet
  facet normal 0 -1 0
    outer loop
      vertex 3 50 14
      vertex 0 50 10
      vertex 5 50 14
    endloop
  endfacet
  facet normal 0 -1 0
    outer loop
      vertex 0 50 10
      vertex 8 50 10
      vertex 5 50 14
    endloop
  endfacet
  facet normal 0 -1 0
    outer loop
      vertex 3 50 14
      vertex 5 50 14
      vertex 8 50 18
    endloop
  endfacet
  facet normal 0 -1 0
    outer loop
      vertex 8.3 50 24.8
      vertex 8 50 18
      vertex 13 50 14
    endloop
  endfacet
  facet normal 0 -1 0
    outer loop
      vertex 16 50 18
      vertex 8.3 50 24.8
      vertex 13 50 14
    endloop
  endfacet
  facet normal 0 -1 0
    outer loop
      vertex 8 50 18
      vertex 11 50 14
      vertex 13 50 14
    endloop
  endfacet
  facet normal 0 -1 0
    outer loop
      vertex 8 50 10
      vertex 13 50 14
      vertex 11 50 14
    endloop
  endfacet
  facet normal 0 -1 0
    outer loop
      vertex 8 50 10
      vertex 16 50 10
      vertex 13 50 14
    endloop
  endfacet
  facet normal 0 -1 0
    outer loop
      vertex 30 50 2
      vertex 0 50 10
      vertex -8 50 10
    endloop
  endfacet
  facet normal 0 -1 0
    outer loop
      vertex 30 50 2
      vertex 8 50 10
      vertex 0 50 10
    endloop
  endfacet
  facet normal 0 -1 0
    outer loop
      vertex 30 50 2
      vertex 16 50 10
      vertex 8 50 10
    endloop
  endfacet
  facet normal 0 -1 0
    outer loop
      vertex 16 50 18
      vertex 19 50 14
      vertex 24.7 50 24.8
    endloop
  endfacet
  facet normal 0 -1 0
    outer loop
      vertex 30 50 2
      vertex 24.7 50 24.8
      vertex 19 50 14
    endloop
  endfacet
  facet normal -1 0 0
    outer loop
      vertex 30 50 42
      vertex 30 50 2
      vertex 30 37.3 18
    endloop
  endfacet
  facet normal -1 0 0
    outer loop
      vertex 30 37.3 18
      vertex 30 23 14
      vertex 30 25.299999999999997 18
    endloop
  endfacet
  facet normal -1 0 0
    outer loop
      vertex 30 50 2
      vertex 30 23 14
      vertex 30 37.3 18
    endloop
  endfacet
  facet normal 0 -1 0
    outer loop
      vertex 30 50 2
      vertex 19 50 14
      vertex 16 50 10
    endloop
  endfacet
  facet normal -1 0 0
    outer loop
      vertex 30 50 2
      vertex 30 20 10
      vertex 30 23 14
    endloop
  endfacet
  facet normal -1 0 0
    outer loop
      vertex 30 50 2
      vertex 30 12 10
      vertex 30 20 10
    endloop
  endfacet
  facet normal -1 0 0
    outer loop
      vertex 30 25.299999999999997 18
      vertex 30 20 20
      vertex 30 23 24
    endloop
  endfacet
  facet normal -1 0 0
    outer loop
      vertex 30 25.299999999999997 18
      vertex 30 20 18
      vertex 30 20 20
    endloop
  endfacet
  facet normal -1 0 0
    outer loop
      vertex 30 25.299999999999997 18
      vertex 30 23 14
      vertex 30 20 18
    endloop
  endfacet
  facet normal -1 0 0
    outer loop
      vertex 30 17 24
      vertex 30 20 20
      vertex 30 12 18
    endloop
  endfacet
  facet normal -1 0 0
    outer loop
      vertex 30 20 20
      vertex 30 20 18
      vertex 30 12 18
    endloop
  endfacet
  facet normal -1 0 0
    outer loop
      vertex 30 17 24
      vertex 30 12 18
      vertex 30 12 20
    endloop
  endfacet
  facet normal -1 0 0
    outer loop
      vertex 30 17 14
      vertex 30 12 18
      vertex 30 20 18
    endloop
  endfacet
  facet normal -1 0 0
    outer loop
      vertex 30 12 18
      vertex 30 17 14
      vertex 30 15 14
    endloop
  endfacet
  facet normal -1 0 0
    outer loop
      vertex 30 17 14
      vertex 30 20 10
      vertex 30 15 14
    endloop
  endfacet
  facet normal -1 0 0
    outer loop
      vertex 30 20 10
      vertex 30 12 10
      vertex 30 15 14
    endloop
  endfacet
  facet normal -1 0 0
    outer loop
      vertex 30 7 24
      vertex 30 12 20
      vertex 30 12 18
    endloop
  endfacet
  facet normal -1 0 0
    outer loop
      vertex 30 7 24
      vertex 30 12 18
      vertex 30 9 14
    endloop
  endfacet
  facet normal -1 0 0
    outer loop
      vertex 30 7 24
      vertex 30 9 14
      vertex 30 4 20
    endloop
  endfacet
  facet normal -1 0 0
    outer loop
      vertex 30 4 20
      vertex 30 4 18
      vertex 30 -4 20
    endloop
  endfacet
  facet normal -1 0 0
    outer loop
      vertex 30 4 20
      vertex 30 9 14
      vertex 30 4 18
    endloop
  endfacet
  facet normal -1 0 0
    outer loop
      vertex 30 4 18
      vertex 30 1 14
      vertex 30 -4 18
    endloop
  endfacet
  facet normal -1 0 0
    outer loop
      vertex 30 9 14
      vertex 30 7 14
      vertex 30 4 18
    endloop
  endfacet
  facet normal -1 0 0
    outer loop
      vertex 30 9 14
      vertex 30 12 10
      vertex 30 7 14
    endloop
  endfacet
  facet normal -1 0 0
    outer loop
      vertex 30 12 10
      vertex 30 4 10
      vertex 30 7 14
    endloop
  endfacet
  facet normal -1 0 0
    outer loop
      vertex 30 1 14
      vertex 30 4 10
      vertex 30 -1 14
    endloop
  endfacet
  facet normal -1 0 0
    outer loop
      vertex 30 50 2
      vertex 30 4 10
      vertex 30 12 10
    endloop
  endfacet
  facet normal -1 0 0
    outer loop
      vertex 30 50 2
      vertex 30 -4 10
      vertex 30 4 10
    endloop
  endfacet
  facet normal -1 0 0
    outer loop
      vertex 30 50 2
      vertex 30 -12 10
      vertex 30 -4 10
    endloop
  endfacet
  facet normal 0 1 0
    outer loop
      vertex -6.75 -50 42
      vertex 8 -50 38
      vertex 0 -50 38
    endloop
  endfacet
  facet normal 0 1 0
    outer loop
      vertex -6.75 -50 42
      vertex 16 -50 38
      vertex 8 -50 38
    endloop
  endfacet
  facet normal 0 1 0
    outer loop
      vertex 0 -50 38
      vertex 8 -50 38
      vertex 5 -50 34
    endloop
  endfacet
  facet normal 0 1 0
    outer loop
      vertex 0 -50 38
      vertex 5 -50 34
      vertex 3 -50 34
    endloop
  endfacet
  facet normal 0 1 0
    outer loop
      vertex 5 -50 34
      vertex 8 -50 30
      vertex 3 -50 34
    endloop
  endfacet
  facet normal 0 1 0
    outer loop
      vertex 30 -50 42
      vertex 16 -50 38
      vertex -6.75 -50 42
    endloop
  endfacet
  facet normal 0 1 0
    outer loop
      vertex 8 -50 38
      vertex 13 -50 34
      vertex 11 -50 34
    endloop
  endfacet
  facet normal 0 1 0
    outer loop
      vertex 8 -50 38
      vertex 16 -50 38
      vertex 13 -50 34
    endloop
  endfacet
  facet normal 0 1 0
    outer loop
      vertex 0 -50 30
      vertex 3 -50 34
      vertex 8 -50 30
    endloop
  endfacet
  facet normal 0 1 0
    outer loop
      vertex 0 -50 30
      vertex 8 -50 30
      vertex 0 -50 28
    endloop
  endfacet
  facet normal 0 1 0
    outer loop
      vertex 8 -50 28
      vertex 5 -50 24
      vertex 0 -50 28
    endloop
  endfacet
  facet normal 0 1 0
    outer loop
      vertex 8 -50 30
      vertex 11 -50 34
      vertex 8 -50 28
    endloop
  endfacet
  facet normal 0 1 0
    outer loop
      vertex 8 -50 30
      vertex 8 -50 28
      vertex 0 -50 28
    endloop
  endfacet
  facet normal 0 1 0
    outer loop
      vertex 0 -50 28
      vertex 5 -50 24
      vertex 3 -50 24
    endloop
  endfacet
  facet normal 0 1 0
    outer loop
      vertex 3 -50 24
      vertex 5 -50 24
      vertex 8 -50 20
    endloop
  endfacet
  facet normal 0 1 0
    outer loop
      vertex 13 -50 34
      vertex 11 -50 24
      vertex 11 -50 34
    endloop
  endfacet
  facet normal 0 1 0
    outer loop
      vertex 13 -50 34
      vertex 16 -50 30
      vertex 13 -50 24
    endloop
  endfacet
  facet normal 0 1 0
    outer loop
      vertex 11 -50 34
      vertex 11 -50 24
      vertex 8 -50 28
    endloop
  endfacet
  facet normal 0 1 0
    outer loop
      vertex 13 -50 34
      vertex 13 -50 24
      vertex 11 -50 24
    endloop
  endfacet
  facet normal 0 1 0
    outer loop
      vertex 19 -50 34
      vertex 16 -50 28
      vertex 16 -50 30
    endloop
  endfacet
  facet normal 0 1 0
    outer loop
      vertex 16 -50 30
      vertex 16 -50 28
      vertex 13 -50 24
    endloop
  endfacet
  facet normal 0 1 0
    outer loop
      vertex 19 -50 34
      vertex 19 -50 24
      vertex 16 -50 28
    endloop
  endfacet
  facet normal 0 1 0
    outer loop
      vertex 11 -50 24
      vertex 13 -50 24
      vertex 16 -50 20
    endloop
  endfacet
  facet normal -1 0 0
    outer loop
      vertex 30 -50 42
      vertex 30 25.299999999999997 42
      vertex 30 4 38
    endloop
  endfacet
  facet normal -1 0 0
    outer loop
      vertex 30 1 34
      vertex 30 -1 34
      vertex 30 -4 38
    endloop
  endfacet
  facet normal -1 0 0
    outer loop
      vertex 30 -4 38
      vertex 30 -7 34
      vertex 30 -12 38
    endloop
  endfacet
  facet normal -1 0 0
    outer loop
      vertex 30 -7 34
      vertex 30 -9 34
      vertex 30 -12 38
    endloop
  endfacet
  facet normal -1 0 0
    outer loop
      vertex 30 -7 34
      vertex 30 -4 30
      vertex 30 -9 34
    endloop
  endfacet
  facet normal -1 0 0
    outer loop
      vertex 30 -50 42
      vertex 30 4 38
      vertex 30 -4 38
    endloop
  endfacet
  facet normal -1 0 0
    outer loop
      vertex 30 -50 42
      vertex 30 -4 38
      vertex 30 -12 38
    endloop
  endfacet
  facet normal -1 0 0
    outer loop
      vertex 30 -12 38
      vertex 30 -15 34
      vertex 30 -20 38
    endloop
  endfacet
  facet normal -1 0 0
    outer loop
      vertex 30 -15 34
      vertex 30 -17 34
      vertex 30 -20 38
    endloop
  endfacet
  facet normal -1 0 0
    outer loop
      vertex 30 -15 34
      vertex 30 -12 30
      vertex 30 -17 34
    endloop
  endfacet
  facet normal -1 0 0
    outer loop
      vertex 30 -20 38
      vertex 30 -23 34
      vertex 30 -28 38
    endloop
  endfacet
  facet normal -1 0 0
    outer loop
      vertex 30 -23 34
      vertex 30 -25 34
      vertex 30 -28 38
    endloop
  endfacet
  facet normal -1 0 0
    outer loop
      vertex 30 -23 34
      vertex 30 -20 30
      vertex 30 -25 34
    endloop
  endfacet
  facet normal -1 0 0
    outer loop
      vertex 30 4 30
      vertex 30 -4 30
      vertex 30 -1 34
    endloop
  endfacet
  facet normal -1 0 0
    outer loop
      vertex 30 4 28
      vertex 30 -4 28
      vertex 30 -4 30
    endloop
  endfacet
  facet normal -1 0 0
    outer loop
      vertex 30 -4 30
      vertex 30 -12 30
      vertex 30 -9 34
    endloop
  endfacet
  facet normal -1 0 0
    outer loop
      vertex 30 -4 30
      vertex 30 -4 28
      vertex 30 -12 30
    endloop
  endfacet
  facet normal -1 0 0
    outer loop
      vertex 30 -12 30
      vertex 30 -4 28
      vertex 30 -12 28
    endloop
  endfacet
  facet normal -1 0 0
    outer loop
      vertex 30 -7 24
      vertex 30 -12 28
      vertex 30 -4 28
    endloop
  endfacet
  facet normal -1 0 0
    outer loop
      vertex 30 1 24
      vertex 30 -1 24
      vertex 30 -4 28
    endloop
  endfacet
  facet normal -1 0 0
    outer loop
      vertex 30 4 20
      vertex 30 -4 20
      vertex 30 -1 24
    endloop
  endfacet
  facet normal -1 0 0
    outer loop
      vertex 30 -7 24
      vertex 30 -9 24
      vertex 30 -12 28
    endloop
  endfacet
  facet normal -1 0 0
    outer loop
      vertex 30 -7 24
      vertex 30 -4 20
      vertex 30 -9 24
    endloop
  endfacet
  facet normal -1 0 0
    outer loop
      vertex 30 -4 20
      vertex 30 -12 20
      vertex 30 -9 24
    endloop
  endfacet
  facet normal -1 0 0
    outer loop
      vertex 30 -12 30
      vertex 30 -12 28
      vertex 30 -17 34
    endloop
  endfacet
  facet normal -1 0 0
    outer loop
      vertex 30 -15 24
      vertex 30 -20 30
      vertex 30 -17 34
    endloop
  endfacet
  facet normal -1 0 0
    outer loop
      vertex 30 -15 24
      vertex 30 -17 34
      vertex 30 -12 28
    endloop
  endfacet
  facet normal -1 0 0
    outer loop
      vertex 30 -20 30
      vertex 30 -15 24
      vertex 30 -20 28
    endloop
  endfacet
  facet normal -1 0 0
    outer loop
      vertex 30 -20 30
      vertex 30 -20 28
      vertex 30 -28 30
    endloop
  endfacet
  facet normal -1 0 0
    outer loop
      vertex 30 -20 30
      vertex 30 -28 30
      vertex 30 -25 34
    endloop
  endfacet
  facet normal -1 0 0
    outer loop
      vertex 30 -20 28
      vertex 30 -28 28
      vertex 30 -28 30
    endloop
  endfacet
  facet normal -1 0 0
    outer loop
      vertex 30 -20 28
      vertex 30 -23 24
      vertex 30 -28 28
    endloop
  endfacet
  facet normal -1 0 0
    outer loop
      vertex 30 -15 24
      vertex 30 -17 24
      vertex 30 -20 28
    endloop
  endfacet
  facet normal -1 0 0
    outer loop
      vertex 30 -15 24
      vertex 30 -12 20
      vertex 30 -17 24
    endloop
  endfacet
  facet normal -1 0 0
    outer loop
      vertex 30 -12 20
      vertex 30 -20 20
      vertex 30 -17 24
    endloop
  endfacet
  facet normal -1 0 0
    outer loop
      vertex 30 -23 24
      vertex 30 -25 24
      vertex 30 -28 28
    endloop
  endfacet
  facet normal -1 0 0
    outer loop
      vertex 30 -23 24
      vertex 30 -20 20
      vertex 30 -25 24
    endloop
  endfacet
  facet normal -1 0 0
    outer loop
      vertex 30 -20 20
      vertex 30 -28 20
      vertex 30 -25 24
    endloop
  endfacet
  facet normal 0 1 0
    outer loop
      vertex 30 -50 42
      vertex 19 -50 34
      vertex 16 -50 38
    endloop
  endfacet
  facet normal 0 1 0
    outer loop
      vertex 30 -50 42
      vertex 19 -50 24
      vertex 19 -50 34
    endloop
  endfacet
  facet normal -1 0 0
    outer loop
      vertex 30 -50 42
      vertex 30 -12 38
      vertex 30 -20 38
    endloop
  endfacet
  facet normal -1 0 0
    outer loop
      vertex 30 -50 42
      vertex 30 -20 38
      vertex 30 -28 38
    endloop
  endfacet
  facet normal -1 0 0
    outer loop
      vertex 30 -50 42
      vertex 30 -28 38
      vertex 30 -36 38
    endloop
  endfacet
  facet normal -1 0 0
    outer loop
      vertex 30 -31 34
      vertex 30 -36 38
      vertex 30 -28 38
    endloop
  endfacet
  facet normal -1 0 0
    outer loop
      vertex 30 -31 34
      vertex 30 -28 30
      vertex 30 -33 34
    endloop
  endfacet
  facet normal -1 0 0
    outer loop
      vertex 30 -31 34
      vertex 30 -33 34
      vertex 30 -36 38
    endloop
  endfacet
  facet normal -1 0 0
    outer loop
      vertex 30 -50 42
      vertex 30 -36 38
      vertex 30 -39 34
    endloop
  endfacet
  facet normal -1 0 0
    outer loop
      vertex 30 -50 42
      vertex 30 -39 34
      vertex 30 -39 24
    endloop
  endfacet
  facet normal 0 1 0
    outer loop
      vertex 30 -50 42
      vertex 19 -50 14
      vertex 19 -50 24
    endloop
  endfacet
  facet normal -1 0 0
    outer loop
      vertex 30 -28 30
      vertex 30 -36 30
      vertex 30 -33 34
    endloop
  endfacet
  facet normal -1 0 0
    outer loop
      vertex 30 -28 30
      vertex 30 -28 28
      vertex 30 -36 30
    endloop
  endfacet
  facet normal -1 0 0
    outer loop
      vertex 30 -28 28
      vertex 30 -31 24
      vertex 30 -36 28
    endloop
  endfacet
  facet normal -1 0 0
    outer loop
      vertex 30 -39 34
      vertex 30 -36 30
      vertex 30 -39 24
    endloop
  endfacet
  facet normal -1 0 0
    outer loop
      vertex 30 -36 30
      vertex 30 -28 28
      vertex 30 -36 28
    endloop
  endfacet
  facet normal -1 0 0
    outer loop
      vertex 30 -36 30
      vertex 30 -36 28
      vertex 30 -39 24
    endloop
  endfacet
  facet normal -1 0 0
    outer loop
      vertex 30 -31 24
      vertex 30 -28 20
      vertex 30 -33 24
    endloop
  endfacet
  facet normal -1 0 0
    outer loop
      vertex 30 -28 20
      vertex 30 -36 20
      vertex 30 -33 24
    endloop
  endfacet
  facet normal -1 0 0
    outer loop
      vertex 30 -31 24
      vertex 30 -33 24
      vertex 30 -36 28
    endloop
  endfacet
  facet normal -1 0 0
    outer loop
      vertex 30 -50 42
      vertex 30 -39 24
      vertex 30 -50 2
    endloop
  endfacet
  facet normal 0 0 1
    outer loop
      vertex -30 -50 2
      vertex 30 -50 2
      vertex 30 50 2
    endloop
  endfacet
  facet normal 0 1 0
    outer loop
      vertex 3 -50 24
      vertex 5 -50 14
      vertex 0 -50 20
    endloop
  endfacet
  facet normal 0 1 0
    outer loop
      vertex 5 -50 14
      vertex 0 -50 18
      vertex 0 -50 20
    endloop
  endfacet
  facet normal 0 1 0
    outer loop
      vertex 3 -50 24
      vertex 8 -50 20
      vertex 8 -50 18
    endloop
  endfacet
  facet normal 0 1 0
    outer loop
      vertex 3 -50 24
      vertex 8 -50 18
      vertex 5 -50 14
    endloop
  endfacet
  facet normal 0 1 0
    outer loop
      vertex 0 -50 18
      vertex 5 -50 14
      vertex 3 -50 14
    endloop
  endfacet
  facet normal 0 1 0
    outer loop
      vertex 0 -50 10
      vertex 3 -50 14
      vertex 8 -50 10
    endloop
  endfacet
  facet normal 0 1 0
    outer loop
      vertex 5 -50 14
      vertex 8 -50 10
      vertex 3 -50 14
    endloop
  endfacet
  facet normal 0 1 0
    outer loop
      vertex 8 -50 20
      vertex 11 -50 24
      vertex 16 -50 18
    endloop
  endfacet
  facet normal 0 1 0
    outer loop
      vertex 8 -50 20
      vertex 16 -50 18
      vertex 8 -50 18
    endloop
  endfacet
  facet normal 0 1 0
    outer loop
      vertex 8 -50 18
      vertex 16 -50 18
      vertex 13 -50 14
    endloop
  endfacet
  facet normal 0 1 0
    outer loop
      vertex 11 -50 24
      vertex 16 -50 20
      vertex 16 -50 18
    endloop
  endfacet
  facet normal 0 1 0
    outer loop
      vertex 19 -50 24
      vertex 16 -50 18
      vertex 16 -50 20
    endloop
  endfacet
  facet normal 0 1 0
    outer loop
      vertex 19 -50 24
      vertex 19 -50 14
      vertex 16 -50 18
    endloop
  endfacet
  facet normal 0 1 0
    outer loop
      vertex 8 -50 18
      vertex 16 -50 10
      vertex 11 -50 14
    endloop
  endfacet
  facet normal 0 1 0
    outer loop
      vertex 8 -50 18
      vertex 13 -50 14
      vertex 16 -50 10
    endloop
  endfacet
  facet normal 0 1 0
    outer loop
      vertex 16 -50 10
      vertex 8 -50 10
      vertex 11 -50 14
    endloop
  endfacet
  facet normal 0 1 0
    outer loop
      vertex -30 -50 2
      vertex 8 -50 10
      vertex 30 -50 2
    endloop
  endfacet
  facet normal 0 1 0
    outer loop
      vertex 30 -50 2
      vertex 8 -50 10
      vertex 16 -50 10
    endloop
  endfacet
  facet normal -1 0 0
    outer loop
      vertex 30 4 18
      vertex 30 -4 18
      vertex 30 -4 20
    endloop
  endfacet
  facet normal -1 0 0
    outer loop
      vertex 30 -4 20
      vertex 30 -4 18
      vertex 30 -12 20
    endloop
  endfacet
  facet normal -1 0 0
    outer loop
      vertex 30 -12 20
      vertex 30 -4 18
      vertex 30 -12 18
    endloop
  endfacet
  facet normal -1 0 0
    outer loop
      vertex 30 -4 18
      vertex 30 -7 14
      vertex 30 -12 18
    endloop
  endfacet
  facet normal -1 0 0
    outer loop
      vertex 30 1 14
      vertex 30 -1 14
      vertex 30 -4 18
    endloop
  endfacet
  facet normal -1 0 0
    outer loop
      vertex 30 4 10
      vertex 30 -4 10
      vertex 30 -1 14
    endloop
  endfacet
  facet normal -1 0 0
    outer loop
      vertex 30 -7 14
      vertex 30 -9 14
      vertex 30 -12 18
    endloop
  endfacet
  facet normal -1 0 0
    outer loop
      vertex 30 -7 14
      vertex 30 -4 10
      vertex 30 -9 14
    endloop
  endfacet
  facet normal -1 0 0
    outer loop
      vertex 30 -4 10
      vertex 30 -12 10
      vertex 30 -9 14
    endloop
  endfacet
  facet normal -1 0 0
    outer loop
      vertex 30 -12 20
      vertex 30 -12 18
      vertex 30 -20 20
    endloop
  endfacet
  facet normal -1 0 0
    outer loop
      vertex 30 -20 20
      vertex 30 -12 18
      vertex 30 -20 18
    endloop
  endfacet
  facet normal -1 0 0
    outer loop
      vertex 30 -12 18
      vertex 30 -15 14
      vertex 30 -20 18
    endloop
  endfacet
  facet normal -1 0 0
    outer loop
      vertex 30 -20 20
      vertex 30 -20 18
      vertex 30 -28 20
    endloop
  endfacet
  facet normal -1 0 0
    outer loop
      vertex 30 -20 18
      vertex 30 -28 18
      vertex 30 -28 20
    endloop
  endfacet
  facet normal -1 0 0
    outer loop
      vertex 30 -20 18
      vertex 30 -23 14
      vertex 30 -28 18
    endloop
  endfacet
  facet normal -1 0 0
    outer loop
      vertex 30 -15 14
      vertex 30 -17 14
      vertex 30 -20 18
    endloop
  endfacet
  facet normal -1 0 0
    outer loop
      vertex 30 -15 14
      vertex 30 -12 10
      vertex 30 -17 14
    endloop
  endfacet
  facet normal -1 0 0
    outer loop
      vertex 30 -12 10
      vertex 30 -20 10
      vertex 30 -17 14
    endloop
  endfacet
  facet normal -1 0 0
    outer loop
      vertex 30 -23 14
      vertex 30 -25 14
      vertex 30 -28 18
    endloop
  endfacet
  facet normal -1 0 0
    outer loop
      vertex 30 -23 14
      vertex 30 -20 10
      vertex 30 -25 14
    endloop
  endfacet
  facet normal -1 0 0
    outer loop
      vertex 30 -20 10
      vertex 30 -28 10
      vertex 30 -25 14
    endloop
  endfacet
  facet normal -1 0 0
    outer loop
      vertex 30 50 2
      vertex 30 -50 2
      vertex 30 -12 10
    endloop
  endfacet
  facet normal 0 1 0
    outer loop
      vertex 30 -50 42
      vertex 30 -50 2
      vertex 19 -50 14
    endloop
  endfacet
  facet normal -1 0 0
    outer loop
      vertex 30 -28 20
      vertex 30 -28 18
      vertex 30 -36 20
    endloop
  endfacet
  facet normal -1 0 0
    outer loop
      vertex 30 -28 18
      vertex 30 -31 14
      vertex 30 -36 18
    endloop
  endfacet
  facet normal -1 0 0
    outer loop
      vertex 30 -36 20
      vertex 30 -28 18
      vertex 30 -36 18
    endloop
  endfacet
  facet normal -1 0 0
    outer loop
      vertex 30 -39 24
      vertex 30 -36 20
      vertex 30 -39 14
    endloop
  endfacet
  facet normal -1 0 0
    outer loop
      vertex 30 -36 20
      vertex 30 -36 18
      vertex 30 -39 14
    endloop
  endfacet
  facet normal -1 0 0
    outer loop
      vertex 30 -31 14
      vertex 30 -28 10
      vertex 30 -33 14
    endloop
  endfacet
  facet normal -1 0 0
    outer loop
      vertex 30 -28 10
      vertex 30 -36 10
      vertex 30 -33 14
    endloop
  endfacet
  facet normal -1 0 0
    outer loop
      vertex 30 -31 14
      vertex 30 -33 14
      vertex 30 -36 18
    endloop
  endfacet
  facet normal -1 0 0
    outer loop
      vertex 30 -50 2
      vertex 30 -39 24
      vertex 30 -39 14
    endloop
  endfacet
  facet normal 0 1 0
    outer loop
      vertex 30 -50 2
      vertex 16 -50 10
      vertex 19 -50 14
    endloop
  endfacet
  facet normal -1 0 0
    outer loop
      vertex 30 -50 2
      vertex 30 -20 10
      vertex 30 -12 10
    endloop
  endfacet
  facet normal -1 0 0
    outer loop
      vertex 30 -50 2
      vertex 30 -28 10
      vertex 30 -20 10
    endloop
  endfacet
  facet normal -1 0 0
    outer loop
      vertex 30 -50 2
      vertex 30 -36 10
      vertex 30 -28 10
    endloop
  endfacet
  facet normal -1 0 0
    outer loop
      vertex 30 -50 2
      vertex 30 -39 14
      vertex 30 -36 10
    endloop
  endfacet
  facet normal -1 0 0
    outer loop
      vertex -38 52 42
      vertex -38 50 39
      vertex -38 50 42
    endloop
  endfacet
  facet normal -1 0 0
    outer loop
      vertex -38 52 42
      vertex -38 52 39
      vertex -38 50 39
    endloop
  endfacet
  facet normal 0 1 0
    outer loop
      vertex -38 52 42
      vertex -35.983333333333334 52 39
      vertex -38 52 39
    endloop
  endfacet
  facet normal -0.7071067811865476 0 -0.7071067811865476
    outer loop
      vertex -38 52 39
      vertex -32 50 33
      vertex -38 50 39
    endloop
  endfacet
  facet normal 0 1 0
    outer loop
      vertex -38 52 39
      vertex -35.983333333333334 52 39
      vertex -31.95 52 33
    endloop
  endfacet
  facet normal 0 1 0
    outer loop
      vertex -35.983333333333334 52 39
      vertex -31.95 52 39
      vertex -31.95 52 33
    endloop
  endfacet
  facet normal 0 -1 0
    outer loop
      vertex -38 50 39
      vertex -32 50 33
      vertex -32 50 39
    endloop
  endfacet
  facet normal 0 1 0
    outer loop
      vertex -38 52 39
      vertex -31.95 52 33
      vertex -32 52 33
    endloop
  endfacet
  facet normal -0.7071067811865476 0 -0.7071067811865476
    outer loop
      vertex -38 52 39
      vertex -32 52 33
      vertex -32 50 33
    endloop
  endfacet
  facet normal -1 0 0
    outer loop
      vertex -38 40 42
      vertex -38 38 39
      vertex -38 39.75 42
    endloop
  endfacet
  facet normal -1 0 0
    outer loop
      vertex -38 40 42
      vertex -38 40 39
      vertex -38 38 39
    endloop
  endfacet
  facet normal 0 1 0
    outer loop
      vertex -38 40 39
      vertex -32 40 39
      vertex -32 40 33
    endloop
  endfacet
  facet normal -0.7071067811865476 0 -0.7071067811865476
    outer loop
      vertex -38 40 39
      vertex -32 40 33
      vertex -32.05 38.287499999999994 33.05
    endloop
  endfacet
  facet normal -1 0 0
    outer loop
      vertex -38 39.75 42
      vertex -38 38 39
      vertex -38 38 42
    endloop
  endfacet
  facet normal 0 0 1
    outer loop
      vertex -38 39.75 42
      vertex -38 38 42
      vertex -32 38 42
    endloop
  endfacet
  facet normal 0 -1 0
    outer loop
      vertex -38 38 42
      vertex -38 38 39
      vertex -32 38 42
    endloop
  endfacet
  facet normal -0.7071067811865476 0 -0.7071067811865476
    outer loop
      vertex -38 40 39
      vertex -32.05 38 33.05
      vertex -38 38 39
    endloop
  endfacet
  facet normal 0 -1 0
    outer loop
      vertex -38 38 39
      vertex -32.05 38 35.333333333333336
      vertex -32 38 42
    endloop
  endfacet
  facet normal 0 -1 0
    outer loop
      vertex -32 38 42
      vertex -32.05 38 35.333333333333336
      vertex -32 38 35.333333333333336
    endloop
  endfacet
  facet normal 0 -1 0
    outer loop
      vertex -38 38 39
      vertex -32.05 38 33.05
      vertex -32.05 38 35.333333333333336
    endloop
  endfacet
  facet normal -0.7071067811865476 -8.2239113948451325e-16 -0.7071067811865475
    outer loop
      vertex -38 40 39
      vertex -32.05 38.287499999999994 33.05
      vertex -32.05 38 33.05
    endloop
  endfacet
  facet normal -0.7071067811865475 0 -0.7071067811865475
    outer loop
      vertex -32 40 33
      vertex -32 38.25 33
      vertex -32.05 38.287499999999994 33.05
    endloop
  endfacet
  facet normal -1 0 0
    outer loop
      vertex -38 -38 42
      vertex -38 -38 39
      vertex -38 -40 39
    endloop
  endfacet
  facet normal 0 1 0
    outer loop
      vertex -38 -38 39
      vertex -32 -38 39
      vertex -32.05 -38 35.333333333333336
    endloop
  endfacet
  facet normal 0 1 0
    outer loop
      vertex -38 -38 39
      vertex -32.05 -38 35.333333333333336
      vertex -32.05 -38 33.05
    endloop
  endfacet
  facet normal -0.7071067811865476 -8.223911394844928e-16 -0.7071067811865476
    outer loop
      vertex -38 -38 39
      vertex -32.05 -38 33.05
      vertex -32.05 -38.2875 33.05
    endloop
  endfacet
  facet normal -0.7071067811865475 0 -0.7071067811865475
    outer loop
      vertex -38 -38 39
      vertex -32.05 -38.2875 33.05
      vertex -32 -40 33
    endloop
  endfacet
  facet normal 0 1 0
    outer loop
      vertex -32 -38 39
      vertex -32 -38 35.33333333333333
      vertex -32.05 -38 35.333333333333336
    endloop
  endfacet
  facet normal -0.7071067811865475 0 -0.7071067811865475
    outer loop
      vertex -32 -40 33
      vertex -32.05 -38.2875 33.05
      vertex -32 -38.25 33
    endloop
  endfacet
  facet normal -1 0 0
    outer loop
      vertex -38 -38 42
      vertex -38 -40 39
      vertex -38 -40 42
    endloop
  endfacet
  facet normal -0.7071067811865476 0 -0.7071067811865476
    outer loop
      vertex -38 -38 39
      vertex -32 -40 33
      vertex -38 -40 39
    endloop
  endfacet
  facet normal 0 -1 0
    outer loop
      vertex -38 -40 39
      vertex -32 -40 33
      vertex -32 -40 39
    endloop
  endfacet
  facet normal -1 0 0
    outer loop
      vertex -38 -50 42
      vertex -38 -52 39
      vertex -38 -52 42
    endloop
  endfacet
  facet normal -1 0 0
    outer loop
      vertex -38 -50 42
      vertex -38 -50 39
      vertex -38 -52 39
    endloop
  endfacet
  facet normal -0.7071067811865476 0 -0.7071067811865476
    outer loop
      vertex -38 -50 39
      vertex -32 -52 33
      vertex -38 -52 39
    endloop
  endfacet
  facet normal 0 1 0
    outer loop
      vertex -38 -50 39
      vertex -32 -50 39
      vertex -32 -50 33
    endloop
  endfacet
  facet normal 0 -1 0
    outer loop
      vertex -38 -52 39
      vertex -31.95 -52 33
      vertex -31.95 -52 39
    endloop
  endfacet
  facet normal -0.7071067811865476 0 -0.7071067811865476
    outer loop
      vertex -38 -50 39
      vertex -32 -50 33
      vertex -32 -52 33
    endloop
  endfacet
  facet normal 0 -1 0
    outer loop
      vertex -38 -52 39
      vertex -32 -52 33
      vertex -31.95 -52 33
    endloop
  endfacet
  facet normal 1 0 0
    outer loop
      vertex 38 52 42
      vertex 38 50 42
      vertex 38 50 39
    endloop
  endfacet
  facet normal 1 0 0
    outer loop
      vertex 38 52 42
      vertex 38 50 39
      vertex 38 52 39
    endloop
  endfacet
  facet normal 0 1 0
    outer loop
      vertex 31.95 52 39
      vertex 38 52 39
      vertex 31.95 52 33
    endloop
  endfacet
  facet normal 0 -1 0
    outer loop
      vertex 32 50 39
      vertex 32 50 33
      vertex 38 50 39
    endloop
  endfacet
  facet normal 0.7071067811865476 0 -0.7071067811865476
    outer loop
      vertex 38 52 39
      vertex 38 50 39
      vertex 32 52 33
    endloop
  endfacet
  facet normal 0 1 0
    outer loop
      vertex 38 52 39
      vertex 32 52 33
      vertex 31.95 52 33
    endloop
  endfacet
  facet normal 0.7071067811865476 0 -0.7071067811865476
    outer loop
      vertex 38 50 39
      vertex 32 50 33
      vertex 32 52 33
    endloop
  endfacet
  facet normal 1 0 0
    outer loop
      vertex 38 40 42
      vertex 38 38 39
      vertex 38 40 39
    endloop
  endfacet
  facet normal 0 1 0
    outer loop
      vertex 32 40 39
      vertex 38 40 39
      vertex 32 40 33
    endloop
  endfacet
  facet normal 0.7071067811865476 0 -0.7071067811865476
    outer loop
      vertex 38 40 39
      vertex 38 38 39
      vertex 32 40 33
    endloop
  endfacet
  facet normal 1 0 0
    outer loop
      vertex 38 40 42
      vertex 38 38 42
      vertex 38 38 39
    endloop
  endfacet
  facet normal 0 -1 0
    outer loop
      vertex 32 38 39
      vertex 32 38 33
      vertex 38 38 39
    endloop
  endfacet
  facet normal 0.7071067811865476 0 -0.7071067811865476
    outer loop
      vertex 32 40 33
      vertex 38 38 39
      vertex 32 38 33
    endloop
  endfacet
  facet normal 1 0 0
    outer loop
      vertex 38 -38 42
      vertex 38 -40 39
      vertex 38 -38 39
    endloop
  endfacet
  facet normal 0 1 0
    outer loop
      vertex 32 -38 39
      vertex 38 -38 39
      vertex 32.05 -38 35.333333333333336
    endloop
  endfacet
  facet normal 0.7071067811865476 0 -0.7071067811865476
    outer loop
      vertex 38 -38 39
      vertex 38 -40 39
      vertex 32.05 -38 33.05
    endloop
  endfacet
  facet normal 0 1 0
    outer loop
      vertex 32 -38 39
      vertex 32.05 -38 35.333333333333336
      vertex 32 -38 35.333333333333336
    endloop
  endfacet
  facet normal 0.7071067811865475 0 -0.7071067811865475
    outer loop
      vertex 32 -40 33
      vertex 32 -38.25 33
      vertex 32.05 -38.287499999999994 33.05
    endloop
  endfacet
  facet normal 0 1 0
    outer loop
      vertex 38 -38 39
      vertex 32.05 -38 33.05
      vertex 32.05 -38 35.333333333333336
    endloop
  endfacet
  facet normal 0.7071067811865476 8.2239113948451325e-16 -0.7071067811865475
    outer loop
      vertex 38 -40 39
      vertex 32.05 -38.287499999999994 33.05
      vertex 32.05 -38 33.05
    endloop
  endfacet
  facet normal 1 0 0
    outer loop
      vertex 38 -38 42
      vertex 38 -40 42
      vertex 38 -40 39
    endloop
  endfacet
  facet normal 0 -1 0
    outer loop
      vertex 32 -40 39
      vertex 32 -40 33
      vertex 38 -40 39
    endloop
  endfacet
  facet normal 0.7071067811865476 0 -0.7071067811865476
    outer loop
      vertex 38 -40 39
      vertex 32 -40 33
      vertex 32.05 -38.287499999999994 33.05
    endloop
  endfacet
  facet normal 1 0 0
    outer loop
      vertex 38 -50 42
      vertex 38 -52 42
      vertex 38 -52 39
    endloop
  endfacet
  facet normal 1 0 0
    outer loop
      vertex 38 -50 42
      vertex 38 -52 39
      vertex 38 -50 39
    endloop
  endfacet
  facet normal 0 1 0
    outer loop
      vertex 32 -50 39
      vertex 38 -50 39
      vertex 32 -50 33
    endloop
  endfacet
  facet normal 0 -1 0
    outer loop
      vertex 31.95 -52 39
      vertex 31.95 -52 33
      vertex 38 -52 39
    endloop
  endfacet
  facet normal 0.7071067811865476 0 -0.7071067811865476
    outer loop
      vertex 38 -50 39
      vertex 38 -52 39
      vertex 32 -50 33
    endloop
  endfacet
  facet normal 0.7071067811865476 0 -0.7071067811865476
    outer loop
      vertex 38 -52 39
      vertex 32 -52 33
      vertex 32 -50 33
    endloop
  endfacet
  facet normal 0 -1 0
    outer loop
      vertex 38 -52 39
      vertex 31.95 -52 33
      vertex 32 -52 33
    endloop
  endfacet
  facet normal 0 0 1
    outer loop
      vertex -38 52 42
      vertex -38 50 42
      vertex -35.91461656987667 47.51112725585699 42
    endloop
  endfacet
  facet normal 0 0 1
    outer loop
      vertex -38 52 42
      vertex -35.91461656987667 47.51112725585699 42
      vertex -35.77781745791435 47.677817456424236 42
    endloop
  endfacet
  facet normal 0 0 1
    outer loop
      vertex -38 52 42
      vertex -35.77781745791435 47.677817456424236 42
      vertex -35.61112725734711 47.814616575837135 42
    endloop
  endfacet
  facet normal 0 0 1
    outer loop
      vertex -38 52 42
      vertex -35.61112725734711 47.814616575837135 42
      vertex -35.42095177620649 47.9162674844265 42
    endloop
  endfacet
  facet normal 0 0 1
    outer loop
      vertex -38 52 42
      vertex -35.42095177620649 47.9162674844265 42
      vertex -35.21459935605526 47.978863805532455 42
    endloop
  endfacet
  facet normal 0 0 1
    outer loop
      vertex -38 50 42
      vertex -38 40 42
      vertex -36.100000001490116 46.899999998509884 42
    endloop
  endfacet
  facet normal -1 0 0
    outer loop
      vertex -38 50 42
      vertex -38 50 39
      vertex -38 40 42
    endloop
  endfacet
  facet normal 0 0 1
    outer loop
      vertex -38 50 42
      vertex -36.07886380702257 47.114599354565144 42
      vertex -36.016267485916615 47.32095177471638 42
    endloop
  endfacet
  facet normal 0 0 1
    outer loop
      vertex -38 50 42
      vertex -36.100000001490116 46.899999998509884 42
      vertex -36.07886380702257 47.114599354565144 42
    endloop
  endfacet
  facet normal 0 0 1
    outer loop
      vertex -38 50 42
      vertex -36.016267485916615 47.32095177471638 42
      vertex -35.91461656987667 47.51112725585699 42
    endloop
  endfacet
  facet normal 0 0 1
    outer loop
      vertex -38 52 42
      vertex -35.21459935605526 47.978863805532455 42
      vertex -32 50.01652892561984 42
    endloop
  endfacet
  facet normal 0 0 1
    outer loop
      vertex -38 52 42
      vertex -32 50.01652892561984 42
      vertex -31.95 52 42
    endloop
  endfacet
  facet normal 0 1 0
    outer loop
      vertex -38 52 42
      vertex -31.95 52 42
      vertex -31.95 52 39
    endloop
  endfacet
  facet normal 0 1 0
    outer loop
      vertex -38 52 42
      vertex -31.95 52 39
      vertex -35.983333333333334 52 39
    endloop
  endfacet
  facet normal 0 0 1
    outer loop
      vertex -32 50.01652892561984 42
      vertex -35.21459935605526 47.978863805532455 42
      vertex -35 48 42
    endloop
  endfacet
  facet normal 0 0 1
    outer loop
      vertex -32 50.01652892561984 42
      vertex -35 48 42
      vertex -34.78540064394474 47.978863805532455 42
    endloop
  endfacet
  facet normal 0 0 1
    outer loop
      vertex -32 50.01652892561984 42
      vertex -34.78540064394474 47.978863805532455 42
      vertex -34.57904822379351 47.9162674844265 42
    endloop
  endfacet
  facet normal 0 0 1
    outer loop
      vertex -32 50.01652892561984 42
      vertex -34.57904822379351 47.9162674844265 42
      vertex -34.38887274265289 47.814616575837135 42
    endloop
  endfacet
  facet normal 0 0 1
    outer loop
      vertex -32 50.01652892561984 42
      vertex -34.38887274265289 47.814616575837135 42
      vertex -34.22218254208565 47.677817456424236 42
    endloop
  endfacet
  facet normal 0 0 1
    outer loop
      vertex -32 50.01652892561984 42
      vertex -34.22218254208565 47.677817456424236 42
      vertex -34.08538343012333 47.51112725585699 42
    endloop
  endfacet
  facet normal 0 0 1
    outer loop
      vertex -32 50.01652892561984 42
      vertex -34.08538343012333 47.51112725585699 42
      vertex -33.983732514083385 47.32095177471638 42
    endloop
  endfacet
  facet normal 0 0 1
    outer loop
      vertex -32 50.01652892561984 42
      vertex -33.983732514083385 47.32095177471638 42
      vertex -33.92113619297743 47.114599354565144 42
    endloop
  endfacet
  facet normal 0 0 1
    outer loop
      vertex -32 50.01652892561984 42
      vertex -33.92113619297743 47.114599354565144 42
      vertex -33.899999998509884 46.899999998509884 42
    endloop
  endfacet
  facet normal 0 0 1
    outer loop
      vertex -32 50.01652892561984 42
      vertex -33.899999998509884 46.899999998509884 42
      vertex -33.899999998509884 43.100000001490116 42
    endloop
  endfacet
  facet normal 0 0 -1
    outer loop
      vertex -38 50 39
      vertex -35.77781745791435 47.677817456424236 39
      vertex -35.91461656987667 47.51112725585699 39
    endloop
  endfacet
  facet normal 0 0 -1
    outer loop
      vertex -38 50 39
      vertex -36.016267485916615 47.32095177471638 39
      vertex -36.07886380702257 47.114599354565144 39
    endloop
  endfacet
  facet normal 0 0 -1
    outer loop
      vertex -38 50 39
      vertex -36.07886380702257 47.114599354565144 39
      vertex -36.100000001490116 46.899999998509884 39
    endloop
  endfacet
  facet normal 0 0 -1
    outer loop
      vertex -38 50 39
      vertex -35.91461656987667 47.51112725585699 39
      vertex -36.016267485916615 47.32095177471638 39
    endloop
  endfacet
  facet normal 0 0 -1
    outer loop
      vertex -38 50 39
      vertex -35.61112725734711 47.814616575837135 39
      vertex -35.77781745791435 47.677817456424236 39
    endloop
  endfacet
  facet normal 0 0 -1
    outer loop
      vertex -38 50 39
      vertex -35.42095177620649 47.9162674844265 39
      vertex -35.61112725734711 47.814616575837135 39
    endloop
  endfacet
  facet normal 0 0 -1
    outer loop
      vertex -38 50 39
      vertex -35.21459935605526 47.978863805532455 39
      vertex -35.42095177620649 47.9162674844265 39
    endloop
  endfacet
  facet normal 0 0 -1
    outer loop
      vertex -38 50 39
      vertex -35 48 39
      vertex -35.21459935605526 47.978863805532455 39
    endloop
  endfacet
  facet normal 0 0 -1
    outer loop
      vertex -38 50 39
      vertex -34.78540064394474 47.978863805532455 39
      vertex -35 48 39
    endloop
  endfacet
  facet normal 0 0 -1
    outer loop
      vertex -38 50 39
      vertex -34.57904822379351 47.9162674844265 39
      vertex -34.78540064394474 47.978863805532455 39
    endloop
  endfacet
  facet normal 0 0 -1
    outer loop
      vertex -38 50 39
      vertex -36.100000001490116 46.899999998509884 39
      vertex -36.100000001490116 43.100000001490116 39
    endloop
  endfacet
  facet normal 0 0 -1
    outer loop
      vertex -38 50 39
      vertex -32 50 39
      vertex -34.57904822379351 47.9162674844265 39
    endloop
  endfacet
  facet normal 0 0 -1
    outer loop
      vertex -32 50 39
      vertex -34.38887274265289 47.814616575837135 39
      vertex -34.57904822379351 47.9162674844265 39
    endloop
  endfacet
  facet normal 0 0 -1
    outer loop
      vertex -32 50 39
      vertex -34.22218254208565 47.677817456424236 39
      vertex -34.38887274265289 47.814616575837135 39
    endloop
  endfacet
  facet normal 0 0 -1
    outer loop
      vertex -32 50 39
      vertex -34.08538343012333 47.51112725585699 39
      vertex -34.22218254208565 47.677817456424236 39
    endloop
  endfacet
  facet normal 0 0 -1
    outer loop
      vertex -32 50 39
      vertex -33.983732514083385 47.32095177471638 39
      vertex -34.08538343012333 47.51112725585699 39
    endloop
  endfacet
  facet normal 0 0 -1
    outer loop
      vertex -32 50 39
      vertex -33.92113619297743 47.114599354565144 39
      vertex -33.983732514083385 47.32095177471638 39
    endloop
  endfacet
  facet normal 0 0 -1
    outer loop
      vertex -32 50 39
      vertex -33.899999998509884 46.899999998509884 39
      vertex -33.92113619297743 47.114599354565144 39
    endloop
  endfacet
  facet normal 0 0 1
    outer loop
      vertex -38 40 42
      vertex -36.100000001490116 43.100000001490116 42
      vertex -36.100000001490116 46.899999998509884 42
    endloop
  endfacet
  facet normal -1 0 0
    outer loop
      vertex -38 50 39
      vertex -38 40 39
      vertex -38 40 42
    endloop
  endfacet
  facet normal 0 0 1
    outer loop
      vertex -38 40 42
      vertex -36.07886380702257 42.885400645434856 42
      vertex -36.100000001490116 43.100000001490116 42
    endloop
  endfacet
  facet normal 0 0 1
    outer loop
      vertex -38 40 42
      vertex -36.016267485916615 42.67904822528362 42
      vertex -36.07886380702257 42.885400645434856 42
    endloop
  endfacet
  facet normal 0 0 1
    outer loop
      vertex -38 40 42
      vertex -35.91461656987667 42.48887274414301 42
      vertex -36.016267485916615 42.67904822528362 42
    endloop
  endfacet
  facet normal 0 0 1
    outer loop
      vertex -38 40 42
      vertex -35.77781745791435 42.322182543575764 42
      vertex -35.91461656987667 42.48887274414301 42
    endloop
  endfacet
  facet normal 0 0 1
    outer loop
      vertex -38 40 42
      vertex -35.61112725734711 42.185383424162865 42
      vertex -35.77781745791435 42.322182543575764 42
    endloop
  endfacet
  facet normal 0 0 1
    outer loop
      vertex -38 40 42
      vertex -35.42095177620649 42.0837325155735 42
      vertex -35.61112725734711 42.185383424162865 42
    endloop
  endfacet
  facet normal 0 0 1
    outer loop
      vertex -38 40 42
      vertex -35.21459935605526 42.021136194467545 42
      vertex -35.42095177620649 42.0837325155735 42
    endloop
  endfacet
  facet normal 0 0 1
    outer loop
      vertex -38 40 42
      vertex -35 42 42
      vertex -35.21459935605526 42.021136194467545 42
    endloop
  endfacet
  facet normal 0 0 1
    outer loop
      vertex -38 40 42
      vertex -34.78540064394474 42.021136194467545 42
      vertex -35 42 42
    endloop
  endfacet
  facet normal 0 0 1
    outer loop
      vertex -38 40 42
      vertex -38 39.75 42
      vertex -32 38 42
    endloop
  endfacet
  facet normal 0 0 1
    outer loop
      vertex -38 40 42
      vertex -32 38 42
      vertex -34.78540064394474 42.021136194467545 42
    endloop
  endfacet
  facet normal 0 0 1
    outer loop
      vertex -32 38 42
      vertex -34.57904822379351 42.0837325155735 42
      vertex -34.78540064394474 42.021136194467545 42
    endloop
  endfacet
  facet normal 0 0 1
    outer loop
      vertex -32 38 42
      vertex -34.38887274265289 42.185383424162865 42
      vertex -34.57904822379351 42.0837325155735 42
    endloop
  endfacet
  facet normal 0 0 1
    outer loop
      vertex -32 38 42
      vertex -33.899999998509884 43.100000001490116 42
      vertex -33.92113619297743 42.885400645434856 42
    endloop
  endfacet
  facet normal 0 0 1
    outer loop
      vertex -32 38 42
      vertex -33.983732514083385 42.67904822528362 42
      vertex -34.08538343012333 42.48887274414301 42
    endloop
  endfacet
  facet normal 0 0 1
    outer loop
      vertex -32 38 42
      vertex -33.92113619297743 42.885400645434856 42
      vertex -33.983732514083385 42.67904822528362 42
    endloop
  endfacet
  facet normal 0 0 1
    outer loop
      vertex -32 38 42
      vertex -34.22218254208565 42.322182543575764 42
      vertex -34.38887274265289 42.185383424162865 42
    endloop
  endfacet
  facet normal 0 0 1
    outer loop
      vertex -32 38 42
      vertex -34.08538343012333 42.48887274414301 42
      vertex -34.22218254208565 42.322182543575764 42
    endloop
  endfacet
  facet normal 0 0 -1
    outer loop
      vertex -38 50 39
      vertex -36.100000001490116 43.100000001490116 39
      vertex -38 40 39
    endloop
  endfacet
  facet normal 0 0 -1
    outer loop
      vertex -38 40 39
      vertex -36.100000001490116 43.100000001490116 39
      vertex -36.07886380702257 42.885400645434856 39
    endloop
  endfacet
  facet normal 0 0 -1
    outer loop
      vertex -38 40 39
      vertex -36.07886380702257 42.885400645434856 39
      vertex -36.016267485916615 42.67904822528362 39
    endloop
  endfacet
  facet normal 0 0 -1
    outer loop
      vertex -38 40 39
      vertex -36.016267485916615 42.67904822528362 39
      vertex -35.91461656987667 42.48887274414301 39
    endloop
  endfacet
  facet normal 0 0 -1
    outer loop
      vertex -38 40 39
      vertex -35.91461656987667 42.48887274414301 39
      vertex -35.77781745791435 42.322182543575764 39
    endloop
  endfacet
  facet normal 0 0 -1
    outer loop
      vertex -38 40 39
      vertex -35.77781745791435 42.322182543575764 39
      vertex -35.61112725734711 42.185383424162865 39
    endloop
  endfacet
  facet normal 0 0 -1
    outer loop
      vertex -38 40 39
      vertex -35.61112725734711 42.185383424162865 39
      vertex -35.42095177620649 42.0837325155735 39
    endloop
  endfacet
  facet normal 0 0 -1
    outer loop
      vertex -32 40 39
      vertex -33.899999998509884 43.100000001490116 39
      vertex -33.899999998509884 46.899999998509884 39
    endloop
  endfacet
  facet normal 0 0 -1
    outer loop
      vertex -38 40 39
      vertex -35.42095177620649 42.0837325155735 39
      vertex -32 40 39
    endloop
  endfacet
  facet normal 0 0 -1
    outer loop
      vertex -32 40 39
      vertex -35.42095177620649 42.0837325155735 39
      vertex -35.21459935605526 42.021136194467545 39
    endloop
  endfacet
  facet normal 0 0 -1
    outer loop
      vertex -32 40 39
      vertex -35.21459935605526 42.021136194467545 39
      vertex -35 42 39
    endloop
  endfacet
  facet normal 0 0 -1
    outer loop
      vertex -32 40 39
      vertex -35 42 39
      vertex -34.78540064394474 42.021136194467545 39
    endloop
  endfacet
  facet normal 0 0 -1
    outer loop
      vertex -32 40 39
      vertex -33.92113619297743 42.885400645434856 39
      vertex -33.899999998509884 43.100000001490116 39
    endloop
  endfacet
  facet normal 0 0 -1
    outer loop
      vertex -32 40 39
      vertex -33.983732514083385 42.67904822528362 39
      vertex -33.92113619297743 42.885400645434856 39
    endloop
  endfacet
  facet normal 0 0 -1
    outer loop
      vertex -32 40 39
      vertex -34.38887274265289 42.185383424162865 39
      vertex -34.22218254208565 42.322182543575764 39
    endloop
  endfacet
  facet normal 0 0 -1
    outer loop
      vertex -32 40 39
      vertex -34.22218254208565 42.322182543575764 39
      vertex -34.08538343012333 42.48887274414301 39
    endloop
  endfacet
  facet normal 0 0 -1
    outer loop
      vertex -32 40 39
      vertex -34.08538343012333 42.48887274414301 39
      vertex -33.983732514083385 42.67904822528362 39
    endloop
  endfacet
  facet normal 0 0 -1
    outer loop
      vertex -32 40 39
      vertex -34.78540064394474 42.021136194467545 39
      vertex -34.57904822379351 42.0837325155735 39
    endloop
  endfacet
  facet normal 0 0 -1
    outer loop
      vertex -32 40 39
      vertex -34.57904822379351 42.0837325155735 39
      vertex -34.38887274265289 42.185383424162865 39
    endloop
  endfacet
  facet normal 0 0 1
    outer loop
      vertex -31.95 51.95 42
      vertex -31.95 52 42
      vertex -32 50.01652892561984 42
    endloop
  endfacet
  facet normal 0 0 -1
    outer loop
      vertex -32 50 39
      vertex -32 40 39
      vertex -33.899999998509884 46.899999998509884 39
    endloop
  endfacet
  facet normal 0 0 1
    outer loop
      vertex -32 50.01652892561984 42
      vertex -33.899999998509884 43.100000001490116 42
      vertex -32 38 42
    endloop
  endfacet
  facet normal 0 1 0
    outer loop
      vertex -38 -38 42
      vertex -32 -38 42
      vertex -38 -38 39
    endloop
  endfacet
  facet normal 0 0 1
    outer loop
      vertex -38 -38 42
      vertex -32 -39.98347107438016 42
      vertex -32 -38 42
    endloop
  endfacet
  facet normal 0 1 0
    outer loop
      vertex -38 -38 39
      vertex -32 -38 42
      vertex -32 -38 39
    endloop
  endfacet
  facet normal 0 0 1
    outer loop
      vertex -38 -38 42
      vertex -38 -40 42
      vertex -35.91461656987667 -42.48887274414301 42
    endloop
  endfacet
  facet normal 0 0 1
    outer loop
      vertex -38 -38 42
      vertex -35.91461656987667 -42.48887274414301 42
      vertex -35.77781745791435 -42.322182543575764 42
    endloop
  endfacet
  facet normal 0 0 1
    outer loop
      vertex -38 -38 42
      vertex -35.77781745791435 -42.322182543575764 42
      vertex -35.61112725734711 -42.185383424162865 42
    endloop
  endfacet
  facet normal 0 0 1
    outer loop
      vertex -38 -38 42
      vertex -35.61112725734711 -42.185383424162865 42
      vertex -35.42095177620649 -42.0837325155735 42
    endloop
  endfacet
  facet normal 0 0 1
    outer loop
      vertex -38 -40 42
      vertex -36.016267485916615 -42.67904822528362 42
      vertex -35.91461656987667 -42.48887274414301 42
    endloop
  endfacet
  facet normal 0 0 1
    outer loop
      vertex -38 -40 42
      vertex -36.07886380702257 -42.885400645434856 42
      vertex -36.016267485916615 -42.67904822528362 42
    endloop
  endfacet
  facet normal 0 0 1
    outer loop
      vertex -38 -40 42
      vertex -36.100000001490116 -43.100000001490116 42
      vertex -36.07886380702257 -42.885400645434856 42
    endloop
  endfacet
  facet normal 0 0 1
    outer loop
      vertex -38 -38 42
      vertex -35.42095177620649 -42.0837325155735 42
      vertex -35.21459935605526 -42.021136194467545 42
    endloop
  endfacet
  facet normal 0 0 1
    outer loop
      vertex -38 -40 42
      vertex -38 -50 42
      vertex -36.100000001490116 -43.100000001490116 42
    endloop
  endfacet
  facet normal -1 0 0
    outer loop
      vertex -38 -40 42
      vertex -38 -40 39
      vertex -38 -50 39
    endloop
  endfacet
  facet normal 0 0 1
    outer loop
      vertex -38 -38 42
      vertex -35.21459935605526 -42.021136194467545 42
      vertex -32 -39.98347107438016 42
    endloop
  endfacet
  facet normal 0 0 1
    outer loop
      vertex -32 -39.98347107438016 42
      vertex -35.21459935605526 -42.021136194467545 42
      vertex -35 -42 42
    endloop
  endfacet
  facet normal 0 0 1
    outer loop
      vertex -32 -39.98347107438016 42
      vertex -35 -42 42
      vertex -34.78540064394474 -42.021136194467545 42
    endloop
  endfacet
  facet normal 0 0 1
    outer loop
      vertex -32 -39.98347107438016 42
      vertex -34.78540064394474 -42.021136194467545 42
      vertex -34.57904822379351 -42.0837325155735 42
    endloop
  endfacet
  facet normal 0 0 1
    outer loop
      vertex -32 -39.98347107438016 42
      vertex -34.57904822379351 -42.0837325155735 42
      vertex -34.38887274265289 -42.185383424162865 42
    endloop
  endfacet
  facet normal 0 0 1
    outer loop
      vertex -32 -39.98347107438016 42
      vertex -34.38887274265289 -42.185383424162865 42
      vertex -34.22218254208565 -42.322182543575764 42
    endloop
  endfacet
  facet normal 0 0 1
    outer loop
      vertex -32 -39.98347107438016 42
      vertex -34.22218254208565 -42.322182543575764 42
      vertex -34.08538343012333 -42.48887274414301 42
    endloop
  endfacet
  facet normal 0 0 1
    outer loop
      vertex -32 -39.98347107438016 42
      vertex -34.08538343012333 -42.48887274414301 42
      vertex -33.983732514083385 -42.67904822528362 42
    endloop
  endfacet
  facet normal 0 0 1
    outer loop
      vertex -32 -39.98347107438016 42
      vertex -33.983732514083385 -42.67904822528362 42
      vertex -33.92113619297743 -42.885400645434856 42
    endloop
  endfacet
  facet normal 0 0 1
    outer loop
      vertex -32 -39.98347107438016 42
      vertex -33.92113619297743 -42.885400645434856 42
      vertex -33.899999998509884 -43.100000001490116 42
    endloop
  endfacet
  facet normal 0 0 1
    outer loop
      vertex -32 -39.98347107438016 42
      vertex -33.899999998509884 -43.100000001490116 42
      vertex -33.899999998509884 -46.899999998509884 42
    endloop
  endfacet
  facet normal 0 0 -1
    outer loop
      vertex -38 -40 39
      vertex -35.42095177620649 -42.0837325155735 39
      vertex -35.61112725734711 -42.185383424162865 39
    endloop
  endfacet
  facet normal 0 0 -1
    outer loop
      vertex -38 -40 39
      vertex -35.77781745791435 -42.322182543575764 39
      vertex -35.91461656987667 -42.48887274414301 39
    endloop
  endfacet
  facet normal 0 0 -1
    outer loop
      vertex -38 -40 39
      vertex -35.91461656987667 -42.48887274414301 39
      vertex -36.016267485916615 -42.67904822528362 39
    endloop
  endfacet
  facet normal 0 0 -1
    outer loop
      vertex -38 -40 39
      vertex -36.016267485916615 -42.67904822528362 39
      vertex -36.07886380702257 -42.885400645434856 39
    endloop
  endfacet
  facet normal 0 0 -1
    outer loop
      vertex -38 -40 39
      vertex -36.07886380702257 -42.885400645434856 39
      vertex -36.100000001490116 -43.100000001490116 39
    endloop
  endfacet
  facet normal 0 0 -1
    outer loop
      vertex -38 -40 39
      vertex -35.61112725734711 -42.185383424162865 39
      vertex -35.77781745791435 -42.322182543575764 39
    endloop
  endfacet
  facet normal 0 0 -1
    outer loop
      vertex -38 -40 39
      vertex -35.21459935605526 -42.021136194467545 39
      vertex -35.42095177620649 -42.0837325155735 39
    endloop
  endfacet
  facet normal 0 0 -1
    outer loop
      vertex -38 -40 39
      vertex -35 -42 39
      vertex -35.21459935605526 -42.021136194467545 39
    endloop
  endfacet
  facet normal 0 0 -1
    outer loop
      vertex -38 -40 39
      vertex -34.78540064394474 -42.021136194467545 39
      vertex -35 -42 39
    endloop
  endfacet
  facet normal 0 0 -1
    outer loop
      vertex -38 -40 39
      vertex -34.57904822379351 -42.0837325155735 39
      vertex -34.78540064394474 -42.021136194467545 39
    endloop
  endfacet
  facet normal 0 0 -1
    outer loop
      vertex -38 -40 39
      vertex -36.100000001490116 -43.100000001490116 39
      vertex -36.100000001490116 -46.899999998509884 39
    endloop
  endfacet
  facet normal 0 0 -1
    outer loop
      vertex -38 -40 39
      vertex -32 -40 39
      vertex -34.57904822379351 -42.0837325155735 39
    endloop
  endfacet
  facet normal 0 0 -1
    outer loop
      vertex -32 -40 39
      vertex -34.38887274265289 -42.185383424162865 39
      vertex -34.57904822379351 -42.0837325155735 39
    endloop
  endfacet
  facet normal 0 0 -1
    outer loop
      vertex -32 -40 39
      vertex -34.22218254208565 -42.322182543575764 39
      vertex -34.38887274265289 -42.185383424162865 39
    endloop
  endfacet
  facet normal 0 0 -1
    outer loop
      vertex -32 -40 39
      vertex -34.08538343012333 -42.48887274414301 39
      vertex -34.22218254208565 -42.322182543575764 39
    endloop
  endfacet
  facet normal 0 0 -1
    outer loop
      vertex -32 -40 39
      vertex -33.983732514083385 -42.67904822528362 39
      vertex -34.08538343012333 -42.48887274414301 39
    endloop
  endfacet
  facet normal 0 0 -1
    outer loop
      vertex -32 -40 39
      vertex -33.92113619297743 -42.885400645434856 39
      vertex -33.983732514083385 -42.67904822528362 39
    endloop
  endfacet
  facet normal 0 0 -1
    outer loop
      vertex -32 -40 39
      vertex -33.899999998509884 -43.100000001490116 39
      vertex -33.92113619297743 -42.885400645434856 39
    endloop
  endfacet
  facet normal -1 0 0
    outer loop
      vertex -38 -40 42
      vertex -38 -50 39
      vertex -38 -50 42
    endloop
  endfacet
  facet normal 0 0 1
    outer loop
      vertex -38 -50 42
      vertex -36.100000001490116 -46.899999998509884 42
      vertex -36.100000001490116 -43.100000001490116 42
    endloop
  endfacet
  facet normal 0 0 1
    outer loop
      vertex -38 -50 42
      vertex -36.07886380702257 -47.114599354565144 42
      vertex -36.100000001490116 -46.899999998509884 42
    endloop
  endfacet
  facet normal 0 0 1
    outer loop
      vertex -38 -50 42
      vertex -36.016267485916615 -47.32095177471638 42
      vertex -36.07886380702257 -47.114599354565144 42
    endloop
  endfacet
  facet normal 0 0 1
    outer loop
      vertex -38 -50 42
      vertex -35.91461656987667 -47.51112725585699 42
      vertex -36.016267485916615 -47.32095177471638 42
    endloop
  endfacet
  facet normal 0 0 1
    outer loop
      vertex -38 -50 42
      vertex -35.77781745791435 -47.677817456424236 42
      vertex -35.91461656987667 -47.51112725585699 42
    endloop
  endfacet
  facet normal 0 0 1
    outer loop
      vertex -38 -50 42
      vertex -35.61112725734711 -47.814616575837135 42
      vertex -35.77781745791435 -47.677817456424236 42
    endloop
  endfacet
  facet normal 0 0 1
    outer loop
      vertex -38 -50 42
      vertex -35.42095177620649 -47.9162674844265 42
      vertex -35.61112725734711 -47.814616575837135 42
    endloop
  endfacet
  facet normal 0 0 1
    outer loop
      vertex -38 -50 42
      vertex -35.21459935605526 -47.978863805532455 42
      vertex -35.42095177620649 -47.9162674844265 42
    endloop
  endfacet
  facet normal 0 0 1
    outer loop
      vertex -38 -50 42
      vertex -35 -48 42
      vertex -35.21459935605526 -47.978863805532455 42
    endloop
  endfacet
  facet normal 0 0 1
    outer loop
      vertex -38 -50 42
      vertex -34.78540064394474 -47.978863805532455 42
      vertex -35 -48 42
    endloop
  endfacet
  facet normal 0 0 1
    outer loop
      vertex -38 -50 42
      vertex -38 -52 42
      vertex -31.954445260837613 -51.998530492285084 42
    endloop
  endfacet
  facet normal 0 -1 0
    outer loop
      vertex -38 -52 42
      vertex -38 -52 39
      vertex -31.95 -52 42
    endloop
  endfacet
  facet normal 0 0 1
    outer loop
      vertex -31.960380595850882 -49.979410388394946 42
      vertex -33.899999998509884 -46.899999998509884 42
      vertex -33.92113619297743 -47.114599354565144 42
    endloop
  endfacet
  facet normal 0 0 1
    outer loop
      vertex -31.960380595850882 -49.979410388394946 42
      vertex -33.92113619297743 -47.114599354565144 42
      vertex -33.983732514083385 -47.32095177471638 42
    endloop
  endfacet
  facet normal 0 0 1
    outer loop
      vertex -38 -50 42
      vertex -31.954445260837613 -51.998530492285084 42
      vertex -34.78540064394474 -47.978863805532455 42
    endloop
  endfacet
  facet normal 0 0 1
    outer loop
      vertex -31.954445260837613 -51.998530492285084 42
      vertex -34.57904822379351 -47.9162674844265 42
      vertex -34.78540064394474 -47.978863805532455 42
    endloop
  endfacet
  facet normal 0 0 1
    outer loop
      vertex -31.954445260837613 -51.998530492285084 42
      vertex -34.38887274265289 -47.814616575837135 42
      vertex -34.57904822379351 -47.9162674844265 42
    endloop
  endfacet
  facet normal 0 0 1
    outer loop
      vertex -31.954445260837613 -51.998530492285084 42
      vertex -34.08538343012333 -47.51112725585699 42
      vertex -34.22218254208565 -47.677817456424236 42
    endloop
  endfacet
  facet normal 0 0 1
    outer loop
      vertex -31.954445260837613 -51.998530492285084 42
      vertex -33.983732514083385 -47.32095177471638 42
      vertex -34.08538343012333 -47.51112725585699 42
    endloop
  endfacet
  facet normal 0 0 1
    outer loop
      vertex -31.954445260837613 -51.998530492285084 42
      vertex -34.22218254208565 -47.677817456424236 42
      vertex -34.38887274265289 -47.814616575837135 42
    endloop
  endfacet
  facet normal 0 0 1
    outer loop
      vertex -38 -52 42
      vertex -31.95 -52 42
      vertex -31.954445260837613 -51.998530492285084 42
    endloop
  endfacet
  facet normal 0 -1 0
    outer loop
      vertex -38 -52 39
      vertex -31.95 -52 39
      vertex -31.95 -52 42
    endloop
  endfacet
  facet normal 0 0 -1
    outer loop
      vertex -38 -40 39
      vertex -36.100000001490116 -46.899999998509884 39
      vertex -38 -50 39
    endloop
  endfacet
  facet normal 0 0 -1
    outer loop
      vertex -38 -50 39
      vertex -36.100000001490116 -46.899999998509884 39
      vertex -36.07886380702257 -47.114599354565144 39
    endloop
  endfacet
  facet normal 0 0 -1
    outer loop
      vertex -38 -50 39
      vertex -36.07886380702257 -47.114599354565144 39
      vertex -36.016267485916615 -47.32095177471638 39
    endloop
  endfacet
  facet normal 0 0 -1
    outer loop
      vertex -38 -50 39
      vertex -36.016267485916615 -47.32095177471638 39
      vertex -35.91461656987667 -47.51112725585699 39
    endloop
  endfacet
  facet normal 0 0 -1
    outer loop
      vertex -38 -50 39
      vertex -35.91461656987667 -47.51112725585699 39
      vertex -35.77781745791435 -47.677817456424236 39
    endloop
  endfacet
  facet normal 0 0 -1
    outer loop
      vertex -38 -50 39
      vertex -35.77781745791435 -47.677817456424236 39
      vertex -35.61112725734711 -47.814616575837135 39
    endloop
  endfacet
  facet normal 0 0 -1
    outer loop
      vertex -38 -50 39
      vertex -35.61112725734711 -47.814616575837135 39
      vertex -35.42095177620649 -47.9162674844265 39
    endloop
  endfacet
  facet normal 0 0 -1
    outer loop
      vertex -32 -50 39
      vertex -33.899999998509884 -46.899999998509884 39
      vertex -33.899999998509884 -43.100000001490116 39
    endloop
  endfacet
  facet normal 0 0 -1
    outer loop
      vertex -32 -50 39
      vertex -35.42095177620649 -47.9162674844265 39
      vertex -35.21459935605526 -47.978863805532455 39
    endloop
  endfacet
  facet normal 0 0 -1
    outer loop
      vertex -32 -50 39
      vertex -35.21459935605526 -47.978863805532455 39
      vertex -35 -48 39
    endloop
  endfacet
  facet normal 0 0 -1
    outer loop
      vertex -32 -50 39
      vertex -35 -48 39
      vertex -34.78540064394474 -47.978863805532455 39
    endloop
  endfacet
  facet normal 0 0 -1
    outer loop
      vertex -32 -50 39
      vertex -34.78540064394474 -47.978863805532455 39
      vertex -34.57904822379351 -47.9162674844265 39
    endloop
  endfacet
  facet normal 0 0 -1
    outer loop
      vertex -32 -50 39
      vertex -34.57904822379351 -47.9162674844265 39
      vertex -34.38887274265289 -47.814616575837135 39
    endloop
  endfacet
  facet normal 0 0 -1
    outer loop
      vertex -32 -50 39
      vertex -33.92113619297743 -47.114599354565144 39
      vertex -33.899999998509884 -46.899999998509884 39
    endloop
  endfacet
  facet normal 0 0 -1
    outer loop
      vertex -32 -50 39
      vertex -34.08538343012333 -47.51112725585699 39
      vertex -33.983732514083385 -47.32095177471638 39
    endloop
  endfacet
  facet normal 0 0 -1
    outer loop
      vertex -32 -50 39
      vertex -33.983732514083385 -47.32095177471638 39
      vertex -33.92113619297743 -47.114599354565144 39
    endloop
  endfacet
  facet normal 0 0 -1
    outer loop
      vertex -32 -50 39
      vertex -34.38887274265289 -47.814616575837135 39
      vertex -34.22218254208565 -47.677817456424236 39
    endloop
  endfacet
  facet normal 0 0 -1
    outer loop
      vertex -32 -50 39
      vertex -34.22218254208565 -47.677817456424236 39
      vertex -34.08538343012333 -47.51112725585699 39
    endloop
  endfacet
  facet normal 0 0 -1
    outer loop
      vertex -38 -50 39
      vertex -35.42095177620649 -47.9162674844265 39
      vertex -32 -50 39
    endloop
  endfacet
  facet normal 0 0 -1
    outer loop
      vertex -32 -40 39
      vertex -32 -50 39
      vertex -33.899999998509884 -43.100000001490116 39
    endloop
  endfacet
  facet normal 0 0 1
    outer loop
      vertex -32 -39.98347107438016 42
      vertex -33.899999998509884 -46.899999998509884 42
      vertex -31.960380595850882 -49.979410388394946 42
    endloop
  endfacet
  facet normal 0 0 1
    outer loop
      vertex -32 -39.98347107438016 42
      vertex -31.960380595850882 -49.979410388394946 42
      vertex -31.95 -49.44999999999996 42
    endloop
  endfacet
  facet normal 0 0 1
    outer loop
      vertex -31.960380595850882 -49.979410388394946 42
      vertex -33.983732514083385 -47.32095177471638 42
      vertex -31.954445260837613 -51.998530492285084 42
    endloop
  endfacet
  facet normal 0 0 1
    outer loop
      vertex -31.960380595850882 -49.979410388394946 42
      vertex -31.954445260837613 -51.998530492285084 42
      vertex -31.95 -51.95 42
    endloop
  endfacet
  facet normal 0 0 1
    outer loop
      vertex -31.95 -51.95 42
      vertex -31.954445260837613 -51.998530492285084 42
      vertex -31.95 -51.998387096774195 42
    endloop
  endfacet
  facet normal 0 0 1
    outer loop
      vertex 31.950687421883874 51.99840927167367 42
      vertex 31.997829793830412 51.88931948535111 42
      vertex 34.22218254208565 47.677817456424236 42
    endloop
  endfacet
  facet normal 0 0 1
    outer loop
      vertex 31.954445260837613 51.998530492285084 42
      vertex 31.950687421883874 51.99840927167367 42
      vertex 34.22218254208565 47.677817456424236 42
    endloop
  endfacet
  facet normal 0 0 1
    outer loop
      vertex 31.997829793830412 51.88931948535111 42
      vertex 32 38 42
      vertex 33.899999998509884 43.100000001490116 42
    endloop
  endfacet
  facet normal 0 0 -1
    outer loop
      vertex 32 50 39
      vertex 33.899999998509884 43.100000001490116 39
      vertex 32 40 39
    endloop
  endfacet
  facet normal 0 0 1
    outer loop
      vertex 31.954445260837613 51.998530492285084 42
      vertex 38 52 42
      vertex 31.95 52 42
    endloop
  endfacet
  facet normal 0 0 1
    outer loop
      vertex 31.954445260837613 51.998530492285084 42
      vertex 34.22218254208565 47.677817456424236 42
      vertex 34.38887274265289 47.814616575837135 42
    endloop
  endfacet
  facet normal 0 0 1
    outer loop
      vertex 31.997829793830412 51.88931948535111 42
      vertex 33.92113619297743 47.114599354565144 42
      vertex 33.983732514083385 47.32095177471638 42
    endloop
  endfacet
  facet normal 0 0 1
    outer loop
      vertex 31.997829793830412 51.88931948535111 42
      vertex 33.983732514083385 47.32095177471638 42
      vertex 34.08538343012333 47.51112725585699 42
    endloop
  endfacet
  facet normal 0 0 1
    outer loop
      vertex 31.997829793830412 51.88931948535111 42
      vertex 34.08538343012333 47.51112725585699 42
      vertex 34.22218254208565 47.677817456424236 42
    endloop
  endfacet
  facet normal 0 0 1
    outer loop
      vertex 31.954445260837613 51.998530492285084 42
      vertex 34.38887274265289 47.814616575837135 42
      vertex 34.57904822379351 47.9162674844265 42
    endloop
  endfacet
  facet normal 0 0 1
    outer loop
      vertex 31.954445260837613 51.998530492285084 42
      vertex 34.57904822379351 47.9162674844265 42
      vertex 34.78540064394474 47.978863805532455 42
    endloop
  endfacet
  facet normal 0 0 1
    outer loop
      vertex 31.954445260837613 51.998530492285084 42
      vertex 34.78540064394474 47.978863805532455 42
      vertex 38 50 42
    endloop
  endfacet
  facet normal 0 1 0
    outer loop
      vertex 31.95 52 42
      vertex 38 52 39
      vertex 31.95 52 39
    endloop
  endfacet
  facet normal 0 0 1
    outer loop
      vertex 31.997829793830412 51.88931948535111 42
      vertex 33.899999998509884 46.899999998509884 42
      vertex 33.92113619297743 47.114599354565144 42
    endloop
  endfacet
  facet normal 0 0 1
    outer loop
      vertex 31.997829793830412 51.88931948535111 42
      vertex 33.899999998509884 43.100000001490116 42
      vertex 33.899999998509884 46.899999998509884 42
    endloop
  endfacet
  facet normal 0 0 1
    outer loop
      vertex 31.954445260837613 51.998530492285084 42
      vertex 38 50 42
      vertex 38 52 42
    endloop
  endfacet
  facet normal 0 1 0
    outer loop
      vertex 31.95 52 42
      vertex 38 52 42
      vertex 38 52 39
    endloop
  endfacet
  facet normal 0 0 1
    outer loop
      vertex 38 50 42
      vertex 34.78540064394474 47.978863805532455 42
      vertex 35 48 42
    endloop
  endfacet
  facet normal 0 0 1
    outer loop
      vertex 38 50 42
      vertex 35 48 42
      vertex 35.21459935605526 47.978863805532455 42
    endloop
  endfacet
  facet normal 0 0 1
    outer loop
      vertex 38 50 42
      vertex 35.21459935605526 47.978863805532455 42
      vertex 35.42095177620649 47.9162674844265 42
    endloop
  endfacet
  facet normal 0 0 1
    outer loop
      vertex 38 50 42
      vertex 35.42095177620649 47.9162674844265 42
      vertex 35.61112725734711 47.814616575837135 42
    endloop
  endfacet
  facet normal 0 0 1
    outer loop
      vertex 38 50 42
      vertex 35.61112725734711 47.814616575837135 42
      vertex 35.77781745791435 47.677817456424236 42
    endloop
  endfacet
  facet normal 0 0 1
    outer loop
      vertex 38 50 42
      vertex 35.77781745791435 47.677817456424236 42
      vertex 35.91461656987667 47.51112725585699 42
    endloop
  endfacet
  facet normal 0 0 1
    outer loop
      vertex 38 50 42
      vertex 35.91461656987667 47.51112725585699 42
      vertex 36.016267485916615 47.32095177471638 42
    endloop
  endfacet
  facet normal 0 0 1
    outer loop
      vertex 38 50 42
      vertex 36.016267485916615 47.32095177471638 42
      vertex 36.07886380702257 47.114599354565144 42
    endloop
  endfacet
  facet normal 0 0 1
    outer loop
      vertex 38 50 42
      vertex 36.07886380702257 47.114599354565144 42
      vertex 36.100000001490116 46.899999998509884 42
    endloop
  endfacet
  facet normal 0 0 1
    outer loop
      vertex 38 50 42
      vertex 36.100000001490116 46.899999998509884 42
      vertex 36.100000001490116 43.100000001490116 42
    endloop
  endfacet
  facet normal 1 0 0
    outer loop
      vertex 38 50 42
      vertex 38 40 42
      vertex 38 50 39
    endloop
  endfacet
  facet normal 0 0 -1
    outer loop
      vertex 32 50 39
      vertex 38 50 39
      vertex 35.42095177620649 47.9162674844265 39
    endloop
  endfacet
  facet normal 0 0 -1
    outer loop
      vertex 32 50 39
      vertex 34.22218254208565 47.677817456424236 39
      vertex 34.08538343012333 47.51112725585699 39
    endloop
  endfacet
  facet normal 0 0 -1
    outer loop
      vertex 32 50 39
      vertex 34.38887274265289 47.814616575837135 39
      vertex 34.22218254208565 47.677817456424236 39
    endloop
  endfacet
  facet normal 0 0 -1
    outer loop
      vertex 32 50 39
      vertex 33.983732514083385 47.32095177471638 39
      vertex 33.92113619297743 47.114599354565144 39
    endloop
  endfacet
  facet normal 0 0 -1
    outer loop
      vertex 32 50 39
      vertex 34.08538343012333 47.51112725585699 39
      vertex 33.983732514083385 47.32095177471638 39
    endloop
  endfacet
  facet normal 0 0 -1
    outer loop
      vertex 32 50 39
      vertex 33.92113619297743 47.114599354565144 39
      vertex 33.899999998509884 46.899999998509884 39
    endloop
  endfacet
  facet normal 0 0 -1
    outer loop
      vertex 32 50 39
      vertex 34.57904822379351 47.9162674844265 39
      vertex 34.38887274265289 47.814616575837135 39
    endloop
  endfacet
  facet normal 0 0 -1
    outer loop
      vertex 32 50 39
      vertex 34.78540064394474 47.978863805532455 39
      vertex 34.57904822379351 47.9162674844265 39
    endloop
  endfacet
  facet normal 0 0 -1
    outer loop
      vertex 32 50 39
      vertex 35 48 39
      vertex 34.78540064394474 47.978863805532455 39
    endloop
  endfacet
  facet normal 0 0 -1
    outer loop
      vertex 32 50 39
      vertex 35.21459935605526 47.978863805532455 39
      vertex 35 48 39
    endloop
  endfacet
  facet normal 0 0 -1
    outer loop
      vertex 32 50 39
      vertex 35.42095177620649 47.9162674844265 39
      vertex 35.21459935605526 47.978863805532455 39
    endloop
  endfacet
  facet normal 0 0 -1
    outer loop
      vertex 32 50 39
      vertex 33.899999998509884 46.899999998509884 39
      vertex 33.899999998509884 43.100000001490116 39
    endloop
  endfacet
  facet normal 0 0 -1
    outer loop
      vertex 38 50 39
      vertex 35.61112725734711 47.814616575837135 39
      vertex 35.42095177620649 47.9162674844265 39
    endloop
  endfacet
  facet normal 0 0 -1
    outer loop
      vertex 38 50 39
      vertex 35.77781745791435 47.677817456424236 39
      vertex 35.61112725734711 47.814616575837135 39
    endloop
  endfacet
  facet normal 0 0 -1
    outer loop
      vertex 38 50 39
      vertex 35.91461656987667 47.51112725585699 39
      vertex 35.77781745791435 47.677817456424236 39
    endloop
  endfacet
  facet normal 0 0 -1
    outer loop
      vertex 38 50 39
      vertex 36.016267485916615 47.32095177471638 39
      vertex 35.91461656987667 47.51112725585699 39
    endloop
  endfacet
  facet normal 0 0 -1
    outer loop
      vertex 38 50 39
      vertex 36.07886380702257 47.114599354565144 39
      vertex 36.016267485916615 47.32095177471638 39
    endloop
  endfacet
  facet normal 0 0 -1
    outer loop
      vertex 38 50 39
      vertex 36.100000001490116 46.899999998509884 39
      vertex 36.07886380702257 47.114599354565144 39
    endloop
  endfacet
  facet normal 0 0 -1
    outer loop
      vertex 38 50 39
      vertex 38 40 39
      vertex 36.100000001490116 46.899999998509884 39
    endloop
  endfacet
  facet normal 0 0 1
    outer loop
      vertex 32 38 42
      vertex 33.92113619297743 42.885400645434856 42
      vertex 33.899999998509884 43.100000001490116 42
    endloop
  endfacet
  facet normal 0 0 1
    outer loop
      vertex 32 38 42
      vertex 33.983732514083385 42.67904822528362 42
      vertex 33.92113619297743 42.885400645434856 42
    endloop
  endfacet
  facet normal 0 0 1
    outer loop
      vertex 32 38 42
      vertex 34.08538343012333 42.48887274414301 42
      vertex 33.983732514083385 42.67904822528362 42
    endloop
  endfacet
  facet normal 0 0 1
    outer loop
      vertex 32 38 42
      vertex 34.22218254208565 42.322182543575764 42
      vertex 34.08538343012333 42.48887274414301 42
    endloop
  endfacet
  facet normal 0 0 1
    outer loop
      vertex 32 38 42
      vertex 34.38887274265289 42.185383424162865 42
      vertex 34.22218254208565 42.322182543575764 42
    endloop
  endfacet
  facet normal 0 0 1
    outer loop
      vertex 32 38 42
      vertex 34.57904822379351 42.0837325155735 42
      vertex 34.38887274265289 42.185383424162865 42
    endloop
  endfacet
  facet normal 0 0 1
    outer loop
      vertex 32 38 42
      vertex 34.78540064394474 42.021136194467545 42
      vertex 34.57904822379351 42.0837325155735 42
    endloop
  endfacet
  facet normal 0 0 1
    outer loop
      vertex 32 38 42
      vertex 35 42 42
      vertex 34.78540064394474 42.021136194467545 42
    endloop
  endfacet
  facet normal 0 0 1
    outer loop
      vertex 32 38 42
      vertex 35.21459935605526 42.021136194467545 42
      vertex 35 42 42
    endloop
  endfacet
  facet normal 0 0 1
    outer loop
      vertex 32 38 42
      vertex 38 38 42
      vertex 35.21459935605526 42.021136194467545 42
    endloop
  endfacet
  facet normal 0 0 1
    outer loop
      vertex 38 50 42
      vertex 36.100000001490116 43.100000001490116 42
      vertex 38 40 42
    endloop
  endfacet
  facet normal 1 0 0
    outer loop
      vertex 38 50 39
      vertex 38 40 42
      vertex 38 40 39
    endloop
  endfacet
  facet normal 0 0 1
    outer loop
      vertex 38 38 42
      vertex 35.42095177620649 42.0837325155735 42
      vertex 35.21459935605526 42.021136194467545 42
    endloop
  endfacet
  facet normal 0 0 1
    outer loop
      vertex 38 40 42
      vertex 36.100000001490116 43.100000001490116 42
      vertex 36.07886380702257 42.885400645434856 42
    endloop
  endfacet
  facet normal 0 0 1
    outer loop
      vertex 38 40 42
      vertex 36.07886380702257 42.885400645434856 42
      vertex 36.016267485916615 42.67904822528362 42
    endloop
  endfacet
  facet normal 0 0 1
    outer loop
      vertex 38 40 42
      vertex 36.016267485916615 42.67904822528362 42
      vertex 35.91461656987667 42.48887274414301 42
    endloop
  endfacet
  facet normal 0 0 1
    outer loop
      vertex 38 38 42
      vertex 35.61112725734711 42.185383424162865 42
      vertex 35.42095177620649 42.0837325155735 42
    endloop
  endfacet
  facet normal 0 0 1
    outer loop
      vertex 38 38 42
      vertex 35.77781745791435 42.322182543575764 42
      vertex 35.61112725734711 42.185383424162865 42
    endloop
  endfacet
  facet normal 0 0 1
    outer loop
      vertex 38 38 42
      vertex 35.91461656987667 42.48887274414301 42
      vertex 35.77781745791435 42.322182543575764 42
    endloop
  endfacet
  facet normal 0 0 1
    outer loop
      vertex 38 40 42
      vertex 35.91461656987667 42.48887274414301 42
      vertex 38 38 42
    endloop
  endfacet
  facet normal 0 0 -1
    outer loop
      vertex 32 40 39
      vertex 33.899999998509884 43.100000001490116 39
      vertex 33.92113619297743 42.885400645434856 39
    endloop
  endfacet
  facet normal 0 0 -1
    outer loop
      vertex 32 40 39
      vertex 33.92113619297743 42.885400645434856 39
      vertex 33.983732514083385 42.67904822528362 39
    endloop
  endfacet
  facet normal 0 0 -1
    outer loop
      vertex 32 40 39
      vertex 33.983732514083385 42.67904822528362 39
      vertex 34.08538343012333 42.48887274414301 39
    endloop
  endfacet
  facet normal 0 0 -1
    outer loop
      vertex 32 40 39
      vertex 34.08538343012333 42.48887274414301 39
      vertex 34.22218254208565 42.322182543575764 39
    endloop
  endfacet
  facet normal 0 0 -1
    outer loop
      vertex 32 40 39
      vertex 34.22218254208565 42.322182543575764 39
      vertex 34.38887274265289 42.185383424162865 39
    endloop
  endfacet
  facet normal 0 0 -1
    outer loop
      vertex 32 40 39
      vertex 34.38887274265289 42.185383424162865 39
      vertex 34.57904822379351 42.0837325155735 39
    endloop
  endfacet
  facet normal 0 0 -1
    outer loop
      vertex 32 40 39
      vertex 34.57904822379351 42.0837325155735 39
      vertex 38 40 39
    endloop
  endfacet
  facet normal 0 0 -1
    outer loop
      vertex 38 40 39
      vertex 36.100000001490116 43.100000001490116 39
      vertex 36.100000001490116 46.899999998509884 39
    endloop
  endfacet
  facet normal 0 0 -1
    outer loop
      vertex 38 40 39
      vertex 34.57904822379351 42.0837325155735 39
      vertex 34.78540064394474 42.021136194467545 39
    endloop
  endfacet
  facet normal 0 0 -1
    outer loop
      vertex 38 40 39
      vertex 34.78540064394474 42.021136194467545 39
      vertex 35 42 39
    endloop
  endfacet
  facet normal 0 0 -1
    outer loop
      vertex 38 40 39
      vertex 35 42 39
      vertex 35.21459935605526 42.021136194467545 39
    endloop
  endfacet
  facet normal 0 0 -1
    outer loop
      vertex 38 40 39
      vertex 35.21459935605526 42.021136194467545 39
      vertex 35.42095177620649 42.0837325155735 39
    endloop
  endfacet
  facet normal 0 0 -1
    outer loop
      vertex 38 40 39
      vertex 35.61112725734711 42.185383424162865 39
      vertex 35.77781745791435 42.322182543575764 39
    endloop
  endfacet
  facet normal 0 0 -1
    outer loop
      vertex 38 40 39
      vertex 36.07886380702257 42.885400645434856 39
      vertex 36.100000001490116 43.100000001490116 39
    endloop
  endfacet
  facet normal 0 0 -1
    outer loop
      vertex 38 40 39
      vertex 36.016267485916615 42.67904822528362 39
      vertex 36.07886380702257 42.885400645434856 39
    endloop
  endfacet
  facet normal 0 0 -1
    outer loop
      vertex 38 40 39
      vertex 35.91461656987667 42.48887274414301 39
      vertex 36.016267485916615 42.67904822528362 39
    endloop
  endfacet
  facet normal 0 0 -1
    outer loop
      vertex 38 40 39
      vertex 35.77781745791435 42.322182543575764 39
      vertex 35.91461656987667 42.48887274414301 39
    endloop
  endfacet
  facet normal 0 0 -1
    outer loop
      vertex 38 40 39
      vertex 35.42095177620649 42.0837325155735 39
      vertex 35.61112725734711 42.185383424162865 39
    endloop
  endfacet
  facet normal 0 -1 0
    outer loop
      vertex 32 38 42
      vertex 32 38 39
      vertex 38 38 39
    endloop
  endfacet
  facet normal 0 -1 0
    outer loop
      vertex 32 38 42
      vertex 38 38 39
      vertex 38 38 42
    endloop
  endfacet
  facet normal 0 1 0
    outer loop
      vertex 32 -38 42
      vertex 38 -38 42
      vertex 32 -38 39
    endloop
  endfacet
  facet normal 0 0 1
    outer loop
      vertex 32 -38 42
      vertex 38 -40 42
      vertex 38 -38 42
    endloop
  endfacet
  facet normal 0 1 0
    outer loop
      vertex 32 -38 39
      vertex 38 -38 42
      vertex 38 -38 39
    endloop
  endfacet
  facet normal 0 0 1
    outer loop
      vertex 32 -38 42
      vertex 32 -38.11570247933884 42
      vertex 34.22218254208565 -42.322182543575764 42
    endloop
  endfacet
  facet normal 0 0 1
    outer loop
      vertex 32 -38.11570247933884 42
      vertex 31.95 -51.95 42
      vertex 33.899999998509884 -43.100000001490116 42
    endloop
  endfacet
  facet normal 0 0 1
    outer loop
      vertex 31.95 -51.95 42
      vertex 33.899999998509884 -46.899999998509884 42
      vertex 33.899999998509884 -43.100000001490116 42
    endloop
  endfacet
  facet normal 0 0 -1
    outer loop
      vertex 32 -40 39
      vertex 33.899999998509884 -46.899999998509884 39
      vertex 32 -50 39
    endloop
  endfacet
  facet normal 0 0 1
    outer loop
      vertex 32 -38.11570247933884 42
      vertex 34.08538343012333 -42.48887274414301 42
      vertex 34.22218254208565 -42.322182543575764 42
    endloop
  endfacet
  facet normal 0 0 1
    outer loop
      vertex 32 -38 42
      vertex 34.22218254208565 -42.322182543575764 42
      vertex 34.38887274265289 -42.185383424162865 42
    endloop
  endfacet
  facet normal 0 0 1
    outer loop
      vertex 32 -38.11570247933884 42
      vertex 33.92113619297743 -42.885400645434856 42
      vertex 33.983732514083385 -42.67904822528362 42
    endloop
  endfacet
  facet normal 0 0 1
    outer loop
      vertex 32 -38.11570247933884 42
      vertex 33.983732514083385 -42.67904822528362 42
      vertex 34.08538343012333 -42.48887274414301 42
    endloop
  endfacet
  facet normal 0 0 1
    outer loop
      vertex 32 -38.11570247933884 42
      vertex 33.899999998509884 -43.100000001490116 42
      vertex 33.92113619297743 -42.885400645434856 42
    endloop
  endfacet
  facet normal 0 0 1
    outer loop
      vertex 32 -38 42
      vertex 34.38887274265289 -42.185383424162865 42
      vertex 34.57904822379351 -42.0837325155735 42
    endloop
  endfacet
  facet normal 0 0 1
    outer loop
      vertex 32 -38 42
      vertex 34.57904822379351 -42.0837325155735 42
      vertex 34.78540064394474 -42.021136194467545 42
    endloop
  endfacet
  facet normal 0 0 1
    outer loop
      vertex 32 -38 42
      vertex 34.78540064394474 -42.021136194467545 42
      vertex 38 -40 42
    endloop
  endfacet
  facet normal 0 0 1
    outer loop
      vertex 38 -40 42
      vertex 34.78540064394474 -42.021136194467545 42
      vertex 35 -42 42
    endloop
  endfacet
  facet normal 0 0 1
    outer loop
      vertex 38 -40 42
      vertex 35 -42 42
      vertex 35.21459935605526 -42.021136194467545 42
    endloop
  endfacet
  facet normal 0 0 1
    outer loop
      vertex 38 -40 42
      vertex 35.21459935605526 -42.021136194467545 42
      vertex 35.42095177620649 -42.0837325155735 42
    endloop
  endfacet
  facet normal 0 0 1
    outer loop
      vertex 38 -40 42
      vertex 35.42095177620649 -42.0837325155735 42
      vertex 35.61112725734711 -42.185383424162865 42
    endloop
  endfacet
  facet normal 0 0 1
    outer loop
      vertex 38 -40 42
      vertex 35.61112725734711 -42.185383424162865 42
      vertex 35.77781745791435 -42.322182543575764 42
    endloop
  endfacet
  facet normal 0 0 1
    outer loop
      vertex 38 -40 42
      vertex 35.77781745791435 -42.322182543575764 42
      vertex 35.91461656987667 -42.48887274414301 42
    endloop
  endfacet
  facet normal 0 0 1
    outer loop
      vertex 38 -40 42
      vertex 35.91461656987667 -42.48887274414301 42
      vertex 36.016267485916615 -42.67904822528362 42
    endloop
  endfacet
  facet normal 0 0 1
    outer loop
      vertex 38 -40 42
      vertex 36.016267485916615 -42.67904822528362 42
      vertex 36.07886380702257 -42.885400645434856 42
    endloop
  endfacet
  facet normal 0 0 1
    outer loop
      vertex 38 -40 42
      vertex 36.07886380702257 -42.885400645434856 42
      vertex 36.100000001490116 -43.100000001490116 42
    endloop
  endfacet
  facet normal 0 0 1
    outer loop
      vertex 38 -40 42
      vertex 36.100000001490116 -43.100000001490116 42
      vertex 36.100000001490116 -46.899999998509884 42
    endloop
  endfacet
  facet normal 1 0 0
    outer loop
      vertex 38 -40 42
      vertex 38 -50 42
      vertex 38 -40 39
    endloop
  endfacet
  facet normal 0 0 -1
    outer loop
      vertex 32 -40 39
      vertex 34.57904822379351 -42.0837325155735 39
      vertex 34.38887274265289 -42.185383424162865 39
    endloop
  endfacet
  facet normal 0 0 -1
    outer loop
      vertex 32 -40 39
      vertex 34.78540064394474 -42.021136194467545 39
      vertex 34.57904822379351 -42.0837325155735 39
    endloop
  endfacet
  facet normal 0 0 -1
    outer loop
      vertex 32 -40 39
      vertex 34.08538343012333 -42.48887274414301 39
      vertex 33.983732514083385 -42.67904822528362 39
    endloop
  endfacet
  facet normal 0 0 -1
    outer loop
      vertex 32 -40 39
      vertex 34.22218254208565 -42.322182543575764 39
      vertex 34.08538343012333 -42.48887274414301 39
    endloop
  endfacet
  facet normal 0 0 -1
    outer loop
      vertex 32 -40 39
      vertex 34.38887274265289 -42.185383424162865 39
      vertex 34.22218254208565 -42.322182543575764 39
    endloop
  endfacet
  facet normal 0 0 -1
    outer loop
      vertex 32 -40 39
      vertex 33.983732514083385 -42.67904822528362 39
      vertex 33.92113619297743 -42.885400645434856 39
    endloop
  endfacet
  facet normal 0 0 -1
    outer loop
      vertex 32 -40 39
      vertex 33.92113619297743 -42.885400645434856 39
      vertex 33.899999998509884 -43.100000001490116 39
    endloop
  endfacet
  facet normal 0 0 -1
    outer loop
      vertex 32 -40 39
      vertex 35 -42 39
      vertex 34.78540064394474 -42.021136194467545 39
    endloop
  endfacet
  facet normal 0 0 -1
    outer loop
      vertex 32 -40 39
      vertex 35.21459935605526 -42.021136194467545 39
      vertex 35 -42 39
    endloop
  endfacet
  facet normal 0 0 -1
    outer loop
      vertex 32 -40 39
      vertex 35.42095177620649 -42.0837325155735 39
      vertex 35.21459935605526 -42.021136194467545 39
    endloop
  endfacet
  facet normal 0 0 -1
    outer loop
      vertex 32 -40 39
      vertex 38 -40 39
      vertex 35.42095177620649 -42.0837325155735 39
    endloop
  endfacet
  facet normal 0 0 -1
    outer loop
      vertex 32 -40 39
      vertex 33.899999998509884 -43.100000001490116 39
      vertex 33.899999998509884 -46.899999998509884 39
    endloop
  endfacet
  facet normal 0 0 -1
    outer loop
      vertex 38 -40 39
      vertex 35.61112725734711 -42.185383424162865 39
      vertex 35.42095177620649 -42.0837325155735 39
    endloop
  endfacet
  facet normal 0 0 -1
    outer loop
      vertex 38 -40 39
      vertex 35.77781745791435 -42.322182543575764 39
      vertex 35.61112725734711 -42.185383424162865 39
    endloop
  endfacet
  facet normal 0 0 -1
    outer loop
      vertex 38 -40 39
      vertex 35.91461656987667 -42.48887274414301 39
      vertex 35.77781745791435 -42.322182543575764 39
    endloop
  endfacet
  facet normal 0 0 -1
    outer loop
      vertex 38 -40 39
      vertex 36.016267485916615 -42.67904822528362 39
      vertex 35.91461656987667 -42.48887274414301 39
    endloop
  endfacet
  facet normal 0 0 -1
    outer loop
      vertex 38 -40 39
      vertex 36.07886380702257 -42.885400645434856 39
      vertex 36.016267485916615 -42.67904822528362 39
    endloop
  endfacet
  facet normal 0 0 -1
    outer loop
      vertex 38 -40 39
      vertex 36.100000001490116 -43.100000001490116 39
      vertex 36.07886380702257 -42.885400645434856 39
    endloop
  endfacet
  facet normal 0 0 -1
    outer loop
      vertex 38 -40 39
      vertex 38 -50 39
      vertex 36.100000001490116 -43.100000001490116 39
    endloop
  endfacet
  facet normal 0 0 1
    outer loop
      vertex 31.95 -51.95 42
      vertex 33.92113619297743 -47.114599354565144 42
      vertex 33.899999998509884 -46.899999998509884 42
    endloop
  endfacet
  facet normal 0 0 1
    outer loop
      vertex 31.95 -51.95 42
      vertex 33.983732514083385 -47.32095177471638 42
      vertex 33.92113619297743 -47.114599354565144 42
    endloop
  endfacet
  facet normal 0 0 1
    outer loop
      vertex 31.95 -51.95 42
      vertex 34.08538343012333 -47.51112725585699 42
      vertex 33.983732514083385 -47.32095177471638 42
    endloop
  endfacet
  facet normal 0 0 1
    outer loop
      vertex 31.95 -51.95 42
      vertex 34.22218254208565 -47.677817456424236 42
      vertex 34.08538343012333 -47.51112725585699 42
    endloop
  endfacet
  facet normal 0 0 1
    outer loop
      vertex 31.95 -51.95 42
      vertex 34.38887274265289 -47.814616575837135 42
      vertex 34.22218254208565 -47.677817456424236 42
    endloop
  endfacet
  facet normal 0 0 1
    outer loop
      vertex 31.95 -51.95 42
      vertex 34.57904822379351 -47.9162674844265 42
      vertex 34.38887274265289 -47.814616575837135 42
    endloop
  endfacet
  facet normal 0 0 1
    outer loop
      vertex 31.95 -51.95 42
      vertex 34.78540064394474 -47.978863805532455 42
      vertex 34.57904822379351 -47.9162674844265 42
    endloop
  endfacet
  facet normal 0 0 1
    outer loop
      vertex 31.95 -51.95 42
      vertex 35 -48 42
      vertex 34.78540064394474 -47.978863805532455 42
    endloop
  endfacet
  facet normal 0 0 1
    outer loop
      vertex 31.95 -51.95 42
      vertex 35.21459935605526 -47.978863805532455 42
      vertex 35 -48 42
    endloop
  endfacet
  facet normal 0 0 1
    outer loop
      vertex 31.95 -51.95 42
      vertex 31.95 -52 42
      vertex 38 -52 42
    endloop
  endfacet
  facet normal 0 -1 0
    outer loop
      vertex 31.95 -52 42
      vertex 31.95 -52 39
      vertex 38 -52 42
    endloop
  endfacet
  facet normal 0 0 1
    outer loop
      vertex 31.95 -51.95 42
      vertex 38 -52 42
      vertex 35.21459935605526 -47.978863805532455 42
    endloop
  endfacet
  facet normal 0 0 1
    outer loop
      vertex 38 -50 42
      vertex 36.016267485916615 -47.32095177471638 42
      vertex 35.91461656987667 -47.51112725585699 42
    endloop
  endfacet
  facet normal 0 0 1
    outer loop
      vertex 38 -50 42
      vertex 36.100000001490116 -46.899999998509884 42
      vertex 36.07886380702257 -47.114599354565144 42
    endloop
  endfacet
  facet normal 0 0 1
    outer loop
      vertex 38 -50 42
      vertex 36.07886380702257 -47.114599354565144 42
      vertex 36.016267485916615 -47.32095177471638 42
    endloop
  endfacet
  facet normal 0 0 1
    outer loop
      vertex 38 -40 42
      vertex 36.100000001490116 -46.899999998509884 42
      vertex 38 -50 42
    endloop
  endfacet
  facet normal 1 0 0
    outer loop
      vertex 38 -40 39
      vertex 38 -50 42
      vertex 38 -50 39
    endloop
  endfacet
  facet normal 0 0 1
    outer loop
      vertex 38 -52 42
      vertex 35.42095177620649 -47.9162674844265 42
      vertex 35.21459935605526 -47.978863805532455 42
    endloop
  endfacet
  facet normal 0 0 1
    outer loop
      vertex 38 -52 42
      vertex 35.61112725734711 -47.814616575837135 42
      vertex 35.42095177620649 -47.9162674844265 42
    endloop
  endfacet
  facet normal 0 0 1
    outer loop
      vertex 38 -52 42
      vertex 35.77781745791435 -47.677817456424236 42
      vertex 35.61112725734711 -47.814616575837135 42
    endloop
  endfacet
  facet normal 0 0 1
    outer loop
      vertex 38 -52 42
      vertex 35.91461656987667 -47.51112725585699 42
      vertex 35.77781745791435 -47.677817456424236 42
    endloop
  endfacet
  facet normal 0 0 1
    outer loop
      vertex 38 -50 42
      vertex 35.91461656987667 -47.51112725585699 42
      vertex 38 -52 42
    endloop
  endfacet
  facet normal 0 -1 0
    outer loop
      vertex 31.95 -52 39
      vertex 38 -52 39
      vertex 38 -52 42
    endloop
  endfacet
  facet normal 0 0 -1
    outer loop
      vertex 32 -50 39
      vertex 33.899999998509884 -46.899999998509884 39
      vertex 33.92113619297743 -47.114599354565144 39
    endloop
  endfacet
  facet normal 0 0 -1
    outer loop
      vertex 32 -50 39
      vertex 33.92113619297743 -47.114599354565144 39
      vertex 33.983732514083385 -47.32095177471638 39
    endloop
  endfacet
  facet normal 0 0 -1
    outer loop
      vertex 32 -50 39
      vertex 33.983732514083385 -47.32095177471638 39
      vertex 34.08538343012333 -47.51112725585699 39
    endloop
  endfacet
  facet normal 0 0 -1
    outer loop
      vertex 32 -50 39
      vertex 34.08538343012333 -47.51112725585699 39
      vertex 34.22218254208565 -47.677817456424236 39
    endloop
  endfacet
  facet normal 0 0 -1
    outer loop
      vertex 32 -50 39
      vertex 34.22218254208565 -47.677817456424236 39
      vertex 34.38887274265289 -47.814616575837135 39
    endloop
  endfacet
  facet normal 0 0 -1
    outer loop
      vertex 32 -50 39
      vertex 34.38887274265289 -47.814616575837135 39
      vertex 34.57904822379351 -47.9162674844265 39
    endloop
  endfacet
  facet normal 0 0 -1
    outer loop
      vertex 32 -50 39
      vertex 34.57904822379351 -47.9162674844265 39
      vertex 38 -50 39
    endloop
  endfacet
  facet normal 0 0 -1
    outer loop
      vertex 38 -50 39
      vertex 36.100000001490116 -46.899999998509884 39
      vertex 36.100000001490116 -43.100000001490116 39
    endloop
  endfacet
  facet normal 0 0 -1
    outer loop
      vertex 38 -50 39
      vertex 34.57904822379351 -47.9162674844265 39
      vertex 34.78540064394474 -47.978863805532455 39
    endloop
  endfacet
  facet normal 0 0 -1
    outer loop
      vertex 38 -50 39
      vertex 34.78540064394474 -47.978863805532455 39
      vertex 35 -48 39
    endloop
  endfacet
  facet normal 0 0 -1
    outer loop
      vertex 38 -50 39
      vertex 35 -48 39
      vertex 35.21459935605526 -47.978863805532455 39
    endloop
  endfacet
  facet normal 0 0 -1
    outer loop
      vertex 38 -50 39
      vertex 35.21459935605526 -47.978863805532455 39
      vertex 35.42095177620649 -47.9162674844265 39
    endloop
  endfacet
  facet normal 0 0 -1
    outer loop
      vertex 38 -50 39
      vertex 35.42095177620649 -47.9162674844265 39
      vertex 35.61112725734711 -47.814616575837135 39
    endloop
  endfacet
  facet normal 0 0 -1
    outer loop
      vertex 38 -50 39
      vertex 35.61112725734711 -47.814616575837135 39
      vertex 35.77781745791435 -47.677817456424236 39
    endloop
  endfacet
  facet normal 0 0 -1
    outer loop
      vertex 38 -50 39
      vertex 35.91461656987667 -47.51112725585699 39
      vertex 36.016267485916615 -47.32095177471638 39
    endloop
  endfacet
  facet normal 0 0 -1
    outer loop
      vertex 38 -50 39
      vertex 36.07886380702257 -47.114599354565144 39
      vertex 36.100000001490116 -46.899999998509884 39
    endloop
  endfacet
  facet normal 0 0 -1
    outer loop
      vertex 38 -50 39
      vertex 36.016267485916615 -47.32095177471638 39
      vertex 36.07886380702257 -47.114599354565144 39
    endloop
  endfacet
  facet normal 0 0 -1
    outer loop
      vertex 38 -50 39
      vertex 35.77781745791435 -47.677817456424236 39
      vertex 35.91461656987667 -47.51112725585699 39
    endloop
  endfacet
  facet normal 0.8819212574357823 -0.47139674975851126 0
    outer loop
      vertex -35.91461656987667 47.51112725585699 42
      vertex -36.016267485916615 47.32095177471638 42
      vertex -36.016267485916615 47.32095177471638 39
    endloop
  endfacet
  facet normal 0.9569403372796865 -0.29028467215311193 0
    outer loop
      vertex -36.016267485916615 47.32095177471638 42
      vertex -36.07886380702257 47.114599354565144 42
      vertex -36.07886380702257 47.114599354565144 39
    endloop
  endfacet
  facet normal 0.773010454004492 -0.6343932833816648 0
    outer loop
      vertex -35.77781745791435 47.677817456424236 42
      vertex -35.91461656987667 47.51112725585699 42
      vertex -35.91461656987667 47.51112725585699 39
    endloop
  endfacet
  facet normal 0.6343933040276748 -0.7730104370607489 0
    outer loop
      vertex -35.61112725734711 47.814616575837135 42
      vertex -35.77781745791435 47.677817456424236 42
      vertex -35.77781745791435 47.677817456424236 39
    endloop
  endfacet
  facet normal 0.9951847254372096 -0.09801715286859666 0
    outer loop
      vertex -36.07886380702257 47.114599354565144 42
      vertex -36.100000001490116 46.899999998509884 42
      vertex -36.100000001490116 46.899999998509884 39
    endloop
  endfacet
  facet normal 0.8819212574357823 -0.47139674975851126 0
    outer loop
      vertex -35.91461656987667 47.51112725585699 42
      vertex -36.016267485916615 47.32095177471638 39
      vertex -35.91461656987667 47.51112725585699 39
    endloop
  endfacet
  facet normal 0.9569403372796865 -0.29028467215311193 0
    outer loop
      vertex -36.016267485916615 47.32095177471638 42
      vertex -36.07886380702257 47.114599354565144 39
      vertex -36.016267485916615 47.32095177471638 39
    endloop
  endfacet
  facet normal 0.773010454004492 -0.6343932833816648 0
    outer loop
      vertex -35.77781745791435 47.677817456424236 42
      vertex -35.91461656987667 47.51112725585699 39
      vertex -35.77781745791435 47.677817456424236 39
    endloop
  endfacet
  facet normal 0.6343933040276748 -0.7730104370607489 0
    outer loop
      vertex -35.61112725734711 47.814616575837135 42
      vertex -35.77781745791435 47.677817456424236 39
      vertex -35.61112725734711 47.814616575837135 39
    endloop
  endfacet
  facet normal 0.9951847254372096 -0.09801715286859666 0
    outer loop
      vertex -36.07886380702257 47.114599354565144 42
      vertex -36.100000001490116 46.899999998509884 39
      vertex -36.07886380702257 47.114599354565144 39
    endloop
  endfacet
  facet normal 1 0 0
    outer loop
      vertex -36.100000001490116 46.899999998509884 42
      vertex -36.100000001490116 43.100000001490116 39
      vertex -36.100000001490116 46.899999998509884 39
    endloop
  endfacet
  facet normal 0.09801715286859666 -0.9951847254372096 0
    outer loop
      vertex -35 48 42
      vertex -35.21459935605526 47.978863805532455 42
      vertex -35.21459935605526 47.978863805532455 39
    endloop
  endfacet
  facet normal 0.4713967228849615 -0.8819212717999939 0
    outer loop
      vertex -35.42095177620649 47.9162674844265 42
      vertex -35.61112725734711 47.814616575837135 42
      vertex -35.61112725734711 47.814616575837135 39
    endloop
  endfacet
  facet normal 0.29028467215311193 -0.9569403372796865 0
    outer loop
      vertex -35.21459935605526 47.978863805532455 42
      vertex -35.42095177620649 47.9162674844265 42
      vertex -35.42095177620649 47.9162674844265 39
    endloop
  endfacet
  facet normal -0.09801715286859666 -0.9951847254372096 0
    outer loop
      vertex -34.78540064394474 47.978863805532455 42
      vertex -35 48 42
      vertex -35 48 39
    endloop
  endfacet
  facet normal -0.29028467215311193 -0.9569403372796865 0
    outer loop
      vertex -34.57904822379351 47.9162674844265 42
      vertex -34.78540064394474 47.978863805532455 42
      vertex -34.78540064394474 47.978863805532455 39
    endloop
  endfacet
  facet normal -0.4713967228849615 -0.8819212717999939 0
    outer loop
      vertex -34.38887274265289 47.814616575837135 42
      vertex -34.57904822379351 47.9162674844265 42
      vertex -34.57904822379351 47.9162674844265 39
    endloop
  endfacet
  facet normal -0.6343933040276748 -0.7730104370607489 0
    outer loop
      vertex -34.22218254208565 47.677817456424236 42
      vertex -34.38887274265289 47.814616575837135 42
      vertex -34.38887274265289 47.814616575837135 39
    endloop
  endfacet
  facet normal -0.773010454004492 -0.6343932833816648 0
    outer loop
      vertex -34.08538343012333 47.51112725585699 42
      vertex -34.22218254208565 47.677817456424236 42
      vertex -34.22218254208565 47.677817456424236 39
    endloop
  endfacet
  facet normal -0.8819212574357823 -0.47139674975851126 0
    outer loop
      vertex -33.983732514083385 47.32095177471638 42
      vertex -34.08538343012333 47.51112725585699 42
      vertex -34.08538343012333 47.51112725585699 39
    endloop
  endfacet
  facet normal -0.9569403372796865 -0.29028467215311193 0
    outer loop
      vertex -33.92113619297743 47.114599354565144 42
      vertex -33.983732514083385 47.32095177471638 42
      vertex -33.983732514083385 47.32095177471638 39
    endloop
  endfacet
  facet normal -0.9951847254372096 -0.09801715286859666 0
    outer loop
      vertex -33.899999998509884 46.899999998509884 42
      vertex -33.92113619297743 47.114599354565144 42
      vertex -33.92113619297743 47.114599354565144 39
    endloop
  endfacet
  facet normal -1 0 0
    outer loop
      vertex -33.899999998509884 43.100000001490116 42
      vertex -33.899999998509884 46.899999998509884 42
      vertex -33.899999998509884 46.899999998509884 39
    endloop
  endfacet
  facet normal 0.29028467215311193 -0.9569403372796865 0
    outer loop
      vertex -35.21459935605526 47.978863805532455 42
      vertex -35.42095177620649 47.9162674844265 39
      vertex -35.21459935605526 47.978863805532455 39
    endloop
  endfacet
  facet normal 0.09801715286859666 -0.9951847254372096 0
    outer loop
      vertex -35 48 42
      vertex -35.21459935605526 47.978863805532455 39
      vertex -35 48 39
    endloop
  endfacet
  facet normal 0.4713967228849615 -0.8819212717999939 0
    outer loop
      vertex -35.42095177620649 47.9162674844265 42
      vertex -35.61112725734711 47.814616575837135 39
      vertex -35.42095177620649 47.9162674844265 39
    endloop
  endfacet
  facet normal -0.09801715286859666 -0.9951847254372096 0
    outer loop
      vertex -34.78540064394474 47.978863805532455 42
      vertex -35 48 39
      vertex -34.78540064394474 47.978863805532455 39
    endloop
  endfacet
  facet normal -0.29028467215311193 -0.9569403372796865 0
    outer loop
      vertex -34.57904822379351 47.9162674844265 42
      vertex -34.78540064394474 47.978863805532455 39
      vertex -34.57904822379351 47.9162674844265 39
    endloop
  endfacet
  facet normal -0.4713967228849615 -0.8819212717999939 0
    outer loop
      vertex -34.38887274265289 47.814616575837135 42
      vertex -34.57904822379351 47.9162674844265 39
      vertex -34.38887274265289 47.814616575837135 39
    endloop
  endfacet
  facet normal -0.6343933040276748 -0.7730104370607489 0
    outer loop
      vertex -34.22218254208565 47.677817456424236 42
      vertex -34.38887274265289 47.814616575837135 39
      vertex -34.22218254208565 47.677817456424236 39
    endloop
  endfacet
  facet normal -0.773010454004492 -0.6343932833816648 0
    outer loop
      vertex -34.08538343012333 47.51112725585699 42
      vertex -34.22218254208565 47.677817456424236 39
      vertex -34.08538343012333 47.51112725585699 39
    endloop
  endfacet
  facet normal -0.8819212574357823 -0.47139674975851126 0
    outer loop
      vertex -33.983732514083385 47.32095177471638 42
      vertex -34.08538343012333 47.51112725585699 39
      vertex -33.983732514083385 47.32095177471638 39
    endloop
  endfacet
  facet normal -0.9569403372796865 -0.29028467215311193 0
    outer loop
      vertex -33.92113619297743 47.114599354565144 42
      vertex -33.983732514083385 47.32095177471638 39
      vertex -33.92113619297743 47.114599354565144 39
    endloop
  endfacet
  facet normal -0.9951847254372096 -0.09801715286859666 0
    outer loop
      vertex -33.899999998509884 46.899999998509884 42
      vertex -33.92113619297743 47.114599354565144 39
      vertex -33.899999998509884 46.899999998509884 39
    endloop
  endfacet
  facet normal 1 0 0
    outer loop
      vertex -36.100000001490116 46.899999998509884 42
      vertex -36.100000001490116 43.100000001490116 42
      vertex -36.100000001490116 43.100000001490116 39
    endloop
  endfacet
  facet normal 0.9951847254372096 0.09801715286859666 0
    outer loop
      vertex -36.100000001490116 43.100000001490116 42
      vertex -36.07886380702257 42.885400645434856 42
      vertex -36.07886380702257 42.885400645434856 39
    endloop
  endfacet
  facet normal 0.9569403372796865 0.29028467215311193 0
    outer loop
      vertex -36.07886380702257 42.885400645434856 42
      vertex -36.016267485916615 42.67904822528362 42
      vertex -36.016267485916615 42.67904822528362 39
    endloop
  endfacet
  facet normal 0.8819212574357823 0.47139674975851126 0
    outer loop
      vertex -36.016267485916615 42.67904822528362 42
      vertex -35.91461656987667 42.48887274414301 42
      vertex -35.91461656987667 42.48887274414301 39
    endloop
  endfacet
  facet normal 0.773010454004492 0.6343932833816648 0
    outer loop
      vertex -35.91461656987667 42.48887274414301 42
      vertex -35.77781745791435 42.322182543575764 42
      vertex -35.77781745791435 42.322182543575764 39
    endloop
  endfacet
  facet normal 0.9951847254372096 0.09801715286859666 0
    outer loop
      vertex -36.100000001490116 43.100000001490116 42
      vertex -36.07886380702257 42.885400645434856 39
      vertex -36.100000001490116 43.100000001490116 39
    endloop
  endfacet
  facet normal 0.9569403372796865 0.29028467215311193 0
    outer loop
      vertex -36.07886380702257 42.885400645434856 42
      vertex -36.016267485916615 42.67904822528362 39
      vertex -36.07886380702257 42.885400645434856 39
    endloop
  endfacet
  facet normal 0.8819212574357823 0.47139674975851126 0
    outer loop
      vertex -36.016267485916615 42.67904822528362 42
      vertex -35.91461656987667 42.48887274414301 39
      vertex -36.016267485916615 42.67904822528362 39
    endloop
  endfacet
  facet normal 0.773010454004492 0.6343932833816648 0
    outer loop
      vertex -35.91461656987667 42.48887274414301 42
      vertex -35.77781745791435 42.322182543575764 39
      vertex -35.91461656987667 42.48887274414301 39
    endloop
  endfacet
  facet normal 0.6343933040276748 0.7730104370607489 0
    outer loop
      vertex -35.77781745791435 42.322182543575764 42
      vertex -35.61112725734711 42.185383424162865 39
      vertex -35.77781745791435 42.322182543575764 39
    endloop
  endfacet
  facet normal 0.6343933040276748 0.7730104370607489 0
    outer loop
      vertex -35.77781745791435 42.322182543575764 42
      vertex -35.61112725734711 42.185383424162865 42
      vertex -35.61112725734711 42.185383424162865 39
    endloop
  endfacet
  facet normal -0.6343933040276748 0.7730104370607489 0
    outer loop
      vertex -34.38887274265289 42.185383424162865 42
      vertex -34.22218254208565 42.322182543575764 42
      vertex -34.22218254208565 42.322182543575764 39
    endloop
  endfacet
  facet normal -0.9951847254372096 0.09801715286859666 0
    outer loop
      vertex -33.92113619297743 42.885400645434856 42
      vertex -33.899999998509884 43.100000001490116 42
      vertex -33.899999998509884 43.100000001490116 39
    endloop
  endfacet
  facet normal -0.9569403372796865 0.29028467215311193 0
    outer loop
      vertex -33.983732514083385 42.67904822528362 42
      vertex -33.92113619297743 42.885400645434856 42
      vertex -33.92113619297743 42.885400645434856 39
    endloop
  endfacet
  facet normal -0.8819212574357823 0.47139674975851126 0
    outer loop
      vertex -34.08538343012333 42.48887274414301 42
      vertex -33.983732514083385 42.67904822528362 42
      vertex -33.983732514083385 42.67904822528362 39
    endloop
  endfacet
  facet normal -0.773010454004492 0.6343932833816648 0
    outer loop
      vertex -34.22218254208565 42.322182543575764 42
      vertex -34.08538343012333 42.48887274414301 42
      vertex -34.08538343012333 42.48887274414301 39
    endloop
  endfacet
  facet normal -1 0 0
    outer loop
      vertex -33.899999998509884 43.100000001490116 42
      vertex -33.899999998509884 46.899999998509884 39
      vertex -33.899999998509884 43.100000001490116 39
    endloop
  endfacet
  facet normal -0.773010454004492 0.6343932833816648 0
    outer loop
      vertex -34.22218254208565 42.322182543575764 42
      vertex -34.08538343012333 42.48887274414301 39
      vertex -34.22218254208565 42.322182543575764 39
    endloop
  endfacet
  facet normal -0.9951847254372096 0.09801715286859666 0
    outer loop
      vertex -33.92113619297743 42.885400645434856 42
      vertex -33.899999998509884 43.100000001490116 39
      vertex -33.92113619297743 42.885400645434856 39
    endloop
  endfacet
  facet normal -0.9569403372796865 0.29028467215311193 0
    outer loop
      vertex -33.983732514083385 42.67904822528362 42
      vertex -33.92113619297743 42.885400645434856 39
      vertex -33.983732514083385 42.67904822528362 39
    endloop
  endfacet
  facet normal -0.8819212574357823 0.47139674975851126 0
    outer loop
      vertex -34.08538343012333 42.48887274414301 42
      vertex -33.983732514083385 42.67904822528362 39
      vertex -34.08538343012333 42.48887274414301 39
    endloop
  endfacet
  facet normal 0.4713967228849615 0.8819212717999939 0
    outer loop
      vertex -35.61112725734711 42.185383424162865 42
      vertex -35.42095177620649 42.0837325155735 42
      vertex -35.42095177620649 42.0837325155735 39
    endloop
  endfacet
  facet normal 0.29028467215311193 0.9569403372796865 0
    outer loop
      vertex -35.42095177620649 42.0837325155735 42
      vertex -35.21459935605526 42.021136194467545 42
      vertex -35.21459935605526 42.021136194467545 39
    endloop
  endfacet
  facet normal 0.09801715286859666 0.9951847254372096 0
    outer loop
      vertex -35.21459935605526 42.021136194467545 42
      vertex -35 42 42
      vertex -35 42 39
    endloop
  endfacet
  facet normal -0.09801715286859666 0.9951847254372096 0
    outer loop
      vertex -35 42 42
      vertex -34.78540064394474 42.021136194467545 42
      vertex -34.78540064394474 42.021136194467545 39
    endloop
  endfacet
  facet normal -0.29028467215311193 0.9569403372796865 0
    outer loop
      vertex -34.78540064394474 42.021136194467545 42
      vertex -34.57904822379351 42.0837325155735 42
      vertex -34.57904822379351 42.0837325155735 39
    endloop
  endfacet
  facet normal -0.4713967228849615 0.8819212717999939 0
    outer loop
      vertex -34.57904822379351 42.0837325155735 42
      vertex -34.38887274265289 42.185383424162865 42
      vertex -34.38887274265289 42.185383424162865 39
    endloop
  endfacet
  facet normal 0.4713967228849615 0.8819212717999939 0
    outer loop
      vertex -35.61112725734711 42.185383424162865 42
      vertex -35.42095177620649 42.0837325155735 39
      vertex -35.61112725734711 42.185383424162865 39
    endloop
  endfacet
  facet normal 0.29028467215311193 0.9569403372796865 0
    outer loop
      vertex -35.42095177620649 42.0837325155735 42
      vertex -35.21459935605526 42.021136194467545 39
      vertex -35.42095177620649 42.0837325155735 39
    endloop
  endfacet
  facet normal 0.09801715286859666 0.9951847254372096 0
    outer loop
      vertex -35.21459935605526 42.021136194467545 42
      vertex -35 42 39
      vertex -35.21459935605526 42.021136194467545 39
    endloop
  endfacet
  facet normal -0.09801715286859666 0.9951847254372096 0
    outer loop
      vertex -35 42 42
      vertex -34.78540064394474 42.021136194467545 39
      vertex -35 42 39
    endloop
  endfacet
  facet normal -0.29028467215311193 0.9569403372796865 0
    outer loop
      vertex -34.78540064394474 42.021136194467545 42
      vertex -34.57904822379351 42.0837325155735 39
      vertex -34.78540064394474 42.021136194467545 39
    endloop
  endfacet
  facet normal -0.4713967228849615 0.8819212717999939 0
    outer loop
      vertex -34.57904822379351 42.0837325155735 42
      vertex -34.38887274265289 42.185383424162865 39
      vertex -34.57904822379351 42.0837325155735 39
    endloop
  endfacet
  facet normal -0.6343933040276748 0.7730104370607489 0
    outer loop
      vertex -34.38887274265289 42.185383424162865 42
      vertex -34.22218254208565 42.322182543575764 39
      vertex -34.38887274265289 42.185383424162865 39
    endloop
  endfacet
  facet normal 0.6343933040276748 -0.7730104370607489 0
    outer loop
      vertex -35.61112725734711 -42.185383424162865 42
      vertex -35.77781745791435 -42.322182543575764 39
      vertex -35.61112725734711 -42.185383424162865 39
    endloop
  endfacet
  facet normal 0.8819212574357823 -0.47139674975851126 0
    outer loop
      vertex -35.91461656987667 -42.48887274414301 42
      vertex -36.016267485916615 -42.67904822528362 42
      vertex -36.016267485916615 -42.67904822528362 39
    endloop
  endfacet
  facet normal 0.9951847254372096 -0.09801715286859666 0
    outer loop
      vertex -36.07886380702257 -42.885400645434856 42
      vertex -36.100000001490116 -43.100000001490116 42
      vertex -36.100000001490116 -43.100000001490116 39
    endloop
  endfacet
  facet normal 0.9569403372796865 -0.29028467215311193 0
    outer loop
      vertex -36.016267485916615 -42.67904822528362 42
      vertex -36.07886380702257 -42.885400645434856 42
      vertex -36.07886380702257 -42.885400645434856 39
    endloop
  endfacet
  facet normal 0.773010454004492 -0.6343932833816648 0
    outer loop
      vertex -35.77781745791435 -42.322182543575764 42
      vertex -35.91461656987667 -42.48887274414301 42
      vertex -35.91461656987667 -42.48887274414301 39
    endloop
  endfacet
  facet normal 0.6343933040276748 -0.7730104370607489 0
    outer loop
      vertex -35.61112725734711 -42.185383424162865 42
      vertex -35.77781745791435 -42.322182543575764 42
      vertex -35.77781745791435 -42.322182543575764 39
    endloop
  endfacet
  facet normal 0.8819212574357823 -0.47139674975851126 0
    outer loop
      vertex -36.016267485916615 -42.67904822528362 39
      vertex -35.91461656987667 -42.48887274414301 39
      vertex -35.91461656987667 -42.48887274414301 42
    endloop
  endfacet
  facet normal 0.9951847254372096 -0.09801715286859666 0
    outer loop
      vertex -36.07886380702257 -42.885400645434856 42
      vertex -36.100000001490116 -43.100000001490116 39
      vertex -36.07886380702257 -42.885400645434856 39
    endloop
  endfacet
  facet normal 0.9569403372796865 -0.29028467215311193 0
    outer loop
      vertex -36.016267485916615 -42.67904822528362 42
      vertex -36.07886380702257 -42.885400645434856 39
      vertex -36.016267485916615 -42.67904822528362 39
    endloop
  endfacet
  facet normal 0.773010454004492 -0.6343932833816648 0
    outer loop
      vertex -35.77781745791435 -42.322182543575764 42
      vertex -35.91461656987667 -42.48887274414301 39
      vertex -35.77781745791435 -42.322182543575764 39
    endloop
  endfacet
  facet normal 1 0 0
    outer loop
      vertex -36.100000001490116 -43.100000001490116 42
      vertex -36.100000001490116 -46.899999998509884 39
      vertex -36.100000001490116 -43.100000001490116 39
    endloop
  endfacet
  facet normal 0.4713967228849615 -0.8819212717999939 0
    outer loop
      vertex -35.42095177620649 -42.0837325155735 42
      vertex -35.61112725734711 -42.185383424162865 42
      vertex -35.61112725734711 -42.185383424162865 39
    endloop
  endfacet
  facet normal 0.29028467215311193 -0.9569403372796865 0
    outer loop
      vertex -35.21459935605526 -42.021136194467545 42
      vertex -35.42095177620649 -42.0837325155735 42
      vertex -35.42095177620649 -42.0837325155735 39
    endloop
  endfacet
  facet normal 0.09801715286859666 -0.9951847254372096 0
    outer loop
      vertex -35 -42 42
      vertex -35.21459935605526 -42.021136194467545 42
      vertex -35.21459935605526 -42.021136194467545 39
    endloop
  endfacet
  facet normal -0.09801715286859666 -0.9951847254372096 0
    outer loop
      vertex -34.78540064394474 -42.021136194467545 42
      vertex -35 -42 42
      vertex -35 -42 39
    endloop
  endfacet
  facet normal -0.29028467215311193 -0.9569403372796865 0
    outer loop
      vertex -34.57904822379351 -42.0837325155735 42
      vertex -34.78540064394474 -42.021136194467545 42
      vertex -34.78540064394474 -42.021136194467545 39
    endloop
  endfacet
  facet normal -0.4713967228849615 -0.8819212717999939 0
    outer loop
      vertex -34.38887274265289 -42.185383424162865 42
      vertex -34.57904822379351 -42.0837325155735 42
      vertex -34.57904822379351 -42.0837325155735 39
    endloop
  endfacet
  facet normal -0.6343933040276748 -0.7730104370607489 0
    outer loop
      vertex -34.22218254208565 -42.322182543575764 42
      vertex -34.38887274265289 -42.185383424162865 42
      vertex -34.38887274265289 -42.185383424162865 39
    endloop
  endfacet
  facet normal 0.4713967228849615 -0.8819212717999939 0
    outer loop
      vertex -35.42095177620649 -42.0837325155735 42
      vertex -35.61112725734711 -42.185383424162865 39
      vertex -35.42095177620649 -42.0837325155735 39
    endloop
  endfacet
  facet normal 0.29028467215311193 -0.9569403372796865 0
    outer loop
      vertex -35.21459935605526 -42.021136194467545 42
      vertex -35.42095177620649 -42.0837325155735 39
      vertex -35.21459935605526 -42.021136194467545 39
    endloop
  endfacet
  facet normal 0.09801715286859666 -0.9951847254372096 0
    outer loop
      vertex -35 -42 42
      vertex -35.21459935605526 -42.021136194467545 39
      vertex -35 -42 39
    endloop
  endfacet
  facet normal -0.09801715286859666 -0.9951847254372096 0
    outer loop
      vertex -34.78540064394474 -42.021136194467545 42
      vertex -35 -42 39
      vertex -34.78540064394474 -42.021136194467545 39
    endloop
  endfacet
  facet normal -0.29028467215311193 -0.9569403372796865 0
    outer loop
      vertex -34.57904822379351 -42.0837325155735 42
      vertex -34.78540064394474 -42.021136194467545 39
      vertex -34.57904822379351 -42.0837325155735 39
    endloop
  endfacet
  facet normal -0.4713967228849615 -0.8819212717999939 0
    outer loop
      vertex -34.38887274265289 -42.185383424162865 42
      vertex -34.57904822379351 -42.0837325155735 39
      vertex -34.38887274265289 -42.185383424162865 39
    endloop
  endfacet
  facet normal -0.773010454004492 -0.6343932833816648 0
    outer loop
      vertex -34.08538343012333 -42.48887274414301 42
      vertex -34.22218254208565 -42.322182543575764 42
      vertex -34.22218254208565 -42.322182543575764 39
    endloop
  endfacet
  facet normal -0.8819212574357823 -0.47139674975851126 0
    outer loop
      vertex -33.983732514083385 -42.67904822528362 42
      vertex -34.08538343012333 -42.48887274414301 42
      vertex -34.08538343012333 -42.48887274414301 39
    endloop
  endfacet
  facet normal -0.9569403372796865 -0.29028467215311193 0
    outer loop
      vertex -33.92113619297743 -42.885400645434856 42
      vertex -33.983732514083385 -42.67904822528362 42
      vertex -33.983732514083385 -42.67904822528362 39
    endloop
  endfacet
  facet normal -0.9951847254372096 -0.09801715286859666 0
    outer loop
      vertex -33.899999998509884 -43.100000001490116 42
      vertex -33.92113619297743 -42.885400645434856 42
      vertex -33.92113619297743 -42.885400645434856 39
    endloop
  endfacet
  facet normal -1 0 0
    outer loop
      vertex -33.899999998509884 -46.899999998509884 42
      vertex -33.899999998509884 -43.100000001490116 42
      vertex -33.899999998509884 -43.100000001490116 39
    endloop
  endfacet
  facet normal -0.6343933040276748 -0.7730104370607489 0
    outer loop
      vertex -34.22218254208565 -42.322182543575764 42
      vertex -34.38887274265289 -42.185383424162865 39
      vertex -34.22218254208565 -42.322182543575764 39
    endloop
  endfacet
  facet normal -0.773010454004492 -0.6343932833816648 0
    outer loop
      vertex -34.08538343012333 -42.48887274414301 42
      vertex -34.22218254208565 -42.322182543575764 39
      vertex -34.08538343012333 -42.48887274414301 39
    endloop
  endfacet
  facet normal -0.8819212574357823 -0.47139674975851126 0
    outer loop
      vertex -33.983732514083385 -42.67904822528362 42
      vertex -34.08538343012333 -42.48887274414301 39
      vertex -33.983732514083385 -42.67904822528362 39
    endloop
  endfacet
  facet normal -0.9569403372796865 -0.29028467215311193 0
    outer loop
      vertex -33.92113619297743 -42.885400645434856 42
      vertex -33.983732514083385 -42.67904822528362 39
      vertex -33.92113619297743 -42.885400645434856 39
    endloop
  endfacet
  facet normal -0.9951847254372096 -0.09801715286859666 0
    outer loop
      vertex -33.899999998509884 -43.100000001490116 42
      vertex -33.92113619297743 -42.885400645434856 39
      vertex -33.899999998509884 -43.100000001490116 39
    endloop
  endfacet
  facet normal 1 0 0
    outer loop
      vertex -36.100000001490116 -43.100000001490116 42
      vertex -36.100000001490116 -46.899999998509884 42
      vertex -36.100000001490116 -46.899999998509884 39
    endloop
  endfacet
  facet normal 0.9951847254372096 0.09801715286859666 0
    outer loop
      vertex -36.100000001490116 -46.899999998509884 42
      vertex -36.07886380702257 -47.114599354565144 42
      vertex -36.07886380702257 -47.114599354565144 39
    endloop
  endfacet
  facet normal 0.9569403372796865 0.29028467215311193 0
    outer loop
      vertex -36.07886380702257 -47.114599354565144 42
      vertex -36.016267485916615 -47.32095177471638 42
      vertex -36.016267485916615 -47.32095177471638 39
    endloop
  endfacet
  facet normal 0.8819212574357823 0.47139674975851126 0
    outer loop
      vertex -36.016267485916615 -47.32095177471638 42
      vertex -35.91461656987667 -47.51112725585699 42
      vertex -35.91461656987667 -47.51112725585699 39
    endloop
  endfacet
  facet normal 0.773010454004492 0.6343932833816648 0
    outer loop
      vertex -35.91461656987667 -47.51112725585699 42
      vertex -35.77781745791435 -47.677817456424236 42
      vertex -35.77781745791435 -47.677817456424236 39
    endloop
  endfacet
  facet normal 0.6343933040276748 0.7730104370607489 0
    outer loop
      vertex -35.77781745791435 -47.677817456424236 42
      vertex -35.61112725734711 -47.814616575837135 42
      vertex -35.61112725734711 -47.814616575837135 39
    endloop
  endfacet
  facet normal 0.9951847254372096 0.09801715286859666 0
    outer loop
      vertex -36.100000001490116 -46.899999998509884 42
      vertex -36.07886380702257 -47.114599354565144 39
      vertex -36.100000001490116 -46.899999998509884 39
    endloop
  endfacet
  facet normal 0.9569403372796865 0.29028467215311193 0
    outer loop
      vertex -36.07886380702257 -47.114599354565144 42
      vertex -36.016267485916615 -47.32095177471638 39
      vertex -36.07886380702257 -47.114599354565144 39
    endloop
  endfacet
  facet normal 0.8819212574357823 0.47139674975851126 0
    outer loop
      vertex -36.016267485916615 -47.32095177471638 42
      vertex -35.91461656987667 -47.51112725585699 39
      vertex -36.016267485916615 -47.32095177471638 39
    endloop
  endfacet
  facet normal 0.773010454004492 0.6343932833816648 0
    outer loop
      vertex -35.91461656987667 -47.51112725585699 42
      vertex -35.77781745791435 -47.677817456424236 39
      vertex -35.91461656987667 -47.51112725585699 39
    endloop
  endfacet
  facet normal 0.6343933040276748 0.7730104370607489 0
    outer loop
      vertex -35.77781745791435 -47.677817456424236 42
      vertex -35.61112725734711 -47.814616575837135 39
      vertex -35.77781745791435 -47.677817456424236 39
    endloop
  endfacet
  facet normal 0.4713967228849615 0.8819212717999939 0
    outer loop
      vertex -35.61112725734711 -47.814616575837135 42
      vertex -35.42095177620649 -47.9162674844265 42
      vertex -35.42095177620649 -47.9162674844265 39
    endloop
  endfacet
  facet normal 0.29028467215311193 0.9569403372796865 0
    outer loop
      vertex -35.42095177620649 -47.9162674844265 42
      vertex -35.21459935605526 -47.978863805532455 42
      vertex -35.21459935605526 -47.978863805532455 39
    endloop
  endfacet
  facet normal 0.09801715286859666 0.9951847254372096 0
    outer loop
      vertex -35.21459935605526 -47.978863805532455 42
      vertex -35 -48 42
      vertex -35 -48 39
    endloop
  endfacet
  facet normal -0.29028467215311193 0.9569403372796865 0
    outer loop
      vertex -34.78540064394474 -47.978863805532455 42
      vertex -34.57904822379351 -47.9162674844265 42
      vertex -34.57904822379351 -47.9162674844265 39
    endloop
  endfacet
  facet normal -0.4713967228849615 0.8819212717999939 0
    outer loop
      vertex -34.57904822379351 -47.9162674844265 42
      vertex -34.38887274265289 -47.814616575837135 42
      vertex -34.38887274265289 -47.814616575837135 39
    endloop
  endfacet
  facet normal -0.09801715286859666 0.9951847254372096 0
    outer loop
      vertex -35 -48 42
      vertex -34.78540064394474 -47.978863805532455 42
      vertex -34.78540064394474 -47.978863805532455 39
    endloop
  endfacet
  facet normal -0.9951847254372096 0.09801715286859666 0
    outer loop
      vertex -33.92113619297743 -47.114599354565144 42
      vertex -33.899999998509884 -46.899999998509884 42
      vertex -33.899999998509884 -46.899999998509884 39
    endloop
  endfacet
  facet normal -0.6343933040276748 0.7730104370607489 0
    outer loop
      vertex -34.38887274265289 -47.814616575837135 42
      vertex -34.22218254208565 -47.677817456424236 42
      vertex -34.22218254208565 -47.677817456424236 39
    endloop
  endfacet
  facet normal -0.8819212574357823 0.47139674975851126 0
    outer loop
      vertex -34.08538343012333 -47.51112725585699 42
      vertex -33.983732514083385 -47.32095177471638 42
      vertex -33.983732514083385 -47.32095177471638 39
    endloop
  endfacet
  facet normal -0.9569403372796865 0.29028467215311193 0
    outer loop
      vertex -33.983732514083385 -47.32095177471638 42
      vertex -33.92113619297743 -47.114599354565144 42
      vertex -33.92113619297743 -47.114599354565144 39
    endloop
  endfacet
  facet normal -0.773010454004492 0.6343932833816648 0
    outer loop
      vertex -34.22218254208565 -47.677817456424236 42
      vertex -34.08538343012333 -47.51112725585699 42
      vertex -34.08538343012333 -47.51112725585699 39
    endloop
  endfacet
  facet normal 0.4713967228849615 0.8819212717999939 0
    outer loop
      vertex -35.61112725734711 -47.814616575837135 42
      vertex -35.42095177620649 -47.9162674844265 39
      vertex -35.61112725734711 -47.814616575837135 39
    endloop
  endfacet
  facet normal 0.29028467215311193 0.9569403372796865 0
    outer loop
      vertex -35.42095177620649 -47.9162674844265 42
      vertex -35.21459935605526 -47.978863805532455 39
      vertex -35.42095177620649 -47.9162674844265 39
    endloop
  endfacet
  facet normal 0.09801715286859666 0.9951847254372096 0
    outer loop
      vertex -35.21459935605526 -47.978863805532455 42
      vertex -35 -48 39
      vertex -35.21459935605526 -47.978863805532455 39
    endloop
  endfacet
  facet normal -0.4713967228849615 0.8819212717999939 0
    outer loop
      vertex -34.57904822379351 -47.9162674844265 42
      vertex -34.38887274265289 -47.814616575837135 39
      vertex -34.57904822379351 -47.9162674844265 39
    endloop
  endfacet
  facet normal -0.09801715286859666 0.9951847254372096 0
    outer loop
      vertex -35 -48 42
      vertex -34.78540064394474 -47.978863805532455 39
      vertex -35 -48 39
    endloop
  endfacet
  facet normal -0.29028467215311193 0.9569403372796865 0
    outer loop
      vertex -34.78540064394474 -47.978863805532455 42
      vertex -34.57904822379351 -47.9162674844265 39
      vertex -34.78540064394474 -47.978863805532455 39
    endloop
  endfacet
  facet normal -1 0 0
    outer loop
      vertex -33.899999998509884 -46.899999998509884 42
      vertex -33.899999998509884 -43.100000001490116 39
      vertex -33.899999998509884 -46.899999998509884 39
    endloop
  endfacet
  facet normal -0.9951847254372096 0.09801715286859666 0
    outer loop
      vertex -33.92113619297743 -47.114599354565144 42
      vertex -33.899999998509884 -46.899999998509884 39
      vertex -33.92113619297743 -47.114599354565144 39
    endloop
  endfacet
  facet normal -0.6343933040276748 0.7730104370607489 0
    outer loop
      vertex -34.38887274265289 -47.814616575837135 42
      vertex -34.22218254208565 -47.677817456424236 39
      vertex -34.38887274265289 -47.814616575837135 39
    endloop
  endfacet
  facet normal -0.773010454004492 0.6343932833816648 0
    outer loop
      vertex -34.22218254208565 -47.677817456424236 42
      vertex -34.08538343012333 -47.51112725585699 39
      vertex -34.22218254208565 -47.677817456424236 39
    endloop
  endfacet
  facet normal -0.8819212574357823 0.47139674975851126 0
    outer loop
      vertex -34.08538343012333 -47.51112725585699 42
      vertex -33.983732514083385 -47.32095177471638 39
      vertex -34.08538343012333 -47.51112725585699 39
    endloop
  endfacet
  facet normal -0.9569403372796865 0.29028467215311193 0
    outer loop
      vertex -33.983732514083385 -47.32095177471638 42
      vertex -33.92113619297743 -47.114599354565144 39
      vertex -33.983732514083385 -47.32095177471638 39
    endloop
  endfacet
  facet normal 0.773010454004492 -0.6343932833816648 0
    outer loop
      vertex 34.22218254208565 47.677817456424236 42
      vertex 34.08538343012333 47.51112725585699 42
      vertex 34.08538343012333 47.51112725585699 39
    endloop
  endfacet
  facet normal 0.9569403372796865 -0.29028467215311193 0
    outer loop
      vertex 33.983732514083385 47.32095177471638 42
      vertex 33.92113619297743 47.114599354565144 42
      vertex 33.92113619297743 47.114599354565144 39
    endloop
  endfacet
  facet normal 0.8819212574357823 -0.47139674975851126 0
    outer loop
      vertex 33.983732514083385 47.32095177471638 39
      vertex 34.08538343012333 47.51112725585699 42
      vertex 33.983732514083385 47.32095177471638 42
    endloop
  endfacet
  facet normal 0.6343933040276748 -0.7730104370607489 0
    outer loop
      vertex 34.38887274265289 47.814616575837135 42
      vertex 34.22218254208565 47.677817456424236 42
      vertex 34.22218254208565 47.677817456424236 39
    endloop
  endfacet
  facet normal 0.9951847254372096 -0.09801715286859666 0
    outer loop
      vertex 33.899999998509884 46.899999998509884 39
      vertex 33.92113619297743 47.114599354565144 42
      vertex 33.899999998509884 46.899999998509884 42
    endloop
  endfacet
  facet normal 0.09801715286859666 -0.9951847254372096 0
    outer loop
      vertex 35 48 42
      vertex 34.78540064394474 47.978863805532455 42
      vertex 34.78540064394474 47.978863805532455 39
    endloop
  endfacet
  facet normal 0.4713967228849615 -0.8819212717999939 0
    outer loop
      vertex 34.57904822379351 47.9162674844265 42
      vertex 34.38887274265289 47.814616575837135 42
      vertex 34.38887274265289 47.814616575837135 39
    endloop
  endfacet
  facet normal 0.29028467215311193 -0.9569403372796865 0
    outer loop
      vertex 34.78540064394474 47.978863805532455 42
      vertex 34.57904822379351 47.9162674844265 42
      vertex 34.57904822379351 47.9162674844265 39
    endloop
  endfacet
  facet normal -0.09801715286859666 -0.9951847254372096 0
    outer loop
      vertex 35.21459935605526 47.978863805532455 42
      vertex 35 48 42
      vertex 35 48 39
    endloop
  endfacet
  facet normal -0.29028467215311193 -0.9569403372796865 0
    outer loop
      vertex 35.42095177620649 47.9162674844265 42
      vertex 35.21459935605526 47.978863805532455 42
      vertex 35.21459935605526 47.978863805532455 39
    endloop
  endfacet
  facet normal -0.4713967228849615 -0.8819212717999939 0
    outer loop
      vertex 35.61112725734711 47.814616575837135 42
      vertex 35.42095177620649 47.9162674844265 42
      vertex 35.42095177620649 47.9162674844265 39
    endloop
  endfacet
  facet normal 0.9569403372796865 -0.29028467215311193 0
    outer loop
      vertex 33.92113619297743 47.114599354565144 39
      vertex 33.983732514083385 47.32095177471638 39
      vertex 33.983732514083385 47.32095177471638 42
    endloop
  endfacet
  facet normal 0.8819212574357823 -0.47139674975851126 0
    outer loop
      vertex 33.983732514083385 47.32095177471638 39
      vertex 34.08538343012333 47.51112725585699 39
      vertex 34.08538343012333 47.51112725585699 42
    endloop
  endfacet
  facet normal 0.773010454004492 -0.6343932833816648 0
    outer loop
      vertex 34.22218254208565 47.677817456424236 42
      vertex 34.08538343012333 47.51112725585699 39
      vertex 34.22218254208565 47.677817456424236 39
    endloop
  endfacet
  facet normal 0.6343933040276748 -0.7730104370607489 0
    outer loop
      vertex 34.38887274265289 47.814616575837135 42
      vertex 34.22218254208565 47.677817456424236 39
      vertex 34.38887274265289 47.814616575837135 39
    endloop
  endfacet
  facet normal 0.9951847254372096 -0.09801715286859666 0
    outer loop
      vertex 33.899999998509884 46.899999998509884 39
      vertex 33.92113619297743 47.114599354565144 39
      vertex 33.92113619297743 47.114599354565144 42
    endloop
  endfacet
  facet normal 1 0 0
    outer loop
      vertex 33.899999998509884 43.100000001490116 39
      vertex 33.899999998509884 46.899999998509884 39
      vertex 33.899999998509884 46.899999998509884 42
    endloop
  endfacet
  facet normal 0.29028467215311193 -0.9569403372796865 0
    outer loop
      vertex 34.78540064394474 47.978863805532455 42
      vertex 34.57904822379351 47.9162674844265 39
      vertex 34.78540064394474 47.978863805532455 39
    endloop
  endfacet
  facet normal 0.09801715286859666 -0.9951847254372096 0
    outer loop
      vertex 35 48 42
      vertex 34.78540064394474 47.978863805532455 39
      vertex 35 48 39
    endloop
  endfacet
  facet normal 0.4713967228849615 -0.8819212717999939 0
    outer loop
      vertex 34.57904822379351 47.9162674844265 42
      vertex 34.38887274265289 47.814616575837135 39
      vertex 34.57904822379351 47.9162674844265 39
    endloop
  endfacet
  facet normal -0.09801715286859666 -0.9951847254372096 0
    outer loop
      vertex 35.21459935605526 47.978863805532455 42
      vertex 35 48 39
      vertex 35.21459935605526 47.978863805532455 39
    endloop
  endfacet
  facet normal -0.29028467215311193 -0.9569403372796865 0
    outer loop
      vertex 35.42095177620649 47.9162674844265 42
      vertex 35.21459935605526 47.978863805532455 39
      vertex 35.42095177620649 47.9162674844265 39
    endloop
  endfacet
  facet normal -0.4713967228849615 -0.8819212717999939 0
    outer loop
      vertex 35.61112725734711 47.814616575837135 42
      vertex 35.42095177620649 47.9162674844265 39
      vertex 35.61112725734711 47.814616575837135 39
    endloop
  endfacet
  facet normal -0.6343933040276748 -0.7730104370607489 0
    outer loop
      vertex 35.77781745791435 47.677817456424236 42
      vertex 35.61112725734711 47.814616575837135 42
      vertex 35.61112725734711 47.814616575837135 39
    endloop
  endfacet
  facet normal -0.773010454004492 -0.6343932833816648 0
    outer loop
      vertex 35.91461656987667 47.51112725585699 42
      vertex 35.77781745791435 47.677817456424236 42
      vertex 35.77781745791435 47.677817456424236 39
    endloop
  endfacet
  facet normal -0.8819212574357823 -0.47139674975851126 0
    outer loop
      vertex 36.016267485916615 47.32095177471638 42
      vertex 35.91461656987667 47.51112725585699 42
      vertex 35.91461656987667 47.51112725585699 39
    endloop
  endfacet
  facet normal -0.9569403372796865 -0.29028467215311193 0
    outer loop
      vertex 36.07886380702257 47.114599354565144 42
      vertex 36.016267485916615 47.32095177471638 42
      vertex 36.016267485916615 47.32095177471638 39
    endloop
  endfacet
  facet normal -0.9951847254372096 -0.09801715286859666 0
    outer loop
      vertex 36.100000001490116 46.899999998509884 42
      vertex 36.07886380702257 47.114599354565144 42
      vertex 36.07886380702257 47.114599354565144 39
    endloop
  endfacet
  facet normal -1 0 0
    outer loop
      vertex 36.100000001490116 43.100000001490116 42
      vertex 36.100000001490116 46.899999998509884 42
      vertex 36.100000001490116 46.899999998509884 39
    endloop
  endfacet
  facet normal -0.6343933040276748 -0.7730104370607489 0
    outer loop
      vertex 35.77781745791435 47.677817456424236 42
      vertex 35.61112725734711 47.814616575837135 39
      vertex 35.77781745791435 47.677817456424236 39
    endloop
  endfacet
  facet normal -0.773010454004492 -0.6343932833816648 0
    outer loop
      vertex 35.91461656987667 47.51112725585699 42
      vertex 35.77781745791435 47.677817456424236 39
      vertex 35.91461656987667 47.51112725585699 39
    endloop
  endfacet
  facet normal -0.8819212574357823 -0.47139674975851126 0
    outer loop
      vertex 36.016267485916615 47.32095177471638 42
      vertex 35.91461656987667 47.51112725585699 39
      vertex 36.016267485916615 47.32095177471638 39
    endloop
  endfacet
  facet normal -0.9569403372796865 -0.29028467215311193 0
    outer loop
      vertex 36.07886380702257 47.114599354565144 42
      vertex 36.016267485916615 47.32095177471638 39
      vertex 36.07886380702257 47.114599354565144 39
    endloop
  endfacet
  facet normal -0.9951847254372096 -0.09801715286859666 0
    outer loop
      vertex 36.100000001490116 46.899999998509884 42
      vertex 36.07886380702257 47.114599354565144 39
      vertex 36.100000001490116 46.899999998509884 39
    endloop
  endfacet
  facet normal 1 0 0
    outer loop
      vertex 33.899999998509884 43.100000001490116 39
      vertex 33.899999998509884 46.899999998509884 42
      vertex 33.899999998509884 43.100000001490116 42
    endloop
  endfacet
  facet normal 0.9951847254372096 0.09801715286859666 0
    outer loop
      vertex 33.899999998509884 43.100000001490116 42
      vertex 33.92113619297743 42.885400645434856 42
      vertex 33.92113619297743 42.885400645434856 39
    endloop
  endfacet
  facet normal 0.9569403372796865 0.29028467215311193 0
    outer loop
      vertex 33.92113619297743 42.885400645434856 42
      vertex 33.983732514083385 42.67904822528362 42
      vertex 33.983732514083385 42.67904822528362 39
    endloop
  endfacet
  facet normal 0.8819212574357823 0.47139674975851126 0
    outer loop
      vertex 33.983732514083385 42.67904822528362 42
      vertex 34.08538343012333 42.48887274414301 42
      vertex 34.08538343012333 42.48887274414301 39
    endloop
  endfacet
  facet normal 0.773010454004492 0.6343932833816648 0
    outer loop
      vertex 34.08538343012333 42.48887274414301 42
      vertex 34.22218254208565 42.322182543575764 42
      vertex 34.22218254208565 42.322182543575764 39
    endloop
  endfacet
  facet normal 0.9951847254372096 0.09801715286859666 0
    outer loop
      vertex 33.899999998509884 43.100000001490116 42
      vertex 33.92113619297743 42.885400645434856 39
      vertex 33.899999998509884 43.100000001490116 39
    endloop
  endfacet
  facet normal 0.9569403372796865 0.29028467215311193 0
    outer loop
      vertex 33.92113619297743 42.885400645434856 42
      vertex 33.983732514083385 42.67904822528362 39
      vertex 33.92113619297743 42.885400645434856 39
    endloop
  endfacet
  facet normal 0.8819212574357823 0.47139674975851126 0
    outer loop
      vertex 33.983732514083385 42.67904822528362 42
      vertex 34.08538343012333 42.48887274414301 39
      vertex 33.983732514083385 42.67904822528362 39
    endloop
  endfacet
  facet normal 0.773010454004492 0.6343932833816648 0
    outer loop
      vertex 34.08538343012333 42.48887274414301 42
      vertex 34.22218254208565 42.322182543575764 39
      vertex 34.08538343012333 42.48887274414301 39
    endloop
  endfacet
  facet normal 0.6343933040276748 0.7730104370607489 0
    outer loop
      vertex 34.22218254208565 42.322182543575764 42
      vertex 34.38887274265289 42.185383424162865 39
      vertex 34.22218254208565 42.322182543575764 39
    endloop
  endfacet
  facet normal 0.6343933040276748 0.7730104370607489 0
    outer loop
      vertex 34.22218254208565 42.322182543575764 42
      vertex 34.38887274265289 42.185383424162865 42
      vertex 34.38887274265289 42.185383424162865 39
    endloop
  endfacet
  facet normal 0.4713967228849615 0.8819212717999939 0
    outer loop
      vertex 34.38887274265289 42.185383424162865 42
      vertex 34.57904822379351 42.0837325155735 42
      vertex 34.57904822379351 42.0837325155735 39
    endloop
  endfacet
  facet normal 0.29028467215311193 0.9569403372796865 0
    outer loop
      vertex 34.57904822379351 42.0837325155735 42
      vertex 34.78540064394474 42.021136194467545 42
      vertex 34.78540064394474 42.021136194467545 39
    endloop
  endfacet
  facet normal 0.09801715286859666 0.9951847254372096 0
    outer loop
      vertex 34.78540064394474 42.021136194467545 42
      vertex 35 42 42
      vertex 35 42 39
    endloop
  endfacet
  facet normal -0.09801715286859666 0.9951847254372096 0
    outer loop
      vertex 35 42 42
      vertex 35.21459935605526 42.021136194467545 42
      vertex 35.21459935605526 42.021136194467545 39
    endloop
  endfacet
  facet normal -0.29028467215311193 0.9569403372796865 0
    outer loop
      vertex 35.21459935605526 42.021136194467545 42
      vertex 35.42095177620649 42.0837325155735 42
      vertex 35.42095177620649 42.0837325155735 39
    endloop
  endfacet
  facet normal -0.4713967228849615 0.8819212717999939 0
    outer loop
      vertex 35.42095177620649 42.0837325155735 42
      vertex 35.61112725734711 42.185383424162865 42
      vertex 35.61112725734711 42.185383424162865 39
    endloop
  endfacet
  facet normal 0.4713967228849615 0.8819212717999939 0
    outer loop
      vertex 34.38887274265289 42.185383424162865 42
      vertex 34.57904822379351 42.0837325155735 39
      vertex 34.38887274265289 42.185383424162865 39
    endloop
  endfacet
  facet normal 0.29028467215311193 0.9569403372796865 0
    outer loop
      vertex 34.57904822379351 42.0837325155735 42
      vertex 34.78540064394474 42.021136194467545 39
      vertex 34.57904822379351 42.0837325155735 39
    endloop
  endfacet
  facet normal 0.09801715286859666 0.9951847254372096 0
    outer loop
      vertex 34.78540064394474 42.021136194467545 42
      vertex 35 42 39
      vertex 34.78540064394474 42.021136194467545 39
    endloop
  endfacet
  facet normal -0.09801715286859666 0.9951847254372096 0
    outer loop
      vertex 35 42 42
      vertex 35.21459935605526 42.021136194467545 39
      vertex 35 42 39
    endloop
  endfacet
  facet normal -0.29028467215311193 0.9569403372796865 0
    outer loop
      vertex 35.21459935605526 42.021136194467545 42
      vertex 35.42095177620649 42.0837325155735 39
      vertex 35.21459935605526 42.021136194467545 39
    endloop
  endfacet
  facet normal -0.4713967228849615 0.8819212717999939 0
    outer loop
      vertex 35.42095177620649 42.0837325155735 42
      vertex 35.61112725734711 42.185383424162865 39
      vertex 35.42095177620649 42.0837325155735 39
    endloop
  endfacet
  facet normal -0.6343933040276748 0.7730104370607489 0
    outer loop
      vertex 35.61112725734711 42.185383424162865 42
      vertex 35.77781745791435 42.322182543575764 42
      vertex 35.77781745791435 42.322182543575764 39
    endloop
  endfacet
  facet normal -0.773010454004492 0.6343932833816648 0
    outer loop
      vertex 35.77781745791435 42.322182543575764 42
      vertex 35.91461656987667 42.48887274414301 42
      vertex 35.91461656987667 42.48887274414301 39
    endloop
  endfacet
  facet normal -0.9569403372796865 0.29028467215311193 0
    outer loop
      vertex 36.016267485916615 42.67904822528362 42
      vertex 36.07886380702257 42.885400645434856 42
      vertex 36.07886380702257 42.885400645434856 39
    endloop
  endfacet
  facet normal -0.9951847254372096 0.09801715286859666 0
    outer loop
      vertex 36.07886380702257 42.885400645434856 42
      vertex 36.100000001490116 43.100000001490116 42
      vertex 36.100000001490116 43.100000001490116 39
    endloop
  endfacet
  facet normal -0.8819212574357823 0.47139674975851126 0
    outer loop
      vertex 35.91461656987667 42.48887274414301 42
      vertex 36.016267485916615 42.67904822528362 42
      vertex 36.016267485916615 42.67904822528362 39
    endloop
  endfacet
  facet normal -1 0 0
    outer loop
      vertex 36.100000001490116 43.100000001490116 42
      vertex 36.100000001490116 46.899999998509884 39
      vertex 36.100000001490116 43.100000001490116 39
    endloop
  endfacet
  facet normal -0.773010454004492 0.6343932833816648 0
    outer loop
      vertex 35.77781745791435 42.322182543575764 42
      vertex 35.91461656987667 42.48887274414301 39
      vertex 35.77781745791435 42.322182543575764 39
    endloop
  endfacet
  facet normal -0.9569403372796865 0.29028467215311193 0
    outer loop
      vertex 36.016267485916615 42.67904822528362 42
      vertex 36.07886380702257 42.885400645434856 39
      vertex 36.016267485916615 42.67904822528362 39
    endloop
  endfacet
  facet normal -0.9951847254372096 0.09801715286859666 0
    outer loop
      vertex 36.07886380702257 42.885400645434856 42
      vertex 36.100000001490116 43.100000001490116 39
      vertex 36.07886380702257 42.885400645434856 39
    endloop
  endfacet
  facet normal -0.8819212574357823 0.47139674975851126 0
    outer loop
      vertex 35.91461656987667 42.48887274414301 42
      vertex 36.016267485916615 42.67904822528362 39
      vertex 35.91461656987667 42.48887274414301 39
    endloop
  endfacet
  facet normal -0.6343933040276748 0.7730104370607489 0
    outer loop
      vertex 35.61112725734711 42.185383424162865 42
      vertex 35.77781745791435 42.322182543575764 39
      vertex 35.61112725734711 42.185383424162865 39
    endloop
  endfacet
  facet normal 0.4713967228849615 -0.8819212717999939 0
    outer loop
      vertex 34.57904822379351 -42.0837325155735 42
      vertex 34.38887274265289 -42.185383424162865 42
      vertex 34.38887274265289 -42.185383424162865 39
    endloop
  endfacet
  facet normal 0.29028467215311193 -0.9569403372796865 0
    outer loop
      vertex 34.78540064394474 -42.021136194467545 42
      vertex 34.57904822379351 -42.0837325155735 42
      vertex 34.57904822379351 -42.0837325155735 39
    endloop
  endfacet
  facet normal 0.09801715286859666 -0.9951847254372096 0
    outer loop
      vertex 35 -42 42
      vertex 34.78540064394474 -42.021136194467545 42
      vertex 34.78540064394474 -42.021136194467545 39
    endloop
  endfacet
  facet normal -0.09801715286859666 -0.9951847254372096 0
    outer loop
      vertex 35.21459935605526 -42.021136194467545 42
      vertex 35 -42 42
      vertex 35 -42 39
    endloop
  endfacet
  facet normal -0.29028467215311193 -0.9569403372796865 0
    outer loop
      vertex 35.42095177620649 -42.0837325155735 42
      vertex 35.21459935605526 -42.021136194467545 42
      vertex 35.21459935605526 -42.021136194467545 39
    endloop
  endfacet
  facet normal -0.4713967228849615 -0.8819212717999939 0
    outer loop
      vertex 35.61112725734711 -42.185383424162865 42
      vertex 35.42095177620649 -42.0837325155735 42
      vertex 35.42095177620649 -42.0837325155735 39
    endloop
  endfacet
  facet normal 0.6343933040276748 -0.7730104370607489 0
    outer loop
      vertex 34.38887274265289 -42.185383424162865 42
      vertex 34.22218254208565 -42.322182543575764 39
      vertex 34.38887274265289 -42.185383424162865 39
    endloop
  endfacet
  facet normal 0.4713967228849615 -0.8819212717999939 0
    outer loop
      vertex 34.57904822379351 -42.0837325155735 42
      vertex 34.38887274265289 -42.185383424162865 39
      vertex 34.57904822379351 -42.0837325155735 39
    endloop
  endfacet
  facet normal 0.29028467215311193 -0.9569403372796865 0
    outer loop
      vertex 34.78540064394474 -42.021136194467545 42
      vertex 34.57904822379351 -42.0837325155735 39
      vertex 34.78540064394474 -42.021136194467545 39
    endloop
  endfacet
  facet normal 0.09801715286859666 -0.9951847254372096 0
    outer loop
      vertex 35 -42 42
      vertex 34.78540064394474 -42.021136194467545 39
      vertex 35 -42 39
    endloop
  endfacet
  facet normal -0.09801715286859666 -0.9951847254372096 0
    outer loop
      vertex 35.21459935605526 -42.021136194467545 42
      vertex 35 -42 39
      vertex 35.21459935605526 -42.021136194467545 39
    endloop
  endfacet
  facet normal -0.29028467215311193 -0.9569403372796865 0
    outer loop
      vertex 35.42095177620649 -42.0837325155735 42
      vertex 35.21459935605526 -42.021136194467545 39
      vertex 35.42095177620649 -42.0837325155735 39
    endloop
  endfacet
  facet normal -0.4713967228849615 -0.8819212717999939 0
    outer loop
      vertex 35.61112725734711 -42.185383424162865 42
      vertex 35.42095177620649 -42.0837325155735 39
      vertex 35.61112725734711 -42.185383424162865 39
    endloop
  endfacet
  facet normal 0.773010454004492 -0.6343932833816648 0
    outer loop
      vertex 34.22218254208565 -42.322182543575764 42
      vertex 34.08538343012333 -42.48887274414301 42
      vertex 34.08538343012333 -42.48887274414301 39
    endloop
  endfacet
  facet normal 0.8819212574357823 -0.47139674975851126 0
    outer loop
      vertex 33.983732514083385 -42.67904822528362 39
      vertex 34.08538343012333 -42.48887274414301 42
      vertex 33.983732514083385 -42.67904822528362 42
    endloop
  endfacet
  facet normal 0.9569403372796865 -0.29028467215311193 0
    outer loop
      vertex 33.983732514083385 -42.67904822528362 42
      vertex 33.92113619297743 -42.885400645434856 42
      vertex 33.92113619297743 -42.885400645434856 39
    endloop
  endfacet
  facet normal 0.9951847254372096 -0.09801715286859666 0
    outer loop
      vertex 33.899999998509884 -43.100000001490116 39
      vertex 33.92113619297743 -42.885400645434856 42
      vertex 33.899999998509884 -43.100000001490116 42
    endloop
  endfacet
  facet normal 0.6343933040276748 -0.7730104370607489 0
    outer loop
      vertex 34.38887274265289 -42.185383424162865 42
      vertex 34.22218254208565 -42.322182543575764 42
      vertex 34.22218254208565 -42.322182543575764 39
    endloop
  endfacet
  facet normal 0.8819212574357823 -0.47139674975851126 0
    outer loop
      vertex 33.983732514083385 -42.67904822528362 39
      vertex 34.08538343012333 -42.48887274414301 39
      vertex 34.08538343012333 -42.48887274414301 42
    endloop
  endfacet
  facet normal 0.9569403372796865 -0.29028467215311193 0
    outer loop
      vertex 33.92113619297743 -42.885400645434856 39
      vertex 33.983732514083385 -42.67904822528362 39
      vertex 33.983732514083385 -42.67904822528362 42
    endloop
  endfacet
  facet normal 0.9951847254372096 -0.09801715286859666 0
    outer loop
      vertex 33.899999998509884 -43.100000001490116 39
      vertex 33.92113619297743 -42.885400645434856 39
      vertex 33.92113619297743 -42.885400645434856 42
    endloop
  endfacet
  facet normal 0.773010454004492 -0.6343932833816648 0
    outer loop
      vertex 34.22218254208565 -42.322182543575764 42
      vertex 34.08538343012333 -42.48887274414301 39
      vertex 34.22218254208565 -42.322182543575764 39
    endloop
  endfacet
  facet normal 1 0 0
    outer loop
      vertex 33.899999998509884 -46.899999998509884 39
      vertex 33.899999998509884 -43.100000001490116 39
      vertex 33.899999998509884 -43.100000001490116 42
    endloop
  endfacet
  facet normal -0.6343933040276748 -0.7730104370607489 0
    outer loop
      vertex 35.77781745791435 -42.322182543575764 42
      vertex 35.61112725734711 -42.185383424162865 42
      vertex 35.61112725734711 -42.185383424162865 39
    endloop
  endfacet
  facet normal -0.773010454004492 -0.6343932833816648 0
    outer loop
      vertex 35.91461656987667 -42.48887274414301 42
      vertex 35.77781745791435 -42.322182543575764 42
      vertex 35.77781745791435 -42.322182543575764 39
    endloop
  endfacet
  facet normal -0.8819212574357823 -0.47139674975851126 0
    outer loop
      vertex 36.016267485916615 -42.67904822528362 42
      vertex 35.91461656987667 -42.48887274414301 42
      vertex 35.91461656987667 -42.48887274414301 39
    endloop
  endfacet
  facet normal -0.9569403372796865 -0.29028467215311193 0
    outer loop
      vertex 36.07886380702257 -42.885400645434856 42
      vertex 36.016267485916615 -42.67904822528362 42
      vertex 36.016267485916615 -42.67904822528362 39
    endloop
  endfacet
  facet normal -0.9951847254372096 -0.09801715286859666 0
    outer loop
      vertex 36.100000001490116 -43.100000001490116 42
      vertex 36.07886380702257 -42.885400645434856 42
      vertex 36.07886380702257 -42.885400645434856 39
    endloop
  endfacet
  facet normal -1 0 0
    outer loop
      vertex 36.100000001490116 -46.899999998509884 42
      vertex 36.100000001490116 -43.100000001490116 42
      vertex 36.100000001490116 -43.100000001490116 39
    endloop
  endfacet
  facet normal -0.6343933040276748 -0.7730104370607489 0
    outer loop
      vertex 35.77781745791435 -42.322182543575764 42
      vertex 35.61112725734711 -42.185383424162865 39
      vertex 35.77781745791435 -42.322182543575764 39
    endloop
  endfacet
  facet normal -0.773010454004492 -0.6343932833816648 0
    outer loop
      vertex 35.91461656987667 -42.48887274414301 42
      vertex 35.77781745791435 -42.322182543575764 39
      vertex 35.91461656987667 -42.48887274414301 39
    endloop
  endfacet
  facet normal -0.8819212574357823 -0.47139674975851126 0
    outer loop
      vertex 36.016267485916615 -42.67904822528362 42
      vertex 35.91461656987667 -42.48887274414301 39
      vertex 36.016267485916615 -42.67904822528362 39
    endloop
  endfacet
  facet normal -0.9569403372796865 -0.29028467215311193 0
    outer loop
      vertex 36.07886380702257 -42.885400645434856 42
      vertex 36.016267485916615 -42.67904822528362 39
      vertex 36.07886380702257 -42.885400645434856 39
    endloop
  endfacet
  facet normal -0.9951847254372096 -0.09801715286859666 0
    outer loop
      vertex 36.100000001490116 -43.100000001490116 42
      vertex 36.07886380702257 -42.885400645434856 39
      vertex 36.100000001490116 -43.100000001490116 39
    endloop
  endfacet
  facet normal 1 0 0
    outer loop
      vertex 33.899999998509884 -46.899999998509884 39
      vertex 33.899999998509884 -43.100000001490116 42
      vertex 33.899999998509884 -46.899999998509884 42
    endloop
  endfacet
  facet normal 0.9951847254372096 0.09801715286859666 0
    outer loop
      vertex 33.899999998509884 -46.899999998509884 42
      vertex 33.92113619297743 -47.114599354565144 42
      vertex 33.92113619297743 -47.114599354565144 39
    endloop
  endfacet
  facet normal 0.9569403372796865 0.29028467215311193 0
    outer loop
      vertex 33.92113619297743 -47.114599354565144 42
      vertex 33.983732514083385 -47.32095177471638 42
      vertex 33.983732514083385 -47.32095177471638 39
    endloop
  endfacet
  facet normal 0.8819212574357823 0.47139674975851126 0
    outer loop
      vertex 33.983732514083385 -47.32095177471638 42
      vertex 34.08538343012333 -47.51112725585699 42
      vertex 34.08538343012333 -47.51112725585699 39
    endloop
  endfacet
  facet normal 0.773010454004492 0.6343932833816648 0
    outer loop
      vertex 34.08538343012333 -47.51112725585699 42
      vertex 34.22218254208565 -47.677817456424236 42
      vertex 34.22218254208565 -47.677817456424236 39
    endloop
  endfacet
  facet normal 0.6343933040276748 0.7730104370607489 0
    outer loop
      vertex 34.22218254208565 -47.677817456424236 42
      vertex 34.38887274265289 -47.814616575837135 42
      vertex 34.38887274265289 -47.814616575837135 39
    endloop
  endfacet
  facet normal 0.4713967228849615 0.8819212717999939 0
    outer loop
      vertex 34.38887274265289 -47.814616575837135 42
      vertex 34.57904822379351 -47.9162674844265 42
      vertex 34.57904822379351 -47.9162674844265 39
    endloop
  endfacet
  facet normal 0.29028467215311193 0.9569403372796865 0
    outer loop
      vertex 34.57904822379351 -47.9162674844265 42
      vertex 34.78540064394474 -47.978863805532455 42
      vertex 34.78540064394474 -47.978863805532455 39
    endloop
  endfacet
  facet normal 0.09801715286859666 0.9951847254372096 0
    outer loop
      vertex 34.78540064394474 -47.978863805532455 42
      vertex 35 -48 42
      vertex 35 -48 39
    endloop
  endfacet
  facet normal -0.29028467215311193 0.9569403372796865 0
    outer loop
      vertex 35.21459935605526 -47.978863805532455 42
      vertex 35.42095177620649 -47.9162674844265 42
      vertex 35.42095177620649 -47.9162674844265 39
    endloop
  endfacet
  facet normal -0.4713967228849615 0.8819212717999939 0
    outer loop
      vertex 35.42095177620649 -47.9162674844265 42
      vertex 35.61112725734711 -47.814616575837135 42
      vertex 35.61112725734711 -47.814616575837135 39
    endloop
  endfacet
  facet normal -0.09801715286859666 0.9951847254372096 0
    outer loop
      vertex 35 -48 42
      vertex 35.21459935605526 -47.978863805532455 42
      vertex 35.21459935605526 -47.978863805532455 39
    endloop
  endfacet
  facet normal 0.9951847254372096 0.09801715286859666 0
    outer loop
      vertex 33.899999998509884 -46.899999998509884 42
      vertex 33.92113619297743 -47.114599354565144 39
      vertex 33.899999998509884 -46.899999998509884 39
    endloop
  endfacet
  facet normal 0.9569403372796865 0.29028467215311193 0
    outer loop
      vertex 33.92113619297743 -47.114599354565144 42
      vertex 33.983732514083385 -47.32095177471638 39
      vertex 33.92113619297743 -47.114599354565144 39
    endloop
  endfacet
  facet normal 0.8819212574357823 0.47139674975851126 0
    outer loop
      vertex 33.983732514083385 -47.32095177471638 42
      vertex 34.08538343012333 -47.51112725585699 39
      vertex 33.983732514083385 -47.32095177471638 39
    endloop
  endfacet
  facet normal 0.773010454004492 0.6343932833816648 0
    outer loop
      vertex 34.08538343012333 -47.51112725585699 42
      vertex 34.22218254208565 -47.677817456424236 39
      vertex 34.08538343012333 -47.51112725585699 39
    endloop
  endfacet
  facet normal 0.6343933040276748 0.7730104370607489 0
    outer loop
      vertex 34.22218254208565 -47.677817456424236 42
      vertex 34.38887274265289 -47.814616575837135 39
      vertex 34.22218254208565 -47.677817456424236 39
    endloop
  endfacet
  facet normal 0.4713967228849615 0.8819212717999939 0
    outer loop
      vertex 34.38887274265289 -47.814616575837135 42
      vertex 34.57904822379351 -47.9162674844265 39
      vertex 34.38887274265289 -47.814616575837135 39
    endloop
  endfacet
  facet normal 0.29028467215311193 0.9569403372796865 0
    outer loop
      vertex 34.57904822379351 -47.9162674844265 42
      vertex 34.78540064394474 -47.978863805532455 39
      vertex 34.57904822379351 -47.9162674844265 39
    endloop
  endfacet
  facet normal 0.09801715286859666 0.9951847254372096 0
    outer loop
      vertex 34.78540064394474 -47.978863805532455 42
      vertex 35 -48 39
      vertex 34.78540064394474 -47.978863805532455 39
    endloop
  endfacet
  facet normal -0.4713967228849615 0.8819212717999939 0
    outer loop
      vertex 35.42095177620649 -47.9162674844265 42
      vertex 35.61112725734711 -47.814616575837135 39
      vertex 35.42095177620649 -47.9162674844265 39
    endloop
  endfacet
  facet normal -0.09801715286859666 0.9951847254372096 0
    outer loop
      vertex 35 -48 42
      vertex 35.21459935605526 -47.978863805532455 39
      vertex 35 -48 39
    endloop
  endfacet
  facet normal -0.29028467215311193 0.9569403372796865 0
    outer loop
      vertex 35.21459935605526 -47.978863805532455 42
      vertex 35.42095177620649 -47.9162674844265 39
      vertex 35.21459935605526 -47.978863805532455 39
    endloop
  endfacet
  facet normal -0.9951847254372096 0.09801715286859666 0
    outer loop
      vertex 36.07886380702257 -47.114599354565144 42
      vertex 36.100000001490116 -46.899999998509884 42
      vertex 36.100000001490116 -46.899999998509884 39
    endloop
  endfacet
  facet normal -0.6343933040276748 0.7730104370607489 0
    outer loop
      vertex 35.61112725734711 -47.814616575837135 42
      vertex 35.77781745791435 -47.677817456424236 42
      vertex 35.77781745791435 -47.677817456424236 39
    endloop
  endfacet
  facet normal -0.773010454004492 0.6343932833816648 0
    outer loop
      vertex 35.77781745791435 -47.677817456424236 42
      vertex 35.91461656987667 -47.51112725585699 42
      vertex 35.91461656987667 -47.51112725585699 39
    endloop
  endfacet
  facet normal -0.9569403372796865 0.29028467215311193 0
    outer loop
      vertex 36.016267485916615 -47.32095177471638 42
      vertex 36.07886380702257 -47.114599354565144 42
      vertex 36.07886380702257 -47.114599354565144 39
    endloop
  endfacet
  facet normal -0.8819212574357823 0.47139674975851126 0
    outer loop
      vertex 35.91461656987667 -47.51112725585699 42
      vertex 36.016267485916615 -47.32095177471638 42
      vertex 36.016267485916615 -47.32095177471638 39
    endloop
  endfacet
  facet normal -1 0 0
    outer loop
      vertex 36.100000001490116 -46.899999998509884 42
      vertex 36.100000001490116 -43.100000001490116 39
      vertex 36.100000001490116 -46.899999998509884 39
    endloop
  endfacet
  facet normal -0.9951847254372096 0.09801715286859666 0
    outer loop
      vertex 36.07886380702257 -47.114599354565144 42
      vertex 36.100000001490116 -46.899999998509884 39
      vertex 36.07886380702257 -47.114599354565144 39
    endloop
  endfacet
  facet normal -0.6343933040276748 0.7730104370607489 0
    outer loop
      vertex 35.61112725734711 -47.814616575837135 42
      vertex 35.77781745791435 -47.677817456424236 39
      vertex 35.61112725734711 -47.814616575837135 39
    endloop
  endfacet
  facet normal -0.773010454004492 0.6343932833816648 0
    outer loop
      vertex 35.77781745791435 -47.677817456424236 42
      vertex 35.91461656987667 -47.51112725585699 39
      vertex 35.77781745791435 -47.677817456424236 39
    endloop
  endfacet
  facet normal -0.9569403372796865 0.29028467215311193 0
    outer loop
      vertex 36.016267485916615 -47.32095177471638 42
      vertex 36.07886380702257 -47.114599354565144 39
      vertex 36.016267485916615 -47.32095177471638 39
    endloop
  endfacet
  facet normal -0.8819212574357823 0.47139674975851126 0
    outer loop
      vertex 35.91461656987667 -47.51112725585699 42
      vertex 36.016267485916615 -47.32095177471638 39
      vertex 35.91461656987667 -47.51112725585699 39
    endloop
  endfacet
  facet normal -1.065814103640151e-15 -0.7999999999999998 -0.6000000000000004
    outer loop
      vertex -32 38 35.333333333333336
      vertex -30 39 34
      vertex -32 36 38
    endloop
  endfacet
  facet normal 0 -0.8000000000000006 -0.5999999999999993
    outer loop
      vertex -32.05 39 34
      vertex -32 38 35.333333333333336
      vertex -32.05 38 35.333333333333336
    endloop
  endfacet
  facet normal 1 0 0
    outer loop
      vertex -32.05 39 34
      vertex -32.05 38 35.333333333333336
      vertex -32.05 38.287499999999994 33.05
    endloop
  endfacet
  facet normal 0 -0.8000000000000005 -0.5999999999999993
    outer loop
      vertex -32.05 39 34
      vertex -30 39 34
      vertex -32 38 35.333333333333336
    endloop
  endfacet
  facet normal 0 0.8 -0.6
    outer loop
      vertex -32 36 38
      vertex -30 36 38
      vertex -32 33 34
    endloop
  endfacet
  facet normal 0 -0.8 -0.6
    outer loop
      vertex -30 39 34
      vertex -30 36 38
      vertex -32 36 38
    endloop
  endfacet
  facet normal 0 0.8 -0.6
    outer loop
      vertex -30 36 38
      vertex -30 33 34
      vertex -32 33 34
    endloop
  endfacet
  facet normal 1 0 0
    outer loop
      vertex -32.05 38 33.05
      vertex -32.05 38.287499999999994 33.05
      vertex -32.05 38 35.333333333333336
    endloop
  endfacet
  facet normal 5.983517774822208e-14 -0.7999999999999985 0.600000000000002
    outer loop
      vertex -32.05 39 34
      vertex -32.05 38.287499999999994 33.05
      vertex -32 38.25 33
    endloop
  endfacet
  facet normal 0 -0.8 0.6
    outer loop
      vertex -32.05 39 34
      vertex -32 38.25 33
      vertex -30 36 30
    endloop
  endfacet
  facet normal 0 0.8 0.6
    outer loop
      vertex -32 36 30
      vertex -32 33 34
      vertex -30 33 34
    endloop
  endfacet
  facet normal 0 -0.8 0.6
    outer loop
      vertex -32.05 39 34
      vertex -30 36 30
      vertex -30 39 34
    endloop
  endfacet
  facet normal 0 -0.8 0.6
    outer loop
      vertex -32 38.25 33
      vertex -32 36 30
      vertex -30 36 30
    endloop
  endfacet
  facet normal 0 0.8 0.6
    outer loop
      vertex -30 33 34
      vertex -30 36 30
      vertex -32 36 30
    endloop
  endfacet
  facet normal 0 -0.8 -0.6
    outer loop
      vertex -32 28 38
      vertex -32 31 34
      vertex -30 31 34
    endloop
  endfacet
  facet normal 0 0.8 -0.6
    outer loop
      vertex -32 25 34
      vertex -32 28 38
      vertex -30 28 38
    endloop
  endfacet
  facet normal 0 -0.8 -0.6
    outer loop
      vertex -30 31 34
      vertex -30 28 38
      vertex -32 28 38
    endloop
  endfacet
  facet normal 0 -0.8 0.6
    outer loop
      vertex -30 31 34
      vertex -32 31 34
      vertex -30 28 30
    endloop
  endfacet
  facet normal 0 -0.8 0.6
    outer loop
      vertex -32 31 34
      vertex -32 28 30
      vertex -30 28 30
    endloop
  endfacet
  facet normal 0 0.8 0.6
    outer loop
      vertex -30 25 34
      vertex -30 28 30
      vertex -32 28 30
    endloop
  endfacet
  facet normal 0 0.8 -0.6
    outer loop
      vertex -32 25 34
      vertex -30 28 38
      vertex -30 25 34
    endloop
  endfacet
  facet normal 0 0.8 0.6
    outer loop
      vertex -32 28 30
      vertex -32 25 34
      vertex -30 25 34
    endloop
  endfacet
  facet normal 0 -0.8 -0.6
    outer loop
      vertex -32 20 38
      vertex -32 23 34
      vertex -30 23 34
    endloop
  endfacet
  facet normal 0 -0.8 -0.6
    outer loop
      vertex -30 20 38
      vertex -32 20 38
      vertex -30 23 34
    endloop
  endfacet
  facet normal 0 -0.8 0.6
    outer loop
      vertex -30 23 34
      vertex -32 23 34
      vertex -30 20 30
    endloop
  endfacet
  facet normal 0 0.8 -0.6
    outer loop
      vertex -32 17 34
      vertex -32 20 38
      vertex -30 20 38
    endloop
  endfacet
  facet normal 0 0.8 -0.6
    outer loop
      vertex -32 17 34
      vertex -30 20 38
      vertex -30 17 34
    endloop
  endfacet
  facet normal 0 0.8 0.6
    outer loop
      vertex -32 20 30
      vertex -32 17 34
      vertex -30 17 34
    endloop
  endfacet
  facet normal 0 -0.8 0.6
    outer loop
      vertex -32 23 34
      vertex -32 20 30
      vertex -30 20 30
    endloop
  endfacet
  facet normal 0 0.8 0.6
    outer loop
      vertex -30 17 34
      vertex -30 20 30
      vertex -32 20 30
    endloop
  endfacet
  facet normal 0 -0.8 -0.6
    outer loop
      vertex -32 12 38
      vertex -32 15 34
      vertex -30 15 34
    endloop
  endfacet
  facet normal 0 -0.8 0.6
    outer loop
      vertex -30 15 34
      vertex -32 15 34
      vertex -30 12 30
    endloop
  endfacet
  facet normal 0 0.8 -0.6
    outer loop
      vertex -32 9 34
      vertex -32 12 38
      vertex -30 12 38
    endloop
  endfacet
  facet normal 0 -0.8 -0.6
    outer loop
      vertex -32 12 38
      vertex -30 15 34
      vertex -30 12 38
    endloop
  endfacet
  facet normal 0 0.8 -0.6
    outer loop
      vertex -32 9 34
      vertex -30 12 38
      vertex -30 9 34
    endloop
  endfacet
  facet normal 0 0.8 0.6
    outer loop
      vertex -32 12 30
      vertex -32 9 34
      vertex -30 9 34
    endloop
  endfacet
  facet normal 0 -0.8 0.6
    outer loop
      vertex -32 15 34
      vertex -32 12 30
      vertex -30 12 30
    endloop
  endfacet
  facet normal 0 0.8 0.6
    outer loop
      vertex -30 9 34
      vertex -30 12 30
      vertex -32 12 30
    endloop
  endfacet
  facet normal 0 -0.8 -0.6
    outer loop
      vertex -32 4 38
      vertex -32 7 34
      vertex -30 7 34
    endloop
  endfacet
  facet normal 0 0.8 -0.6
    outer loop
      vertex -32 1 34
      vertex -32 4 38
      vertex -30 4 38
    endloop
  endfacet
  facet normal 0 -0.8 -0.6
    outer loop
      vertex -30 4 38
      vertex -32 4 38
      vertex -30 7 34
    endloop
  endfacet
  facet normal 0 0.8 -0.6
    outer loop
      vertex -32 1 34
      vertex -30 4 38
      vertex -30 1 34
    endloop
  endfacet
  facet normal 0 0.8 0.6
    outer loop
      vertex -32 4 30
      vertex -32 1 34
      vertex -30 1 34
    endloop
  endfacet
  facet normal 0 -0.8 0.6
    outer loop
      vertex -30 7 34
      vertex -32 7 34
      vertex -30 4 30
    endloop
  endfacet
  facet normal 0 -0.8 0.6
    outer loop
      vertex -32 7 34
      vertex -32 4 30
      vertex -30 4 30
    endloop
  endfacet
  facet normal 0 0.8 0.6
    outer loop
      vertex -30 1 34
      vertex -30 4 30
      vertex -32 4 30
    endloop
  endfacet
  facet normal 0 -0.8 -0.6
    outer loop
      vertex -32 -4 38
      vertex -32 -1 34
      vertex -30 -1 34
    endloop
  endfacet
  facet normal 0 0.8 -0.6
    outer loop
      vertex -32 -4 38
      vertex -30 -4 38
      vertex -32 -7 34
    endloop
  endfacet
  facet normal 0 -0.8 -0.6
    outer loop
      vertex -30 -4 38
      vertex -32 -4 38
      vertex -30 -1 34
    endloop
  endfacet
  facet normal 0 0.8 -0.6
    outer loop
      vertex -32 -7 34
      vertex -30 -4 38
      vertex -30 -7 34
    endloop
  endfacet
  facet normal 0 0.8 0.6
    outer loop
      vertex -32 -4 30
      vertex -32 -7 34
      vertex -30 -7 34
    endloop
  endfacet
  facet normal 0 -0.8 0.6
    outer loop
      vertex -30 -1 34
      vertex -32 -1 34
      vertex -30 -4 30
    endloop
  endfacet
  facet normal 0 -0.8 0.6
    outer loop
      vertex -32 -1 34
      vertex -32 -4 30
      vertex -30 -4 30
    endloop
  endfacet
  facet normal 0 0.8 0.6
    outer loop
      vertex -30 -7 34
      vertex -30 -4 30
      vertex -32 -4 30
    endloop
  endfacet
  facet normal 0 -0.8 -0.6
    outer loop
      vertex -32 -12 38
      vertex -32 -9 34
      vertex -30 -9 34
    endloop
  endfacet
  facet normal 0 -0.8 -0.6
    outer loop
      vertex -30 -12 38
      vertex -32 -12 38
      vertex -30 -9 34
    endloop
  endfacet
  facet normal 0 -0.8 0.6
    outer loop
      vertex -30 -9 34
      vertex -32 -9 34
      vertex -30 -12 30
    endloop
  endfacet
  facet normal 0 0.8 -0.6
    outer loop
      vertex -32 -15 34
      vertex -32 -12 38
      vertex -30 -12 38
    endloop
  endfacet
  facet normal 0 0.8 -0.6
    outer loop
      vertex -32 -15 34
      vertex -30 -12 38
      vertex -30 -15 34
    endloop
  endfacet
  facet normal 0 0.8 0.6
    outer loop
      vertex -32 -12 30
      vertex -32 -15 34
      vertex -30 -15 34
    endloop
  endfacet
  facet normal 0 -0.8 0.6
    outer loop
      vertex -32 -9 34
      vertex -32 -12 30
      vertex -30 -12 30
    endloop
  endfacet
  facet normal 0 0.8 0.6
    outer loop
      vertex -30 -12 30
      vertex -32 -12 30
      vertex -30 -15 34
    endloop
  endfacet
  facet normal 0 -0.8 -0.6
    outer loop
      vertex -32 -20 38
      vertex -32 -17 34
      vertex -30 -17 34
    endloop
  endfacet
  facet normal 0 -0.8 -0.6
    outer loop
      vertex -30 -20 38
      vertex -32 -20 38
      vertex -30 -17 34
    endloop
  endfacet
  facet normal 0 -0.8 0.6
    outer loop
      vertex -30 -17 34
      vertex -32 -17 34
      vertex -30 -20 30
    endloop
  endfacet
  facet normal 0 0.8 -0.6
    outer loop
      vertex -32 -20 38
      vertex -30 -20 38
      vertex -32 -23 34
    endloop
  endfacet
  facet normal 0 0.8 -0.6
    outer loop
      vertex -32 -23 34
      vertex -30 -20 38
      vertex -30 -23 34
    endloop
  endfacet
  facet normal 0 0.8 0.6
    outer loop
      vertex -32 -20 30
      vertex -32 -23 34
      vertex -30 -23 34
    endloop
  endfacet
  facet normal 0 -0.8 0.6
    outer loop
      vertex -32 -17 34
      vertex -32 -20 30
      vertex -30 -20 30
    endloop
  endfacet
  facet normal 0 0.8 0.6
    outer loop
      vertex -30 -23 34
      vertex -30 -20 30
      vertex -32 -20 30
    endloop
  endfacet
  facet normal 0 0.8 -0.6
    outer loop
      vertex -32 -28 38
      vertex -30 -28 38
      vertex -32 -31 34
    endloop
  endfacet
  facet normal 0 -0.8 -0.6
    outer loop
      vertex -32 -25 34
      vertex -30 -25 34
      vertex -32 -28 38
    endloop
  endfacet
  facet normal 0 -0.8 -0.6
    outer loop
      vertex -32 -28 38
      vertex -30 -25 34
      vertex -30 -28 38
    endloop
  endfacet
  facet normal 0 0.8 -0.6
    outer loop
      vertex -32 -31 34
      vertex -30 -28 38
      vertex -30 -31 34
    endloop
  endfacet
  facet normal 0 0.8 0.6
    outer loop
      vertex -32 -28 30
      vertex -32 -31 34
      vertex -30 -31 34
    endloop
  endfacet
  facet normal 0 -0.8 0.6
    outer loop
      vertex -30 -25 34
      vertex -32 -25 34
      vertex -30 -28 30
    endloop
  endfacet
  facet normal 0 -0.8 0.6
    outer loop
      vertex -32 -25 34
      vertex -32 -28 30
      vertex -30 -28 30
    endloop
  endfacet
  facet normal 0 0.8 0.6
    outer loop
      vertex -30 -31 34
      vertex -30 -28 30
      vertex -32 -28 30
    endloop
  endfacet
  facet normal 0 0.8000000000000005 -0.5999999999999993
    outer loop
      vertex -32 -38 35.33333333333333
      vertex -32 -36 38
      vertex -30 -36 38
    endloop
  endfacet
  facet normal 0 -0.8 -0.6
    outer loop
      vertex -32 -36 38
      vertex -32 -33 34
      vertex -30 -33 34
    endloop
  endfacet
  facet normal 4.48763833111642e-15 0.7999999999999988 -0.6000000000000015
    outer loop
      vertex -32.05 -39 34
      vertex -32 -38 35.33333333333333
      vertex -30 -36 38
    endloop
  endfacet
  facet normal -8.526512829121677e-14 0.8000000000000006 -0.5999999999999993
    outer loop
      vertex -32.05 -39 34
      vertex -32.05 -38 35.333333333333336
      vertex -32 -38 35.33333333333333
    endloop
  endfacet
  facet normal 1 0 0
    outer loop
      vertex -32.05 -39 34
      vertex -32.05 -38 33.05
      vertex -32.05 -38 35.333333333333336
    endloop
  endfacet
  facet normal 0 -0.8 -0.6
    outer loop
      vertex -30 -36 38
      vertex -32 -36 38
      vertex -30 -33 34
    endloop
  endfacet
  facet normal 0 0.8 -0.6
    outer loop
      vertex -32.05 -39 34
      vertex -30 -36 38
      vertex -30 -39 34
    endloop
  endfacet
  facet normal 0 0.8000000000000015 0.5999999999999981
    outer loop
      vertex -32.05 -39 34
      vertex -30 -39 34
      vertex -32.05 -38.2875 33.05
    endloop
  endfacet
  facet normal 1 0 0
    outer loop
      vertex -32.05 -39 34
      vertex -32.05 -38.2875 33.05
      vertex -32.05 -38 33.05
    endloop
  endfacet
  facet normal -1.8947806286936654e-14 0.7999999999999818 0.6000000000000243
    outer loop
      vertex -32 -38.25 33
      vertex -32.05 -38.2875 33.05
      vertex -30 -39 34
    endloop
  endfacet
  facet normal 0 0.8 0.6
    outer loop
      vertex -32 -38.25 33
      vertex -30 -39 34
      vertex -32 -36 30
    endloop
  endfacet
  facet normal 0 -0.8 0.6
    outer loop
      vertex -30 -33 34
      vertex -32 -33 34
      vertex -30 -36 30
    endloop
  endfacet
  facet normal 0 -0.8 0.6
    outer loop
      vertex -32 -33 34
      vertex -32 -36 30
      vertex -30 -36 30
    endloop
  endfacet
  facet normal 0 0.8 0.6
    outer loop
      vertex -30 -39 34
      vertex -30 -36 30
      vertex -32 -36 30
    endloop
  endfacet
  facet normal 0 -0.8 -0.6
    outer loop
      vertex 32 23 34
      vertex 30 20 38
      vertex 30 23 34
    endloop
  endfacet
  facet normal 0 -0.8 -0.6
    outer loop
      vertex 32 23 34
      vertex 32 20 38
      vertex 30 20 38
    endloop
  endfacet
  facet normal 0 -0.8 0.6
    outer loop
      vertex 32 20 30
      vertex 32 23 34
      vertex 30 23 34
    endloop
  endfacet
  facet normal 0 0.8 -0.6
    outer loop
      vertex 30 20 38
      vertex 32 20 38
      vertex 30 17 34
    endloop
  endfacet
  facet normal 0 0.8 -0.6
    outer loop
      vertex 32 20 38
      vertex 32 17 34
      vertex 30 17 34
    endloop
  endfacet
  facet normal 0 0.8 0.6
    outer loop
      vertex 30 17 34
      vertex 32 17 34
      vertex 30 20 30
    endloop
  endfacet
  facet normal 0 -0.8 0.6
    outer loop
      vertex 30 23 34
      vertex 30 20 30
      vertex 32 20 30
    endloop
  endfacet
  facet normal 0 0.8 0.6
    outer loop
      vertex 32 17 34
      vertex 32 20 30
      vertex 30 20 30
    endloop
  endfacet
  facet normal 0 -0.8 -0.6
    outer loop
      vertex 32 15 34
      vertex 30 12 38
      vertex 30 15 34
    endloop
  endfacet
  facet normal 0 -0.8 0.6
    outer loop
      vertex 32 12 30
      vertex 32 15 34
      vertex 30 15 34
    endloop
  endfacet
  facet normal 0 0.8 -0.6
    outer loop
      vertex 30 12 38
      vertex 32 12 38
      vertex 30 9 34
    endloop
  endfacet
  facet normal 0 -0.8 -0.6
    outer loop
      vertex 32 15 34
      vertex 32 12 38
      vertex 30 12 38
    endloop
  endfacet
  facet normal 0 0.8 -0.6
    outer loop
      vertex 32 12 38
      vertex 32 9 34
      vertex 30 9 34
    endloop
  endfacet
  facet normal 0 0.8 0.6
    outer loop
      vertex 30 9 34
      vertex 32 9 34
      vertex 30 12 30
    endloop
  endfacet
  facet normal 0 -0.8 0.6
    outer loop
      vertex 30 15 34
      vertex 30 12 30
      vertex 32 12 30
    endloop
  endfacet
  facet normal 0 0.8 0.6
    outer loop
      vertex 32 9 34
      vertex 32 12 30
      vertex 30 12 30
    endloop
  endfacet
  facet normal 0 -0.8 -0.6
    outer loop
      vertex 32 7 34
      vertex 30 4 38
      vertex 30 7 34
    endloop
  endfacet
  facet normal 0 0.8 -0.6
    outer loop
      vertex 30 4 38
      vertex 32 4 38
      vertex 30 1 34
    endloop
  endfacet
  facet normal 0 -0.8 -0.6
    outer loop
      vertex 32 7 34
      vertex 32 4 38
      vertex 30 4 38
    endloop
  endfacet
  facet normal 0 0.8 -0.6
    outer loop
      vertex 32 4 38
      vertex 32 1 34
      vertex 30 1 34
    endloop
  endfacet
  facet normal 0 0.8 0.6
    outer loop
      vertex 30 1 34
      vertex 32 1 34
      vertex 30 4 30
    endloop
  endfacet
  facet normal 0 -0.8 0.6
    outer loop
      vertex 32 4 30
      vertex 32 7 34
      vertex 30 7 34
    endloop
  endfacet
  facet normal 0 -0.8 0.6
    outer loop
      vertex 30 7 34
      vertex 30 4 30
      vertex 32 4 30
    endloop
  endfacet
  facet normal 0 0.8 0.6
    outer loop
      vertex 32 1 34
      vertex 32 4 30
      vertex 30 4 30
    endloop
  endfacet
  facet normal 0 -0.8 -0.6
    outer loop
      vertex 32 -1 34
      vertex 30 -4 38
      vertex 30 -1 34
    endloop
  endfacet
  facet normal 0 0.8 -0.6
    outer loop
      vertex 30 -4 38
      vertex 32 -4 38
      vertex 30 -7 34
    endloop
  endfacet
  facet normal 0 -0.8 -0.6
    outer loop
      vertex 32 -1 34
      vertex 32 -4 38
      vertex 30 -4 38
    endloop
  endfacet
  facet normal 0 0.8 -0.6
    outer loop
      vertex 32 -4 38
      vertex 32 -7 34
      vertex 30 -7 34
    endloop
  endfacet
  facet normal 0 0.8 0.6
    outer loop
      vertex 30 -7 34
      vertex 32 -7 34
      vertex 30 -4 30
    endloop
  endfacet
  facet normal 0 -0.8 0.6
    outer loop
      vertex 32 -4 30
      vertex 32 -1 34
      vertex 30 -1 34
    endloop
  endfacet
  facet normal 0 -0.8 0.6
    outer loop
      vertex 30 -1 34
      vertex 30 -4 30
      vertex 32 -4 30
    endloop
  endfacet
  facet normal 0 0.8 0.6
    outer loop
      vertex 32 -7 34
      vertex 32 -4 30
      vertex 30 -4 30
    endloop
  endfacet
  facet normal 0 -0.8 -0.6
    outer loop
      vertex 32 -9 34
      vertex 30 -12 38
      vertex 30 -9 34
    endloop
  endfacet
  facet normal 0 -0.8 -0.6
    outer loop
      vertex 32 -9 34
      vertex 32 -12 38
      vertex 30 -12 38
    endloop
  endfacet
  facet normal 0 -0.8 0.6
    outer loop
      vertex 32 -12 30
      vertex 32 -9 34
      vertex 30 -9 34
    endloop
  endfacet
  facet normal 0 0.8 -0.6
    outer loop
      vertex 30 -12 38
      vertex 32 -12 38
      vertex 30 -15 34
    endloop
  endfacet
  facet normal 0 0.8 -0.6
    outer loop
      vertex 32 -12 38
      vertex 32 -15 34
      vertex 30 -15 34
    endloop
  endfacet
  facet normal 0 0.8 0.6
    outer loop
      vertex 30 -15 34
      vertex 32 -15 34
      vertex 30 -12 30
    endloop
  endfacet
  facet normal 0 -0.8 0.6
    outer loop
      vertex 30 -9 34
      vertex 30 -12 30
      vertex 32 -12 30
    endloop
  endfacet
  facet normal 0 0.8 0.6
    outer loop
      vertex 32 -15 34
      vertex 32 -12 30
      vertex 30 -12 30
    endloop
  endfacet
  facet normal 0 -0.8 -0.6
    outer loop
      vertex 32 -17 34
      vertex 30 -20 38
      vertex 30 -17 34
    endloop
  endfacet
  facet normal 0 -0.8 -0.6
    outer loop
      vertex 32 -17 34
      vertex 32 -20 38
      vertex 30 -20 38
    endloop
  endfacet
  facet normal 0 -0.8 0.6
    outer loop
      vertex 32 -20 30
      vertex 32 -17 34
      vertex 30 -17 34
    endloop
  endfacet
  facet normal 0 0.8 -0.6
    outer loop
      vertex 30 -20 38
      vertex 32 -20 38
      vertex 30 -23 34
    endloop
  endfacet
  facet normal 0 0.8 -0.6
    outer loop
      vertex 32 -20 38
      vertex 32 -23 34
      vertex 30 -23 34
    endloop
  endfacet
  facet normal 0 0.8 0.6
    outer loop
      vertex 30 -23 34
      vertex 32 -23 34
      vertex 30 -20 30
    endloop
  endfacet
  facet normal 0 -0.8 0.6
    outer loop
      vertex 30 -17 34
      vertex 30 -20 30
      vertex 32 -20 30
    endloop
  endfacet
  facet normal 0 0.8 0.6
    outer loop
      vertex 32 -23 34
      vertex 32 -20 30
      vertex 30 -20 30
    endloop
  endfacet
  facet normal 0 0.8 -0.6
    outer loop
      vertex 30 -31 34
      vertex 30 -28 38
      vertex 32 -28 38
    endloop
  endfacet
  facet normal 0 -0.8 -0.6
    outer loop
      vertex 30 -25 34
      vertex 32 -25 34
      vertex 30 -28 38
    endloop
  endfacet
  facet normal 0 -0.8 -0.6
    outer loop
      vertex 30 -28 38
      vertex 32 -25 34
      vertex 32 -28 38
    endloop
  endfacet
  facet normal 0 0.8 -0.6
    outer loop
      vertex 32 -28 38
      vertex 32 -31 34
      vertex 30 -31 34
    endloop
  endfacet
  facet normal 0 0.8 0.6
    outer loop
      vertex 30 -31 34
      vertex 32 -31 34
      vertex 30 -28 30
    endloop
  endfacet
  facet normal 0 -0.8 0.6
    outer loop
      vertex 32 -28 30
      vertex 32 -25 34
      vertex 30 -25 34
    endloop
  endfacet
  facet normal 0 -0.8 0.6
    outer loop
      vertex 30 -25 34
      vertex 30 -28 30
      vertex 32 -28 30
    endloop
  endfacet
  facet normal 0 0.8 0.6
    outer loop
      vertex 32 -31 34
      vertex 32 -28 30
      vertex 30 -28 30
    endloop
  endfacet
  facet normal 0 -0.8 -0.6
    outer loop
      vertex 30 -36 38
      vertex 30 -33 34
      vertex 32 -33 34
    endloop
  endfacet
  facet normal 0 0.8 -0.6
    outer loop
      vertex 30 -39 34
      vertex 30 -36 38
      vertex 32 -36 38
    endloop
  endfacet
  facet normal 0 -0.8 -0.6
    outer loop
      vertex 32 -36 38
      vertex 30 -36 38
      vertex 32 -33 34
    endloop
  endfacet
  facet normal 1.065814103640151e-15 0.7999999999999998 -0.6000000000000004
    outer loop
      vertex 32 -38 35.333333333333336
      vertex 30 -39 34
      vertex 32 -36 38
    endloop
  endfacet
  facet normal 0 0.8000000000000006 -0.5999999999999993
    outer loop
      vertex 32.05 -39 34
      vertex 32 -38 35.333333333333336
      vertex 32.05 -38 35.333333333333336
    endloop
  endfacet
  facet normal 0 0.8000000000000005 -0.5999999999999993
    outer loop
      vertex 32.05 -39 34
      vertex 30 -39 34
      vertex 32 -38 35.333333333333336
    endloop
  endfacet
  facet normal -1 0 0
    outer loop
      vertex 32.05 -39 34
      vertex 32.05 -38 35.333333333333336
      vertex 32.05 -38.287499999999994 33.05
    endloop
  endfacet
  facet normal 0 0.8 0.6
    outer loop
      vertex 32.05 -39 34
      vertex 30 -36 30
      vertex 30 -39 34
    endloop
  endfacet
  facet normal 0 -0.8 0.6
    outer loop
      vertex 32 -36 30
      vertex 32 -33 34
      vertex 30 -33 34
    endloop
  endfacet
  facet normal -1 0 0
    outer loop
      vertex 32.05 -38 33.05
      vertex 32.05 -38.287499999999994 33.05
      vertex 32.05 -38 35.333333333333336
    endloop
  endfacet
  facet normal -5.983517774822208e-14 0.7999999999999985 0.600000000000002
    outer loop
      vertex 32.05 -39 34
      vertex 32.05 -38.287499999999994 33.05
      vertex 32 -38.25 33
    endloop
  endfacet
  facet normal 0 0.8 0.6
    outer loop
      vertex 32.05 -39 34
      vertex 32 -38.25 33
      vertex 30 -36 30
    endloop
  endfacet
  facet normal 0 -0.8 0.6
    outer loop
      vertex 32 -36 30
      vertex 30 -33 34
      vertex 30 -36 30
    endloop
  endfacet
  facet normal 0 0.8 0.6
    outer loop
      vertex 32 -38.25 33
      vertex 32 -36 30
      vertex 30 -36 30
    endloop
  endfacet
  facet normal 0.8 0 -0.6
    outer loop
      vertex 0 -52 38
      vertex -3 -50 34
      vertex 0 -50 38
    endloop
  endfacet
  facet normal 0.8 0 -0.6
    outer loop
      vertex 0 -52 38
      vertex -3 -52 34
      vertex -3 -50 34
    endloop
  endfacet
  facet normal 0.8 0 0.6
    outer loop
      vertex -3 -50 34
      vertex -3 -52 34
      vertex 0 -50 30
    endloop
  endfacet
  facet normal 0.8 0 0.6
    outer loop
      vertex -3 -52 34
      vertex 0 -52 30
      vertex 0 -50 30
    endloop
  endfacet
  facet normal -0.8 0 -0.6
    outer loop
      vertex 0 -52 38
      vertex 0 -50 38
      vertex 3 -52 34
    endloop
  endfacet
  facet normal -0.8 0 -0.6
    outer loop
      vertex 3 -52 34
      vertex 0 -50 38
      vertex 3 -50 34
    endloop
  endfacet
  facet normal -0.8 0 0.6
    outer loop
      vertex 3 -52 34
      vertex 3 -50 34
      vertex 0 -52 30
    endloop
  endfacet
  facet normal -0.8 0 0.6
    outer loop
      vertex 0 -50 30
      vertex 0 -52 30
      vertex 3 -50 34
    endloop
  endfacet
  facet normal 0.8 0 -0.6
    outer loop
      vertex 8 -50 38
      vertex 8 -52 38
      vertex 5 -50 34
    endloop
  endfacet
  facet normal 0.8 0 -0.6
    outer loop
      vertex 8 -52 38
      vertex 5 -52 34
      vertex 5 -50 34
    endloop
  endfacet
  facet normal -0.8 0 -0.6
    outer loop
      vertex 8 -52 38
      vertex 8 -50 38
      vertex 11 -52 34
    endloop
  endfacet
  facet normal 0.8 0 0.6
    outer loop
      vertex 5 -50 34
      vertex 5 -52 34
      vertex 8 -50 30
    endloop
  endfacet
  facet normal -0.8 0 -0.6
    outer loop
      vertex 11 -52 34
      vertex 8 -50 38
      vertex 11 -50 34
    endloop
  endfacet
  facet normal -0.8 0 0.6
    outer loop
      vertex 8 -52 30
      vertex 11 -52 34
      vertex 11 -50 34
    endloop
  endfacet
  facet normal 0.8 0 0.6
    outer loop
      vertex 5 -52 34
      vertex 8 -52 30
      vertex 8 -50 30
    endloop
  endfacet
  facet normal -0.8 0 0.6
    outer loop
      vertex 8 -50 30
      vertex 8 -52 30
      vertex 11 -50 34
    endloop
  endfacet
  facet normal 0.8 0 -0.6
    outer loop
      vertex 16 -52 38
      vertex 13 -52 34
      vertex 13 -50 34
    endloop
  endfacet
  facet normal 0.8 0 0.6
    outer loop
      vertex 13 -50 34
      vertex 13 -52 34
      vertex 16 -50 30
    endloop
  endfacet
  facet normal 0.8 0 -0.6
    outer loop
      vertex 16 -50 38
      vertex 16 -52 38
      vertex 13 -50 34
    endloop
  endfacet
  facet normal -0.8 0 -0.6
    outer loop
      vertex 16 -52 38
      vertex 16 -50 38
      vertex 19 -52 34
    endloop
  endfacet
  facet normal -0.8 0 -0.6
    outer loop
      vertex 19 -52 34
      vertex 16 -50 38
      vertex 19 -50 34
    endloop
  endfacet
  facet normal -0.8 0 0.6
    outer loop
      vertex 16 -52 30
      vertex 19 -52 34
      vertex 19 -50 34
    endloop
  endfacet
  facet normal 0.8 0 0.6
    outer loop
      vertex 13 -52 34
      vertex 16 -52 30
      vertex 16 -50 30
    endloop
  endfacet
  facet normal -0.8 0 0.6
    outer loop
      vertex 19 -50 34
      vertex 16 -50 30
      vertex 16 -52 30
    endloop
  endfacet
  facet normal 0 0.8 -0.6
    outer loop
      vertex -32 36 28
      vertex -30 36 28
      vertex -32 33 24
    endloop
  endfacet
  facet normal 0 -0.8 -0.6
    outer loop
      vertex -30 36 28
      vertex -32 36 28
      vertex -30 39 24
    endloop
  endfacet
  facet normal 0 -0.8 -0.6
    outer loop
      vertex -30 39 24
      vertex -32 36 28
      vertex -32 39 24
    endloop
  endfacet
  facet normal 0 0.8 -0.6
    outer loop
      vertex -30 36 28
      vertex -30 33 24
      vertex -32 33 24
    endloop
  endfacet
  facet normal 0 -0.8 0.6
    outer loop
      vertex -30 36 20
      vertex -32 39 24
      vertex -32 36 20
    endloop
  endfacet
  facet normal 0 0.8 0.6
    outer loop
      vertex -32 33 24
      vertex -30 33 24
      vertex -32 36 20
    endloop
  endfacet
  facet normal 0 -0.8 0.6
    outer loop
      vertex -30 39 24
      vertex -32 39 24
      vertex -30 36 20
    endloop
  endfacet
  facet normal 0 0.8 0.6
    outer loop
      vertex -30 33 24
      vertex -30 36 20
      vertex -32 36 20
    endloop
  endfacet
  facet normal 0 0.8 -0.6
    outer loop
      vertex -32 28 28
      vertex -30 28 28
      vertex -32 25 24
    endloop
  endfacet
  facet normal 0 -0.8 -0.6
    outer loop
      vertex -30 28 28
      vertex -32 28 28
      vertex -30 31 24
    endloop
  endfacet
  facet normal 0 -0.8 -0.6
    outer loop
      vertex -30 31 24
      vertex -32 28 28
      vertex -32 31 24
    endloop
  endfacet
  facet normal 0 -0.8 0.6
    outer loop
      vertex -30 28 20
      vertex -32 31 24
      vertex -32 28 20
    endloop
  endfacet
  facet normal 0 -0.8 0.6
    outer loop
      vertex -30 31 24
      vertex -32 31 24
      vertex -30 28 20
    endloop
  endfacet
  facet normal 0 0.8 0.6
    outer loop
      vertex -30 28 20
      vertex -32 28 20
      vertex -30 25 24
    endloop
  endfacet
  facet normal 0 0.8 -0.6
    outer loop
      vertex -30 28 28
      vertex -30 25 24
      vertex -32 25 24
    endloop
  endfacet
  facet normal 0 0.8 0.6
    outer loop
      vertex -32 25 24
      vertex -30 25 24
      vertex -32 28 20
    endloop
  endfacet
  facet normal 0 -0.8 -0.6
    outer loop
      vertex -30 20 28
      vertex -32 20 28
      vertex -30 23 24
    endloop
  endfacet
  facet normal 0 0.8 -0.6
    outer loop
      vertex -32 17 24
      vertex -32 20 28
      vertex -30 20 28
    endloop
  endfacet
  facet normal 0 -0.8 -0.6
    outer loop
      vertex -32 20 28
      vertex -32 23 24
      vertex -30 23 24
    endloop
  endfacet
  facet normal 0 -0.8 0.6
    outer loop
      vertex -30 20 20
      vertex -32 23 24
      vertex -32 20 20
    endloop
  endfacet
  facet normal 0 -0.8 0.6
    outer loop
      vertex -30 23 24
      vertex -32 23 24
      vertex -30 20 20
    endloop
  endfacet
  facet normal 0 0.8 -0.6
    outer loop
      vertex -30 20 28
      vertex -30 17 24
      vertex -32 17 24
    endloop
  endfacet
  facet normal 0 0.8 0.6
    outer loop
      vertex -32 17 24
      vertex -30 17 24
      vertex -32 20 20
    endloop
  endfacet
  facet normal 0 0.8 0.6
    outer loop
      vertex -30 17 24
      vertex -30 20 20
      vertex -32 20 20
    endloop
  endfacet
  facet normal 0 -0.8 -0.6
    outer loop
      vertex -32 12 28
      vertex -32 15 24
      vertex -30 15 24
    endloop
  endfacet
  facet normal 0 -0.8 0.6
    outer loop
      vertex -30 15 24
      vertex -32 15 24
      vertex -30 12 20
    endloop
  endfacet
  facet normal 0 0.8 -0.6
    outer loop
      vertex -32 12 28
      vertex -30 12 28
      vertex -32 9 24
    endloop
  endfacet
  facet normal 0 -0.8 -0.6
    outer loop
      vertex -30 15 24
      vertex -30 12 28
      vertex -32 12 28
    endloop
  endfacet
  facet normal 0 0.8 -0.6
    outer loop
      vertex -30 12 28
      vertex -30 9 24
      vertex -32 9 24
    endloop
  endfacet
  facet normal 0 0.8 0.6
    outer loop
      vertex -32 12 20
      vertex -32 9 24
      vertex -30 9 24
    endloop
  endfacet
  facet normal 0 -0.8 0.6
    outer loop
      vertex -30 12 20
      vertex -32 15 24
      vertex -32 12 20
    endloop
  endfacet
  facet normal 0 0.8 0.6
    outer loop
      vertex -30 9 24
      vertex -30 12 20
      vertex -32 12 20
    endloop
  endfacet
  facet normal 0 0.8 -0.6
    outer loop
      vertex -32 4 28
      vertex -30 4 28
      vertex -32 1 24
    endloop
  endfacet
  facet normal 0 -0.8 -0.6
    outer loop
      vertex -30 7 24
      vertex -30 4 28
      vertex -32 4 28
    endloop
  endfacet
  facet normal 0 -0.8 -0.6
    outer loop
      vertex -30 7 24
      vertex -32 4 28
      vertex -32 7 24
    endloop
  endfacet
  facet normal 0 0.8 -0.6
    outer loop
      vertex -30 4 28
      vertex -30 1 24
      vertex -32 1 24
    endloop
  endfacet
  facet normal 0 -0.8 0.6
    outer loop
      vertex -32 7 24
      vertex -32 4 20
      vertex -30 4 20
    endloop
  endfacet
  facet normal 0 0.8 0.6
    outer loop
      vertex -32 4 20
      vertex -32 1 24
      vertex -30 1 24
    endloop
  endfacet
  facet normal 0 -0.8 0.6
    outer loop
      vertex -30 7 24
      vertex -32 7 24
      vertex -30 4 20
    endloop
  endfacet
  facet normal 0 0.8 0.6
    outer loop
      vertex -30 1 24
      vertex -30 4 20
      vertex -32 4 20
    endloop
  endfacet
  facet normal 0 0.8 -0.6
    outer loop
      vertex -32 -4 28
      vertex -30 -4 28
      vertex -32 -7 24
    endloop
  endfacet
  facet normal 0 -0.8 -0.6
    outer loop
      vertex -30 -4 28
      vertex -32 -4 28
      vertex -30 -1 24
    endloop
  endfacet
  facet normal 0 -0.8 -0.6
    outer loop
      vertex -30 -1 24
      vertex -32 -4 28
      vertex -32 -1 24
    endloop
  endfacet
  facet normal 0 0.8 -0.6
    outer loop
      vertex -30 -4 28
      vertex -30 -7 24
      vertex -32 -7 24
    endloop
  endfacet
  facet normal 0 -0.8 0.6
    outer loop
      vertex -30 -4 20
      vertex -32 -1 24
      vertex -32 -4 20
    endloop
  endfacet
  facet normal 0 0.8 0.6
    outer loop
      vertex -32 -7 24
      vertex -30 -7 24
      vertex -32 -4 20
    endloop
  endfacet
  facet normal 0 -0.8 0.6
    outer loop
      vertex -30 -4 20
      vertex -30 -1 24
      vertex -32 -1 24
    endloop
  endfacet
  facet normal 0 0.8 0.6
    outer loop
      vertex -30 -7 24
      vertex -30 -4 20
      vertex -32 -4 20
    endloop
  endfacet
  facet normal 0 -0.8 -0.6
    outer loop
      vertex -30 -12 28
      vertex -32 -12 28
      vertex -30 -9 24
    endloop
  endfacet
  facet normal 0 -0.8 -0.6
    outer loop
      vertex -30 -9 24
      vertex -32 -12 28
      vertex -32 -9 24
    endloop
  endfacet
  facet normal 0 -0.8 0.6
    outer loop
      vertex -30 -12 20
      vertex -32 -9 24
      vertex -32 -12 20
    endloop
  endfacet
  facet normal 0 -0.8 0.6
    outer loop
      vertex -30 -9 24
      vertex -32 -9 24
      vertex -30 -12 20
    endloop
  endfacet
  facet normal 0 0.8 -0.6
    outer loop
      vertex -32 -12 28
      vertex -30 -12 28
      vertex -32 -15 24
    endloop
  endfacet
  facet normal 0 0.8 -0.6
    outer loop
      vertex -30 -12 28
      vertex -30 -15 24
      vertex -32 -15 24
    endloop
  endfacet
  facet normal 0 0.8 0.6
    outer loop
      vertex -32 -15 24
      vertex -30 -15 24
      vertex -32 -12 20
    endloop
  endfacet
  facet normal 0 0.8 0.6
    outer loop
      vertex -30 -12 20
      vertex -32 -12 20
      vertex -30 -15 24
    endloop
  endfacet
  facet normal 0 -0.8 -0.6
    outer loop
      vertex -30 -20 28
      vertex -32 -20 28
      vertex -30 -17 24
    endloop
  endfacet
  facet normal 0 0.8 -0.6
    outer loop
      vertex -32 -20 28
      vertex -30 -20 28
      vertex -32 -23 24
    endloop
  endfacet
  facet normal 0 -0.8 -0.6
    outer loop
      vertex -30 -17 24
      vertex -32 -20 28
      vertex -32 -17 24
    endloop
  endfacet
  facet normal 0 -0.8 0.6
    outer loop
      vertex -30 -20 20
      vertex -32 -17 24
      vertex -32 -20 20
    endloop
  endfacet
  facet normal 0 -0.8 0.6
    outer loop
      vertex -30 -17 24
      vertex -32 -17 24
      vertex -30 -20 20
    endloop
  endfacet
  facet normal 0 0.8 -0.6
    outer loop
      vertex -30 -20 28
      vertex -30 -23 24
      vertex -32 -23 24
    endloop
  endfacet
  facet normal 0 0.8 0.6
    outer loop
      vertex -32 -23 24
      vertex -30 -23 24
      vertex -32 -20 20
    endloop
  endfacet
  facet normal 0 0.8 0.6
    outer loop
      vertex -30 -23 24
      vertex -30 -20 20
      vertex -32 -20 20
    endloop
  endfacet
  facet normal 0 0.8 -0.6
    outer loop
      vertex -32 -28 28
      vertex -30 -28 28
      vertex -32 -31 24
    endloop
  endfacet
  facet normal 0 -0.8 -0.6
    outer loop
      vertex -30 -28 28
      vertex -32 -28 28
      vertex -30 -25 24
    endloop
  endfacet
  facet normal 0 -0.8 -0.6
    outer loop
      vertex -30 -25 24
      vertex -32 -28 28
      vertex -32 -25 24
    endloop
  endfacet
  facet normal 0 0.8 -0.6
    outer loop
      vertex -30 -28 28
      vertex -30 -31 24
      vertex -32 -31 24
    endloop
  endfacet
  facet normal 0 -0.8 0.6
    outer loop
      vertex -30 -28 20
      vertex -32 -25 24
      vertex -32 -28 20
    endloop
  endfacet
  facet normal 0 0.8 0.6
    outer loop
      vertex -32 -31 24
      vertex -30 -31 24
      vertex -32 -28 20
    endloop
  endfacet
  facet normal 0 -0.8 0.6
    outer loop
      vertex -30 -25 24
      vertex -32 -25 24
      vertex -30 -28 20
    endloop
  endfacet
  facet normal 0 0.8 0.6
    outer loop
      vertex -30 -31 24
      vertex -30 -28 20
      vertex -32 -28 20
    endloop
  endfacet
  facet normal 0 0.8 -0.6
    outer loop
      vertex -32 -36 28
      vertex -30 -36 28
      vertex -32 -39 24
    endloop
  endfacet
  facet normal 0 -0.8 -0.6
    outer loop
      vertex -30 -36 28
      vertex -32 -36 28
      vertex -30 -33 24
    endloop
  endfacet
  facet normal 0 -0.8 -0.6
    outer loop
      vertex -30 -33 24
      vertex -32 -36 28
      vertex -32 -33 24
    endloop
  endfacet
  facet normal 0 0.8 -0.6
    outer loop
      vertex -30 -36 28
      vertex -30 -39 24
      vertex -32 -39 24
    endloop
  endfacet
  facet normal 0 -0.8 0.6
    outer loop
      vertex -30 -36 20
      vertex -32 -33 24
      vertex -32 -36 20
    endloop
  endfacet
  facet normal 0 0.8 0.6
    outer loop
      vertex -32 -39 24
      vertex -30 -39 24
      vertex -32 -36 20
    endloop
  endfacet
  facet normal 0 -0.8 0.6
    outer loop
      vertex -30 -33 24
      vertex -32 -33 24
      vertex -30 -36 20
    endloop
  endfacet
  facet normal 0 0.8 0.6
    outer loop
      vertex -30 -39 24
      vertex -30 -36 20
      vertex -32 -36 20
    endloop
  endfacet
  facet normal 0 -0.8 -0.6
    outer loop
      vertex 32 20 28
      vertex 30 20 28
      vertex 32 23 24
    endloop
  endfacet
  facet normal 0 0.8 -0.6
    outer loop
      vertex 30 20 28
      vertex 32 20 28
      vertex 30 17 24
    endloop
  endfacet
  facet normal 0 -0.8 -0.6
    outer loop
      vertex 30 20 28
      vertex 30 23 24
      vertex 32 23 24
    endloop
  endfacet
  facet normal 0 -0.8 0.6
    outer loop
      vertex 30 23 24
      vertex 30 20 20
      vertex 32 20 20
    endloop
  endfacet
  facet normal 0 -0.8 0.6
    outer loop
      vertex 32 23 24
      vertex 30 23 24
      vertex 32 20 20
    endloop
  endfacet
  facet normal 0 0.8 -0.6
    outer loop
      vertex 30 17 24
      vertex 32 20 28
      vertex 32 17 24
    endloop
  endfacet
  facet normal 0 0.8 0.6
    outer loop
      vertex 30 17 24
      vertex 32 17 24
      vertex 30 20 20
    endloop
  endfacet
  facet normal 0 0.8 0.6
    outer loop
      vertex 30 20 20
      vertex 32 17 24
      vertex 32 20 20
    endloop
  endfacet
  facet normal 0 -0.8 -0.6
    outer loop
      vertex 30 12 28
      vertex 30 15 24
      vertex 32 15 24
    endloop
  endfacet
  facet normal 0 -0.8 0.6
    outer loop
      vertex 32 15 24
      vertex 30 15 24
      vertex 32 12 20
    endloop
  endfacet
  facet normal 0 0.8 -0.6
    outer loop
      vertex 30 12 28
      vertex 32 12 28
      vertex 30 9 24
    endloop
  endfacet
  facet normal 0 -0.8 -0.6
    outer loop
      vertex 32 12 28
      vertex 30 12 28
      vertex 32 15 24
    endloop
  endfacet
  facet normal 0 0.8 -0.6
    outer loop
      vertex 30 9 24
      vertex 32 12 28
      vertex 32 9 24
    endloop
  endfacet
  facet normal 0 0.8 0.6
    outer loop
      vertex 30 9 24
      vertex 32 9 24
      vertex 30 12 20
    endloop
  endfacet
  facet normal 0 -0.8 0.6
    outer loop
      vertex 30 15 24
      vertex 30 12 20
      vertex 32 12 20
    endloop
  endfacet
  facet normal 0 0.8 0.6
    outer loop
      vertex 30 12 20
      vertex 32 9 24
      vertex 32 12 20
    endloop
  endfacet
  facet normal 0 0.8 -0.6
    outer loop
      vertex 30 4 28
      vertex 32 4 28
      vertex 30 1 24
    endloop
  endfacet
  facet normal 0 -0.8 -0.6
    outer loop
      vertex 32 4 28
      vertex 30 4 28
      vertex 32 7 24
    endloop
  endfacet
  facet normal 0 -0.8 -0.6
    outer loop
      vertex 30 4 28
      vertex 30 7 24
      vertex 32 7 24
    endloop
  endfacet
  facet normal 0 0.8 -0.6
    outer loop
      vertex 30 1 24
      vertex 32 4 28
      vertex 32 1 24
    endloop
  endfacet
  facet normal 0 -0.8 0.6
    outer loop
      vertex 30 7 24
      vertex 30 4 20
      vertex 32 4 20
    endloop
  endfacet
  facet normal 0 0.8 0.6
    outer loop
      vertex 30 4 20
      vertex 30 1 24
      vertex 32 1 24
    endloop
  endfacet
  facet normal 0 -0.8 0.6
    outer loop
      vertex 32 7 24
      vertex 30 7 24
      vertex 32 4 20
    endloop
  endfacet
  facet normal 0 0.8 0.6
    outer loop
      vertex 32 1 24
      vertex 32 4 20
      vertex 30 4 20
    endloop
  endfacet
  facet normal 0 0.8 -0.6
    outer loop
      vertex 30 -7 24
      vertex 30 -4 28
      vertex 32 -4 28
    endloop
  endfacet
  facet normal 0 -0.8 -0.6
    outer loop
      vertex 32 -4 28
      vertex 30 -4 28
      vertex 32 -1 24
    endloop
  endfacet
  facet normal 0 -0.8 -0.6
    outer loop
      vertex 30 -4 28
      vertex 30 -1 24
      vertex 32 -1 24
    endloop
  endfacet
  facet normal 0 0.8 -0.6
    outer loop
      vertex 32 -4 28
      vertex 32 -7 24
      vertex 30 -7 24
    endloop
  endfacet
  facet normal 0 -0.8 0.6
    outer loop
      vertex 30 -1 24
      vertex 30 -4 20
      vertex 32 -4 20
    endloop
  endfacet
  facet normal 0 0.8 0.6
    outer loop
      vertex 30 -7 24
      vertex 32 -7 24
      vertex 30 -4 20
    endloop
  endfacet
  facet normal 0 -0.8 0.6
    outer loop
      vertex 32 -4 20
      vertex 32 -1 24
      vertex 30 -1 24
    endloop
  endfacet
  facet normal 0 0.8 0.6
    outer loop
      vertex 32 -7 24
      vertex 32 -4 20
      vertex 30 -4 20
    endloop
  endfacet
  facet normal 0 -0.8 -0.6
    outer loop
      vertex 32 -12 28
      vertex 30 -12 28
      vertex 32 -9 24
    endloop
  endfacet
  facet normal 0 -0.8 -0.6
    outer loop
      vertex 30 -12 28
      vertex 30 -9 24
      vertex 32 -9 24
    endloop
  endfacet
  facet normal 0 -0.8 0.6
    outer loop
      vertex 32 -12 20
      vertex 30 -9 24
      vertex 30 -12 20
    endloop
  endfacet
  facet normal 0 -0.8 0.6
    outer loop
      vertex 32 -12 20
      vertex 32 -9 24
      vertex 30 -9 24
    endloop
  endfacet
  facet normal 0 0.8 -0.6
    outer loop
      vertex 30 -15 24
      vertex 30 -12 28
      vertex 32 -12 28
    endloop
  endfacet
  facet normal 0 0.8 -0.6
    outer loop
      vertex 32 -12 28
      vertex 32 -15 24
      vertex 30 -15 24
    endloop
  endfacet
  facet normal 0 0.8 0.6
    outer loop
      vertex 30 -15 24
      vertex 32 -15 24
      vertex 30 -12 20
    endloop
  endfacet
  facet normal 0 0.8 0.6
    outer loop
      vertex 32 -12 20
      vertex 30 -12 20
      vertex 32 -15 24
    endloop
  endfacet
  facet normal 0 -0.8 -0.6
    outer loop
      vertex 32 -17 24
      vertex 32 -20 28
      vertex 30 -20 28
    endloop
  endfacet
  facet normal 0 0.8 -0.6
    outer loop
      vertex 30 -20 28
      vertex 32 -20 28
      vertex 30 -23 24
    endloop
  endfacet
  facet normal 0 -0.8 -0.6
    outer loop
      vertex 32 -17 24
      vertex 30 -20 28
      vertex 30 -17 24
    endloop
  endfacet
  facet normal 0 -0.8 0.6
    outer loop
      vertex 32 -20 20
      vertex 30 -17 24
      vertex 30 -20 20
    endloop
  endfacet
  facet normal 0 -0.8 0.6
    outer loop
      vertex 32 -17 24
      vertex 30 -17 24
      vertex 32 -20 20
    endloop
  endfacet
  facet normal 0 0.8 -0.6
    outer loop
      vertex 32 -20 28
      vertex 32 -23 24
      vertex 30 -23 24
    endloop
  endfacet
  facet normal 0 0.8 0.6
    outer loop
      vertex 30 -23 24
      vertex 32 -23 24
      vertex 30 -20 20
    endloop
  endfacet
  facet normal 0 0.8 0.6
    outer loop
      vertex 32 -23 24
      vertex 32 -20 20
      vertex 30 -20 20
    endloop
  endfacet
  facet normal 0 0.8 -0.6
    outer loop
      vertex 30 -28 28
      vertex 32 -28 28
      vertex 30 -31 24
    endloop
  endfacet
  facet normal 0 -0.8 -0.6
    outer loop
      vertex 32 -28 28
      vertex 30 -28 28
      vertex 32 -25 24
    endloop
  endfacet
  facet normal 0 -0.8 -0.6
    outer loop
      vertex 32 -25 24
      vertex 30 -28 28
      vertex 30 -25 24
    endloop
  endfacet
  facet normal 0 0.8 -0.6
    outer loop
      vertex 32 -28 28
      vertex 32 -31 24
      vertex 30 -31 24
    endloop
  endfacet
  facet normal 0 -0.8 0.6
    outer loop
      vertex 32 -28 20
      vertex 30 -25 24
      vertex 30 -28 20
    endloop
  endfacet
  facet normal 0 0.8 0.6
    outer loop
      vertex 30 -31 24
      vertex 32 -31 24
      vertex 30 -28 20
    endloop
  endfacet
  facet normal 0 -0.8 0.6
    outer loop
      vertex 32 -25 24
      vertex 30 -25 24
      vertex 32 -28 20
    endloop
  endfacet
  facet normal 0 0.8 0.6
    outer loop
      vertex 32 -31 24
      vertex 32 -28 20
      vertex 30 -28 20
    endloop
  endfacet
  facet normal 0 0.8 -0.6
    outer loop
      vertex 30 -36 28
      vertex 32 -36 28
      vertex 30 -39 24
    endloop
  endfacet
  facet normal 0 -0.8 -0.6
    outer loop
      vertex 32 -36 28
      vertex 30 -36 28
      vertex 32 -33 24
    endloop
  endfacet
  facet normal 0 -0.8 -0.6
    outer loop
      vertex 32 -33 24
      vertex 30 -36 28
      vertex 30 -33 24
    endloop
  endfacet
  facet normal 0 0.8 -0.6
    outer loop
      vertex 32 -36 28
      vertex 32 -39 24
      vertex 30 -39 24
    endloop
  endfacet
  facet normal 0 -0.8 0.6
    outer loop
      vertex 32 -36 20
      vertex 30 -33 24
      vertex 30 -36 20
    endloop
  endfacet
  facet normal 0 0.8 0.6
    outer loop
      vertex 30 -39 24
      vertex 32 -39 24
      vertex 30 -36 20
    endloop
  endfacet
  facet normal 0 -0.8 0.6
    outer loop
      vertex 32 -33 24
      vertex 30 -33 24
      vertex 32 -36 20
    endloop
  endfacet
  facet normal 0 0.8 0.6
    outer loop
      vertex 32 -39 24
      vertex 32 -36 20
      vertex 30 -36 20
    endloop
  endfacet
  facet normal 0.8 0 -0.6
    outer loop
      vertex -19 52 24
      vertex -16 52 28
      vertex -16 50 28
    endloop
  endfacet
  facet normal -0.8 0 -0.6
    outer loop
      vertex -16 50 28
      vertex -16 52 28
      vertex -13 50 24
    endloop
  endfacet
  facet normal 0.8 0 -0.6
    outer loop
      vertex -16 50 28
      vertex -19 50 24
      vertex -19 52 24
    endloop
  endfacet
  facet normal 0.8 0 0.6
    outer loop
      vertex -19 52 24
      vertex -19 50 24
      vertex -16 52 20
    endloop
  endfacet
  facet normal 0.8 0 0.6
    outer loop
      vertex -19 50 24
      vertex -16 50 20
      vertex -16 52 20
    endloop
  endfacet
  facet normal -0.8 0 0.6
    outer loop
      vertex -13 52 24
      vertex -16 52 20
      vertex -16 50 20
    endloop
  endfacet
  facet normal -0.8 0 -0.6
    outer loop
      vertex -13 50 24
      vertex -16 52 28
      vertex -13 52 24
    endloop
  endfacet
  facet normal -0.8 0 0.6
    outer loop
      vertex -13 50 24
      vertex -13 52 24
      vertex -16 50 20
    endloop
  endfacet
  facet normal 0.7999999999999998 -9.465046182352091e-16 -0.6000000000000003
    outer loop
      vertex -9.855686695278969 52 25.525751072961373
      vertex -8 50 28
      vertex -11 52 24
    endloop
  endfacet
  facet normal 0.8 0 -0.6
    outer loop
      vertex -8 50 28
      vertex -11 50 24
      vertex -11 52 24
    endloop
  endfacet
  facet normal 0.8 0 0.6
    outer loop
      vertex -8 52 20
      vertex -11 52 24
      vertex -11 50 24
    endloop
  endfacet
  facet normal 0.8000000000000002 -9.313923535837431e-18 -0.5999999999999998
    outer loop
      vertex -9.855686695278969 52 25.525751072961373
      vertex -8 52 28
      vertex -8 50 28
    endloop
  endfacet
  facet normal -0.8 0 -0.6
    outer loop
      vertex -8 50 28
      vertex -8 52 28
      vertex -5 50 24
    endloop
  endfacet
  facet normal -0.8 0 -0.6
    outer loop
      vertex -8 52 28
      vertex -5 52 24
      vertex -5 50 24
    endloop
  endfacet
  facet normal 0.8 0 0.6
    outer loop
      vertex -11 50 24
      vertex -8 50 20
      vertex -8 52 20
    endloop
  endfacet
  facet normal -0.8 0 0.6
    outer loop
      vertex -5 50 24
      vertex -5 52 24
      vertex -8 50 20
    endloop
  endfacet
  facet normal -0.8 0 0.6
    outer loop
      vertex -5 52 24
      vertex -8 52 20
      vertex -8 50 20
    endloop
  endfacet
  facet normal 0.8 0 -0.6
    outer loop
      vertex 0 50 28
      vertex -3 52 24
      vertex 0 52 28
    endloop
  endfacet
  facet normal 0.8 0 -0.6
    outer loop
      vertex 0 50 28
      vertex -3 50 24
      vertex -3 52 24
    endloop
  endfacet
  facet normal 0.8 0 0.6
    outer loop
      vertex 0 52 20
      vertex -3 52 24
      vertex -3 50 24
    endloop
  endfacet
  facet normal 0.8 0 0.6
    outer loop
      vertex -3 50 24
      vertex 0 50 20
      vertex 0 52 20
    endloop
  endfacet
  facet normal -0.8 0 -0.6
    outer loop
      vertex 0 50 28
      vertex 0 52 28
      vertex 3 50 24
    endloop
  endfacet
  facet normal -0.8 0 -0.6
    outer loop
      vertex 3 50 24
      vertex 0 52 28
      vertex 3 52 24
    endloop
  endfacet
  facet normal -0.8 0 0.6
    outer loop
      vertex 3 50 24
      vertex 3 52 24
      vertex 0 50 20
    endloop
  endfacet
  facet normal -0.8 0 0.6
    outer loop
      vertex 3 52 24
      vertex 0 52 20
      vertex 0 50 20
    endloop
  endfacet
  facet normal 0.8 0 -0.6
    outer loop
      vertex 0 -52 28
      vertex -3 -50 24
      vertex 0 -50 28
    endloop
  endfacet
  facet normal 0.8 0 -0.6
    outer loop
      vertex 0 -52 28
      vertex -3 -52 24
      vertex -3 -50 24
    endloop
  endfacet
  facet normal 0.8 0 0.6
    outer loop
      vertex -3 -50 24
      vertex -3 -52 24
      vertex 0 -50 20
    endloop
  endfacet
  facet normal 0.8 0 0.6
    outer loop
      vertex -3 -52 24
      vertex 0 -52 20
      vertex 0 -50 20
    endloop
  endfacet
  facet normal -0.8 0 -0.6
    outer loop
      vertex 0 -52 28
      vertex 0 -50 28
      vertex 3 -52 24
    endloop
  endfacet
  facet normal -0.8 0 -0.6
    outer loop
      vertex 3 -52 24
      vertex 0 -50 28
      vertex 3 -50 24
    endloop
  endfacet
  facet normal -0.8 0 0.6
    outer loop
      vertex 0 -52 20
      vertex 3 -52 24
      vertex 3 -50 24
    endloop
  endfacet
  facet normal -0.8 0 0.6
    outer loop
      vertex 3 -50 24
      vertex 0 -50 20
      vertex 0 -52 20
    endloop
  endfacet
  facet normal 0.8 0 -0.6
    outer loop
      vertex 8 -50 28
      vertex 8 -52 28
      vertex 5 -50 24
    endloop
  endfacet
  facet normal -0.8000000000000002 9.313923535837431e-18 -0.5999999999999998
    outer loop
      vertex 9.855686695278969 -52 25.525751072961373
      vertex 8 -52 28
      vertex 8 -50 28
    endloop
  endfacet
  facet normal 0.8 0 -0.6
    outer loop
      vertex 8 -52 28
      vertex 5 -52 24
      vertex 5 -50 24
    endloop
  endfacet
  facet normal 0.8 0 0.6
    outer loop
      vertex 5 -50 24
      vertex 5 -52 24
      vertex 8 -50 20
    endloop
  endfacet
  facet normal 0.8 8.900137907788195e-17 0.6
    outer loop
      vertex 5.738733905579398 -52 23.01502145922747
      vertex 8 -50 20
      vertex 5 -52 24
    endloop
  endfacet
  facet normal 0.8 2.90758953713507e-17 0.6
    outer loop
      vertex 5.738733905579398 -52 23.01502145922747
      vertex 8 -52 20
      vertex 8 -50 20
    endloop
  endfacet
  facet normal -0.8 0 0.6
    outer loop
      vertex 8 -50 20
      vertex 8 -52 20
      vertex 11 -50 24
    endloop
  endfacet
  facet normal -0.7999999999999998 9.465046182352091e-16 -0.6000000000000003
    outer loop
      vertex 9.855686695278969 -52 25.525751072961373
      vertex 8 -50 28
      vertex 11 -52 24
    endloop
  endfacet
  facet normal -0.8 0 -0.6
    outer loop
      vertex 8 -50 28
      vertex 11 -50 24
      vertex 11 -52 24
    endloop
  endfacet
  facet normal -0.8 0 0.6
    outer loop
      vertex 8 -52 20
      vertex 11 -52 24
      vertex 11 -50 24
    endloop
  endfacet
  facet normal 0.8 0 -0.6
    outer loop
      vertex 16 -50 28
      vertex 16 -52 28
      vertex 13 -50 24
    endloop
  endfacet
  facet normal -0.8 0 -0.6
    outer loop
      vertex 19 -52 24
      vertex 16 -52 28
      vertex 16 -50 28
    endloop
  endfacet
  facet normal 0.8 0 -0.6
    outer loop
      vertex 13 -50 24
      vertex 16 -52 28
      vertex 13 -52 24
    endloop
  endfacet
  facet normal 0.8 0 0.6
    outer loop
      vertex 13 -50 24
      vertex 13 -52 24
      vertex 16 -50 20
    endloop
  endfacet
  facet normal -0.8 0 -0.6
    outer loop
      vertex 16 -50 28
      vertex 19 -50 24
      vertex 19 -52 24
    endloop
  endfacet
  facet normal 0.8 0 0.6
    outer loop
      vertex 13 -52 24
      vertex 16 -52 20
      vertex 16 -50 20
    endloop
  endfacet
  facet normal -0.8 0 0.6
    outer loop
      vertex 19 -50 24
      vertex 16 -52 20
      vertex 19 -52 24
    endloop
  endfacet
  facet normal -0.8 0 0.6
    outer loop
      vertex 19 -50 24
      vertex 16 -50 20
      vertex 16 -52 20
    endloop
  endfacet
  facet normal 0 0.8 -0.6
    outer loop
      vertex -32 36 18
      vertex -30 36 18
      vertex -32 33 14
    endloop
  endfacet
  facet normal 0 -0.8 -0.6
    outer loop
      vertex -30 36 18
      vertex -32 36 18
      vertex -30 39 14
    endloop
  endfacet
  facet normal 0 -0.8 -0.6
    outer loop
      vertex -30 39 14
      vertex -32 36 18
      vertex -32 39 14
    endloop
  endfacet
  facet normal 0 0.8 -0.6
    outer loop
      vertex -30 36 18
      vertex -30 33 14
      vertex -32 33 14
    endloop
  endfacet
  facet normal 0 -0.8 0.6
    outer loop
      vertex -30 36 10
      vertex -32 39 14
      vertex -32 36 10
    endloop
  endfacet
  facet normal 0 0.8 0.6
    outer loop
      vertex -32 33 14
      vertex -30 33 14
      vertex -32 36 10
    endloop
  endfacet
  facet normal 0 -0.8 0.6
    outer loop
      vertex -30 39 14
      vertex -32 39 14
      vertex -30 36 10
    endloop
  endfacet
  facet normal 0 0.8 0.6
    outer loop
      vertex -30 33 14
      vertex -30 36 10
      vertex -32 36 10
    endloop
  endfacet
  facet normal 0 0.8 -0.6
    outer loop
      vertex -32 28 18
      vertex -30 28 18
      vertex -32 25 14
    endloop
  endfacet
  facet normal 0 -0.8 -0.6
    outer loop
      vertex -30 28 18
      vertex -32 28 18
      vertex -30 31 14
    endloop
  endfacet
  facet normal 0 -0.8 -0.6
    outer loop
      vertex -30 31 14
      vertex -32 28 18
      vertex -32 31 14
    endloop
  endfacet
  facet normal 0 -0.8 0.6
    outer loop
      vertex -30 28 10
      vertex -32 31 14
      vertex -32 28 10
    endloop
  endfacet
  facet normal 0 -0.8 0.6
    outer loop
      vertex -30 31 14
      vertex -32 31 14
      vertex -30 28 10
    endloop
  endfacet
  facet normal 0 0.8 0.6
    outer loop
      vertex -30 28 10
      vertex -32 28 10
      vertex -30 25 14
    endloop
  endfacet
  facet normal 0 0.8 -0.6
    outer loop
      vertex -30 28 18
      vertex -30 25 14
      vertex -32 25 14
    endloop
  endfacet
  facet normal 0 0.8 0.6
    outer loop
      vertex -32 25 14
      vertex -30 25 14
      vertex -32 28 10
    endloop
  endfacet
  facet normal 0 -0.8 -0.6
    outer loop
      vertex -30 20 18
      vertex -32 20 18
      vertex -30 23 14
    endloop
  endfacet
  facet normal 0 0.8 -0.6
    outer loop
      vertex -32 20 18
      vertex -30 20 18
      vertex -32 17 14
    endloop
  endfacet
  facet normal 0 -0.8 -0.6
    outer loop
      vertex -30 23 14
      vertex -32 20 18
      vertex -32 23 14
    endloop
  endfacet
  facet normal 0 -0.8 0.6
    outer loop
      vertex -30 20 10
      vertex -32 23 14
      vertex -32 20 10
    endloop
  endfacet
  facet normal 0 -0.8 0.6
    outer loop
      vertex -30 23 14
      vertex -32 23 14
      vertex -30 20 10
    endloop
  endfacet
  facet normal 0 0.8 -0.6
    outer loop
      vertex -30 20 18
      vertex -30 17 14
      vertex -32 17 14
    endloop
  endfacet
  facet normal 0 0.8 0.6
    outer loop
      vertex -32 17 14
      vertex -30 17 14
      vertex -32 20 10
    endloop
  endfacet
  facet normal 0 0.8 0.6
    outer loop
      vertex -30 17 14
      vertex -30 20 10
      vertex -32 20 10
    endloop
  endfacet
  facet normal 0 -0.8 -0.6
    outer loop
      vertex -32 15 14
      vertex -30 15 14
      vertex -32 12 18
    endloop
  endfacet
  facet normal 0 -0.8 0.6
    outer loop
      vertex -30 15 14
      vertex -32 15 14
      vertex -30 12 10
    endloop
  endfacet
  facet normal 0 0.8 -0.6
    outer loop
      vertex -32 12 18
      vertex -30 12 18
      vertex -32 9 14
    endloop
  endfacet
  facet normal 0 -0.8 -0.6
    outer loop
      vertex -30 15 14
      vertex -30 12 18
      vertex -32 12 18
    endloop
  endfacet
  facet normal 0 0.8 -0.6
    outer loop
      vertex -30 12 18
      vertex -30 9 14
      vertex -32 9 14
    endloop
  endfacet
  facet normal 0 0.8 0.6
    outer loop
      vertex -32 9 14
      vertex -30 9 14
      vertex -32 12 10
    endloop
  endfacet
  facet normal 0 -0.8 0.6
    outer loop
      vertex -30 12 10
      vertex -32 15 14
      vertex -32 12 10
    endloop
  endfacet
  facet normal 0 0.8 0.6
    outer loop
      vertex -30 9 14
      vertex -30 12 10
      vertex -32 12 10
    endloop
  endfacet
  facet normal 0 0.8 -0.6
    outer loop
      vertex -32 4 18
      vertex -30 4 18
      vertex -32 1 14
    endloop
  endfacet
  facet normal 0 -0.8 -0.6
    outer loop
      vertex -30 4 18
      vertex -32 4 18
      vertex -30 7 14
    endloop
  endfacet
  facet normal 0 -0.8 -0.6
    outer loop
      vertex -30 7 14
      vertex -32 4 18
      vertex -32 7 14
    endloop
  endfacet
  facet normal 0 0.8 -0.6
    outer loop
      vertex -30 4 18
      vertex -30 1 14
      vertex -32 1 14
    endloop
  endfacet
  facet normal 0 -0.8 0.6
    outer loop
      vertex -30 4 10
      vertex -32 7 14
      vertex -32 4 10
    endloop
  endfacet
  facet normal 0 0.8 0.6
    outer loop
      vertex -32 1 14
      vertex -30 1 14
      vertex -32 4 10
    endloop
  endfacet
  facet normal 0 -0.8 0.6
    outer loop
      vertex -30 7 14
      vertex -32 7 14
      vertex -30 4 10
    endloop
  endfacet
  facet normal 0 0.8 0.6
    outer loop
      vertex -30 1 14
      vertex -30 4 10
      vertex -32 4 10
    endloop
  endfacet
  facet normal 0 0.8 -0.6
    outer loop
      vertex -32 -7 14
      vertex -32 -4 18
      vertex -30 -4 18
    endloop
  endfacet
  facet normal 0 -0.8 -0.6
    outer loop
      vertex -30 -4 18
      vertex -32 -4 18
      vertex -30 -1 14
    endloop
  endfacet
  facet normal 0 -0.8 -0.6
    outer loop
      vertex -32 -4 18
      vertex -32 -1 14
      vertex -30 -1 14
    endloop
  endfacet
  facet normal 0 0.8 -0.6
    outer loop
      vertex -30 -4 18
      vertex -30 -7 14
      vertex -32 -7 14
    endloop
  endfacet
  facet normal 0 -0.8 0.6
    outer loop
      vertex -30 -4 10
      vertex -32 -1 14
      vertex -32 -4 10
    endloop
  endfacet
  facet normal 0 0.8 0.6
    outer loop
      vertex -32 -7 14
      vertex -30 -7 14
      vertex -32 -4 10
    endloop
  endfacet
  facet normal 0 -0.8 0.6
    outer loop
      vertex -30 -1 14
      vertex -32 -1 14
      vertex -30 -4 10
    endloop
  endfacet
  facet normal 0 0.8 0.6
    outer loop
      vertex -30 -7 14
      vertex -30 -4 10
      vertex -32 -4 10
    endloop
  endfacet
  facet normal 0 -0.8 -0.6
    outer loop
      vertex -30 -9 14
      vertex -30 -12 18
      vertex -32 -12 18
    endloop
  endfacet
  facet normal 0 -0.8 -0.6
    outer loop
      vertex -32 -12 18
      vertex -32 -9 14
      vertex -30 -9 14
    endloop
  endfacet
  facet normal 0 -0.8 0.6
    outer loop
      vertex -30 -12 10
      vertex -32 -9 14
      vertex -32 -12 10
    endloop
  endfacet
  facet normal 0 -0.8 0.6
    outer loop
      vertex -30 -9 14
      vertex -32 -9 14
      vertex -30 -12 10
    endloop
  endfacet
  facet normal 0 0.8 -0.6
    outer loop
      vertex -32 -12 18
      vertex -30 -12 18
      vertex -32 -15 14
    endloop
  endfacet
  facet normal 0 0.8 -0.6
    outer loop
      vertex -30 -12 18
      vertex -30 -15 14
      vertex -32 -15 14
    endloop
  endfacet
  facet normal 0 0.8 0.6
    outer loop
      vertex -32 -12 10
      vertex -32 -15 14
      vertex -30 -15 14
    endloop
  endfacet
  facet normal 0 0.8 0.6
    outer loop
      vertex -30 -12 10
      vertex -32 -12 10
      vertex -30 -15 14
    endloop
  endfacet
  facet normal 0 -0.8 -0.6
    outer loop
      vertex -30 -17 14
      vertex -30 -20 18
      vertex -32 -20 18
    endloop
  endfacet
  facet normal 0 0.8 -0.6
    outer loop
      vertex -32 -20 18
      vertex -30 -20 18
      vertex -32 -23 14
    endloop
  endfacet
  facet normal 0 -0.8 -0.6
    outer loop
      vertex -30 -17 14
      vertex -32 -20 18
      vertex -32 -17 14
    endloop
  endfacet
  facet normal 0 -0.8 0.6
    outer loop
      vertex -32 -17 14
      vertex -32 -20 10
      vertex -30 -20 10
    endloop
  endfacet
  facet normal 0 -0.8 0.6
    outer loop
      vertex -30 -17 14
      vertex -32 -17 14
      vertex -30 -20 10
    endloop
  endfacet
  facet normal 0 0.8 -0.6
    outer loop
      vertex -30 -20 18
      vertex -30 -23 14
      vertex -32 -23 14
    endloop
  endfacet
  facet normal 0 0.8 0.6
    outer loop
      vertex -32 -20 10
      vertex -32 -23 14
      vertex -30 -23 14
    endloop
  endfacet
  facet normal 0 0.8 0.6
    outer loop
      vertex -30 -23 14
      vertex -30 -20 10
      vertex -32 -20 10
    endloop
  endfacet
  facet normal 0 0.8 -0.6
    outer loop
      vertex -32 -28 18
      vertex -30 -28 18
      vertex -32 -31 14
    endloop
  endfacet
  facet normal 0 -0.8 -0.6
    outer loop
      vertex -30 -25 14
      vertex -30 -28 18
      vertex -32 -28 18
    endloop
  endfacet
  facet normal 0 -0.8 -0.6
    outer loop
      vertex -32 -25 14
      vertex -30 -25 14
      vertex -32 -28 18
    endloop
  endfacet
  facet normal 0 0.8 -0.6
    outer loop
      vertex -30 -28 18
      vertex -30 -31 14
      vertex -32 -31 14
    endloop
  endfacet
  facet normal 0 -0.8 0.6
    outer loop
      vertex -30 -28 10
      vertex -32 -25 14
      vertex -32 -28 10
    endloop
  endfacet
  facet normal 0 0.8 0.6
    outer loop
      vertex -32 -31 14
      vertex -30 -31 14
      vertex -32 -28 10
    endloop
  endfacet
  facet normal 0 -0.8 0.6
    outer loop
      vertex -30 -28 10
      vertex -30 -25 14
      vertex -32 -25 14
    endloop
  endfacet
  facet normal 0 0.8 0.6
    outer loop
      vertex -30 -28 10
      vertex -32 -28 10
      vertex -30 -31 14
    endloop
  endfacet
  facet normal 0 0.8 -0.6
    outer loop
      vertex -32 -36 18
      vertex -30 -36 18
      vertex -32 -39 14
    endloop
  endfacet
  facet normal 0 -0.8 -0.6
    outer loop
      vertex -30 -36 18
      vertex -32 -36 18
      vertex -30 -33 14
    endloop
  endfacet
  facet normal 0 -0.8 -0.6
    outer loop
      vertex -30 -33 14
      vertex -32 -36 18
      vertex -32 -33 14
    endloop
  endfacet
  facet normal 0 0.8 -0.6
    outer loop
      vertex -30 -36 18
      vertex -30 -39 14
      vertex -32 -39 14
    endloop
  endfacet
  facet normal 0 -0.8 0.6
    outer loop
      vertex -30 -36 10
      vertex -32 -33 14
      vertex -32 -36 10
    endloop
  endfacet
  facet normal 0 0.8 0.6
    outer loop
      vertex -32 -39 14
      vertex -30 -39 14
      vertex -32 -36 10
    endloop
  endfacet
  facet normal 0 -0.8 0.6
    outer loop
      vertex -30 -33 14
      vertex -32 -33 14
      vertex -30 -36 10
    endloop
  endfacet
  facet normal 0 0.8 0.6
    outer loop
      vertex -30 -39 14
      vertex -30 -36 10
      vertex -32 -36 10
    endloop
  endfacet
  facet normal 0 -0.8 -0.6
    outer loop
      vertex 32 20 18
      vertex 30 20 18
      vertex 32 23 14
    endloop
  endfacet
  facet normal 0 0.8 -0.6
    outer loop
      vertex 30 17 14
      vertex 30 20 18
      vertex 32 20 18
    endloop
  endfacet
  facet normal 0 -0.8 -0.6
    outer loop
      vertex 30 20 18
      vertex 30 23 14
      vertex 32 23 14
    endloop
  endfacet
  facet normal 0 -0.8 0.6
    outer loop
      vertex 30 23 14
      vertex 30 20 10
      vertex 32 20 10
    endloop
  endfacet
  facet normal 0 -0.8 0.6
    outer loop
      vertex 32 20 10
      vertex 32 23 14
      vertex 30 23 14
    endloop
  endfacet
  facet normal 0 0.8 -0.6
    outer loop
      vertex 32 20 18
      vertex 32 17 14
      vertex 30 17 14
    endloop
  endfacet
  facet normal 0 0.8 0.6
    outer loop
      vertex 30 17 14
      vertex 32 17 14
      vertex 30 20 10
    endloop
  endfacet
  facet normal 0 0.8 0.6
    outer loop
      vertex 32 17 14
      vertex 32 20 10
      vertex 30 20 10
    endloop
  endfacet
  facet normal 0 -0.8 -0.6
    outer loop
      vertex 30 12 18
      vertex 30 15 14
      vertex 32 15 14
    endloop
  endfacet
  facet normal 0 -0.8 0.6
    outer loop
      vertex 32 12 10
      vertex 32 15 14
      vertex 30 15 14
    endloop
  endfacet
  facet normal 0 0.8 -0.6
    outer loop
      vertex 30 9 14
      vertex 30 12 18
      vertex 32 12 18
    endloop
  endfacet
  facet normal 0 -0.8 -0.6
    outer loop
      vertex 30 12 18
      vertex 32 15 14
      vertex 32 12 18
    endloop
  endfacet
  facet normal 0 0.8 -0.6
    outer loop
      vertex 32 12 18
      vertex 32 9 14
      vertex 30 9 14
    endloop
  endfacet
  facet normal 0 0.8 0.6
    outer loop
      vertex 30 9 14
      vertex 32 9 14
      vertex 30 12 10
    endloop
  endfacet
  facet normal 0 -0.8 0.6
    outer loop
      vertex 32 12 10
      vertex 30 15 14
      vertex 30 12 10
    endloop
  endfacet
  facet normal 0 0.8 0.6
    outer loop
      vertex 32 9 14
      vertex 32 12 10
      vertex 30 12 10
    endloop
  endfacet
  facet normal 0 0.8 -0.6
    outer loop
      vertex 30 4 18
      vertex 32 4 18
      vertex 30 1 14
    endloop
  endfacet
  facet normal 0 -0.8 -0.6
    outer loop
      vertex 32 7 14
      vertex 32 4 18
      vertex 30 4 18
    endloop
  endfacet
  facet normal 0 -0.8 -0.6
    outer loop
      vertex 32 7 14
      vertex 30 4 18
      vertex 30 7 14
    endloop
  endfacet
  facet normal 0 0.8 -0.6
    outer loop
      vertex 32 4 18
      vertex 32 1 14
      vertex 30 1 14
    endloop
  endfacet
  facet normal 0 -0.8 0.6
    outer loop
      vertex 32 4 10
      vertex 30 7 14
      vertex 30 4 10
    endloop
  endfacet
  facet normal 0 0.8 0.6
    outer loop
      vertex 30 1 14
      vertex 32 1 14
      vertex 30 4 10
    endloop
  endfacet
  facet normal 0 -0.8 0.6
    outer loop
      vertex 32 7 14
      vertex 30 7 14
      vertex 32 4 10
    endloop
  endfacet
  facet normal 0 0.8 0.6
    outer loop
      vertex 32 1 14
      vertex 32 4 10
      vertex 30 4 10
    endloop
  endfacet
  facet normal 0 0.8 -0.6
    outer loop
      vertex 30 -4 18
      vertex 32 -4 18
      vertex 30 -7 14
    endloop
  endfacet
  facet normal 0 -0.8 -0.6
    outer loop
      vertex 32 -4 18
      vertex 30 -4 18
      vertex 32 -1 14
    endloop
  endfacet
  facet normal 0 -0.8 -0.6
    outer loop
      vertex 32 -1 14
      vertex 30 -4 18
      vertex 30 -1 14
    endloop
  endfacet
  facet normal 0 0.8 -0.6
    outer loop
      vertex 32 -4 18
      vertex 32 -7 14
      vertex 30 -7 14
    endloop
  endfacet
  facet normal 0 -0.8 0.6
    outer loop
      vertex 32 -4 10
      vertex 30 -1 14
      vertex 30 -4 10
    endloop
  endfacet
  facet normal 0 0.8 0.6
    outer loop
      vertex 30 -7 14
      vertex 32 -7 14
      vertex 30 -4 10
    endloop
  endfacet
  facet normal 0 -0.8 0.6
    outer loop
      vertex 32 -1 14
      vertex 30 -1 14
      vertex 32 -4 10
    endloop
  endfacet
  facet normal 0 0.8 0.6
    outer loop
      vertex 32 -7 14
      vertex 32 -4 10
      vertex 30 -4 10
    endloop
  endfacet
  facet normal 0 -0.8 -0.6
    outer loop
      vertex 32 -12 18
      vertex 30 -12 18
      vertex 32 -9 14
    endloop
  endfacet
  facet normal 0 -0.8 -0.6
    outer loop
      vertex 32 -9 14
      vertex 30 -12 18
      vertex 30 -9 14
    endloop
  endfacet
  facet normal 0 -0.8 0.6
    outer loop
      vertex 32 -12 10
      vertex 30 -9 14
      vertex 30 -12 10
    endloop
  endfacet
  facet normal 0 -0.8 0.6
    outer loop
      vertex 32 -9 14
      vertex 30 -9 14
      vertex 32 -12 10
    endloop
  endfacet
  facet normal 0 0.8 -0.6
    outer loop
      vertex 30 -12 18
      vertex 32 -12 18
      vertex 30 -15 14
    endloop
  endfacet
  facet normal 0 0.8 -0.6
    outer loop
      vertex 32 -12 18
      vertex 32 -15 14
      vertex 30 -15 14
    endloop
  endfacet
  facet normal 0 0.8 0.6
    outer loop
      vertex 30 -15 14
      vertex 32 -15 14
      vertex 30 -12 10
    endloop
  endfacet
  facet normal 0 0.8 0.6
    outer loop
      vertex 32 -12 10
      vertex 30 -12 10
      vertex 32 -15 14
    endloop
  endfacet
  facet normal 0 -0.8 -0.6
    outer loop
      vertex 32 -20 18
      vertex 30 -20 18
      vertex 32 -17 14
    endloop
  endfacet
  facet normal 0 0.8 -0.6
    outer loop
      vertex 30 -20 18
      vertex 32 -20 18
      vertex 30 -23 14
    endloop
  endfacet
  facet normal 0 -0.8 -0.6
    outer loop
      vertex 32 -17 14
      vertex 30 -20 18
      vertex 30 -17 14
    endloop
  endfacet
  facet normal 0 -0.8 0.6
    outer loop
      vertex 32 -20 10
      vertex 30 -17 14
      vertex 30 -20 10
    endloop
  endfacet
  facet normal 0 -0.8 0.6
    outer loop
      vertex 32 -17 14
      vertex 30 -17 14
      vertex 32 -20 10
    endloop
  endfacet
  facet normal 0 0.8 -0.6
    outer loop
      vertex 32 -20 18
      vertex 32 -23 14
      vertex 30 -23 14
    endloop
  endfacet
  facet normal 0 0.8 0.6
    outer loop
      vertex 30 -23 14
      vertex 32 -23 14
      vertex 30 -20 10
    endloop
  endfacet
  facet normal 0 0.8 0.6
    outer loop
      vertex 32 -23 14
      vertex 32 -20 10
      vertex 30 -20 10
    endloop
  endfacet
  facet normal 0 0.8 -0.6
    outer loop
      vertex 30 -28 18
      vertex 32 -28 18
      vertex 30 -31 14
    endloop
  endfacet
  facet normal 0 -0.8 -0.6
    outer loop
      vertex 32 -25 14
      vertex 32 -28 18
      vertex 30 -28 18
    endloop
  endfacet
  facet normal 0 -0.8 -0.6
    outer loop
      vertex 30 -25 14
      vertex 32 -25 14
      vertex 30 -28 18
    endloop
  endfacet
  facet normal 0 0.8 -0.6
    outer loop
      vertex 32 -28 18
      vertex 32 -31 14
      vertex 30 -31 14
    endloop
  endfacet
  facet normal 0 -0.8 0.6
    outer loop
      vertex 32 -28 10
      vertex 30 -25 14
      vertex 30 -28 10
    endloop
  endfacet
  facet normal 0 0.8 0.6
    outer loop
      vertex 30 -31 14
      vertex 32 -31 14
      vertex 30 -28 10
    endloop
  endfacet
  facet normal 0 -0.8 0.6
    outer loop
      vertex 32 -25 14
      vertex 30 -25 14
      vertex 32 -28 10
    endloop
  endfacet
  facet normal 0 0.8 0.6
    outer loop
      vertex 32 -31 14
      vertex 32 -28 10
      vertex 30 -28 10
    endloop
  endfacet
  facet normal 0 0.8 -0.6
    outer loop
      vertex 30 -36 18
      vertex 32 -36 18
      vertex 30 -39 14
    endloop
  endfacet
  facet normal 0 -0.8 -0.6
    outer loop
      vertex 32 -36 18
      vertex 30 -36 18
      vertex 32 -33 14
    endloop
  endfacet
  facet normal 0 -0.8 -0.6
    outer loop
      vertex 32 -33 14
      vertex 30 -36 18
      vertex 30 -33 14
    endloop
  endfacet
  facet normal 0 0.8 -0.6
    outer loop
      vertex 32 -36 18
      vertex 32 -39 14
      vertex 30 -39 14
    endloop
  endfacet
  facet normal 0 -0.8 0.6
    outer loop
      vertex 32 -36 10
      vertex 30 -33 14
      vertex 30 -36 10
    endloop
  endfacet
  facet normal 0 0.8 0.6
    outer loop
      vertex 30 -39 14
      vertex 32 -39 14
      vertex 30 -36 10
    endloop
  endfacet
  facet normal 0 -0.8 0.6
    outer loop
      vertex 32 -33 14
      vertex 30 -33 14
      vertex 32 -36 10
    endloop
  endfacet
  facet normal 0 0.8 0.6
    outer loop
      vertex 32 -39 14
      vertex 32 -36 10
      vertex 30 -36 10
    endloop
  endfacet
  facet normal 0.8 0 -0.6
    outer loop
      vertex -16 50 18
      vertex -19 52 14
      vertex -16 52 18
    endloop
  endfacet
  facet normal -0.8 0 -0.6
    outer loop
      vertex -16 50 18
      vertex -16 52 18
      vertex -13 50 14
    endloop
  endfacet
  facet normal 0.8 0 -0.6
    outer loop
      vertex -16 50 18
      vertex -19 50 14
      vertex -19 52 14
    endloop
  endfacet
  facet normal 0.8 0 0.6
    outer loop
      vertex -19 52 14
      vertex -19 50 14
      vertex -16 52 10
    endloop
  endfacet
  facet normal 0.8 0 0.6
    outer loop
      vertex -19 50 14
      vertex -16 50 10
      vertex -16 52 10
    endloop
  endfacet
  facet normal -0.8 0 0.6
    outer loop
      vertex -13 52 14
      vertex -16 52 10
      vertex -16 50 10
    endloop
  endfacet
  facet normal -0.8 0 -0.6
    outer loop
      vertex -13 50 14
      vertex -16 52 18
      vertex -13 52 14
    endloop
  endfacet
  facet normal -0.8 0 0.6
    outer loop
      vertex -16 50 10
      vertex -13 50 14
      vertex -13 52 14
    endloop
  endfacet
  facet normal 0.8 0 -0.6
    outer loop
      vertex -8 50 18
      vertex -11 50 14
      vertex -11 52 14
    endloop
  endfacet
  facet normal 0.8 0 0.6
    outer loop
      vertex -11 52 14
      vertex -11 50 14
      vertex -8 52 10
    endloop
  endfacet
  facet normal 0.8 0 -0.6
    outer loop
      vertex -8 50 18
      vertex -11 52 14
      vertex -8 52 18
    endloop
  endfacet
  facet normal -0.8 0 -0.6
    outer loop
      vertex -5 50 14
      vertex -8 50 18
      vertex -8 52 18
    endloop
  endfacet
  facet normal -0.8 0 -0.6
    outer loop
      vertex -8 52 18
      vertex -5 52 14
      vertex -5 50 14
    endloop
  endfacet
  facet normal 0.8 0 0.6
    outer loop
      vertex -8 52 10
      vertex -11 50 14
      vertex -8 50 10
    endloop
  endfacet
  facet normal -0.8 0 0.6
    outer loop
      vertex -5 50 14
      vertex -5 52 14
      vertex -8 50 10
    endloop
  endfacet
  facet normal -0.8 0 0.6
    outer loop
      vertex -8 52 10
      vertex -8 50 10
      vertex -5 52 14
    endloop
  endfacet
  facet normal 0.8 0 -0.6
    outer loop
      vertex -3 52 14
      vertex 0 52 18
      vertex 0 50 18
    endloop
  endfacet
  facet normal 0.8 0 -0.6
    outer loop
      vertex -3 52 14
      vertex 0 50 18
      vertex -3 50 14
    endloop
  endfacet
  facet normal 0.8 0 0.6
    outer loop
      vertex -3 52 14
      vertex -3 50 14
      vertex 0 52 10
    endloop
  endfacet
  facet normal 0.8 0 0.6
    outer loop
      vertex 0 52 10
      vertex -3 50 14
      vertex 0 50 10
    endloop
  endfacet
  facet normal -0.8 0 -0.6
    outer loop
      vertex 0 50 18
      vertex 0 52 18
      vertex 3 50 14
    endloop
  endfacet
  facet normal -0.8 0 -0.6
    outer loop
      vertex 0 52 18
      vertex 3 52 14
      vertex 3 50 14
    endloop
  endfacet
  facet normal -0.8 0 0.6
    outer loop
      vertex 3 50 14
      vertex 3 52 14
      vertex 0 50 10
    endloop
  endfacet
  facet normal -0.8 0 0.6
    outer loop
      vertex 0 52 10
      vertex 0 50 10
      vertex 3 52 14
    endloop
  endfacet
  facet normal 0.8 0 -0.6
    outer loop
      vertex 5 52 14
      vertex 8 52 18
      vertex 8 50 18
    endloop
  endfacet
  facet normal -0.8 0 -0.6
    outer loop
      vertex 8 50 18
      vertex 8 52 18
      vertex 11 50 14
    endloop
  endfacet
  facet normal 0.8 0 -0.6
    outer loop
      vertex 5 52 14
      vertex 8 50 18
      vertex 5 50 14
    endloop
  endfacet
  facet normal 0.8 0 0.6
    outer loop
      vertex 8 52 10
      vertex 5 52 14
      vertex 5 50 14
    endloop
  endfacet
  facet normal 0.8 0 0.6
    outer loop
      vertex 8 52 10
      vertex 5 50 14
      vertex 8 50 10
    endloop
  endfacet
  facet normal -0.8 0 0.6
    outer loop
      vertex 11 52 14
      vertex 8 52 10
      vertex 8 50 10
    endloop
  endfacet
  facet normal -0.8 0 -0.6
    outer loop
      vertex 8 52 18
      vertex 11 52 14
      vertex 11 50 14
    endloop
  endfacet
  facet normal -0.8 0 0.6
    outer loop
      vertex 11 52 14
      vertex 8 50 10
      vertex 11 50 14
    endloop
  endfacet
  facet normal 0.8 0 -0.6
    outer loop
      vertex 16 52 18
      vertex 16 50 18
      vertex 13 52 14
    endloop
  endfacet
  facet normal -0.8 0 -0.6
    outer loop
      vertex 16 50 18
      vertex 16 52 18
      vertex 19 50 14
    endloop
  endfacet
  facet normal 0.8 0 -0.6
    outer loop
      vertex 13 52 14
      vertex 16 50 18
      vertex 13 50 14
    endloop
  endfacet
  facet normal 0.8 0 0.6
    outer loop
      vertex 16 52 10
      vertex 13 52 14
      vertex 13 50 14
    endloop
  endfacet
  facet normal -0.8 0 -0.6
    outer loop
      vertex 16 52 18
      vertex 19 52 14
      vertex 19 50 14
    endloop
  endfacet
  facet normal 0.8 0 0.6
    outer loop
      vertex 16 52 10
      vertex 13 50 14
      vertex 16 50 10
    endloop
  endfacet
  facet normal -0.8 0 0.6
    outer loop
      vertex 19 52 14
      vertex 16 50 10
      vertex 19 50 14
    endloop
  endfacet
  facet normal -0.8 0 0.6
    outer loop
      vertex 19 52 14
      vertex 16 52 10
      vertex 16 50 10
    endloop
  endfacet
  facet normal 0.8 0 -0.6
    outer loop
      vertex -3 -50 14
      vertex 0 -50 18
      vertex 0 -52 18
    endloop
  endfacet
  facet normal 0.8 0 -0.6
    outer loop
      vertex 0 -52 18
      vertex -3 -52 14
      vertex -3 -50 14
    endloop
  endfacet
  facet normal 0.8 0 0.6
    outer loop
      vertex -3 -50 14
      vertex -3 -52 14
      vertex 0 -50 10
    endloop
  endfacet
  facet normal 0.8 0 0.6
    outer loop
      vertex 0 -50 10
      vertex -3 -52 14
      vertex 0 -52 10
    endloop
  endfacet
  facet normal -0.8 0 -0.6
    outer loop
      vertex 3 -52 14
      vertex 0 -52 18
      vertex 0 -50 18
    endloop
  endfacet
  facet normal -0.8 0 -0.6
    outer loop
      vertex 0 -50 18
      vertex 3 -50 14
      vertex 3 -52 14
    endloop
  endfacet
  facet normal -0.8 0 0.6
    outer loop
      vertex 3 -52 14
      vertex 3 -50 14
      vertex 0 -52 10
    endloop
  endfacet
  facet normal -0.8 0 0.6
    outer loop
      vertex 0 -50 10
      vertex 0 -52 10
      vertex 3 -50 14
    endloop
  endfacet
  facet normal 0.8 0 -0.6
    outer loop
      vertex 5 -50 14
      vertex 8 -50 18
      vertex 8 -52 18
    endloop
  endfacet
  facet normal -0.8 0 -0.6
    outer loop
      vertex 8 -52 18
      vertex 8 -50 18
      vertex 11 -52 14
    endloop
  endfacet
  facet normal 0.8 0 -0.6
    outer loop
      vertex 5 -50 14
      vertex 8 -52 18
      vertex 5 -52 14
    endloop
  endfacet
  facet normal 0.8 0 0.6
    outer loop
      vertex 5 -50 14
      vertex 5 -52 14
      vertex 8 -50 10
    endloop
  endfacet
  facet normal 0.8 0 0.6
    outer loop
      vertex 8 -50 10
      vertex 5 -52 14
      vertex 8 -52 10
    endloop
  endfacet
  facet normal -0.8 0 0.6
    outer loop
      vertex 8 -50 10
      vertex 8 -52 10
      vertex 11 -50 14
    endloop
  endfacet
  facet normal -0.8 0 -0.6
    outer loop
      vertex 8 -50 18
      vertex 11 -50 14
      vertex 11 -52 14
    endloop
  endfacet
  facet normal -0.8 0 0.6
    outer loop
      vertex 11 -50 14
      vertex 8 -52 10
      vertex 11 -52 14
    endloop
  endfacet
  facet normal 0.8 0 -0.6
    outer loop
      vertex 16 -50 18
      vertex 16 -52 18
      vertex 13 -50 14
    endloop
  endfacet
  facet normal -0.8 0 -0.6
    outer loop
      vertex 16 -52 18
      vertex 16 -50 18
      vertex 19 -52 14
    endloop
  endfacet
  facet normal 0.8 0 -0.6
    outer loop
      vertex 13 -50 14
      vertex 16 -52 18
      vertex 13 -52 14
    endloop
  endfacet
  facet normal 0.8 0 0.6
    outer loop
      vertex 16 -50 10
      vertex 13 -50 14
      vertex 13 -52 14
    endloop
  endfacet
  facet normal -0.8 0 -0.6
    outer loop
      vertex 16 -50 18
      vertex 19 -50 14
      vertex 19 -52 14
    endloop
  endfacet
  facet normal 0.8 0 0.6
    outer loop
      vertex 16 -50 10
      vertex 13 -52 14
      vertex 16 -52 10
    endloop
  endfacet
  facet normal -0.8 0 0.6
    outer loop
      vertex 19 -50 14
      vertex 16 -52 10
      vertex 19 -52 14
    endloop
  endfacet
  facet normal -0.8 0 0.6
    outer loop
      vertex 19 -50 14
      vertex 16 -50 10
      vertex 16 -52 10
    endloop
  endfacet
  facet normal 0 -1 0
    outer loop
      vertex 32 37.3 42
      vertex 30 37.3 42
      vertex 32 37.3 18
    endloop
  endfacet
  facet normal 0 -1 0
    outer loop
      vertex 30 37.3 42
      vertex 30 37.3 18
      vertex 32 37.3 18
    endloop
  endfacet
  facet normal 0 1 0
    outer loop
      vertex 32 25.299999999999997 42
      vertex 30 25.299999999999997 18
      vertex 30 25.299999999999997 42
    endloop
  endfacet
  facet normal 0 1 0
    outer loop
      vertex 32 25.299999999999997 42
      vertex 32 25.299999999999997 33
      vertex 30 25.299999999999997 18
    endloop
  endfacet
  facet normal 0 1 0
    outer loop
      vertex 32 25.299999999999997 33
      vertex 32 25.299999999999997 18
      vertex 30 25.299999999999997 18
    endloop
  endfacet
  facet normal 0 0 1
    outer loop
      vertex 30 37.3 18
      vertex 32 25.299999999999997 18
      vertex 32 37.3 18
    endloop
  endfacet
  facet normal 0 0 1
    outer loop
      vertex 30 37.3 18
      vertex 30 25.299999999999997 18
      vertex 32 25.299999999999997 18
    endloop
  endfacet
  facet normal 1 0 0
    outer loop
      vertex -28.75 -50 42
      vertex -28.75 -52 42
      vertex -28.75 -50 16
    endloop
  endfacet
  facet normal 1 0 0
    outer loop
      vertex -28.75 -52 42
      vertex -28.75 -52 16
      vertex -28.75 -50 16
    endloop
  endfacet
  facet normal -1 0 0
    outer loop
      vertex -6.75 -52 42
      vertex -6.75 -50 42
      vertex -6.75 -50 26.5
    endloop
  endfacet
  facet normal -1 0 0
    outer loop
      vertex -6.75 -52 42
      vertex -6.75 -50 26.5
      vertex -6.75 -52 16
    endloop
  endfacet
  facet normal 0 0 1
    outer loop
      vertex -28.75 -50 16
      vertex -28.75 -52 16
      vertex -6.75 -50 16
    endloop
  endfacet
  facet normal 0 0 1
    outer loop
      vertex -28.75 -52 16
      vertex -6.75 -52 16
      vertex -6.75 -50 16
    endloop
  endfacet
  facet normal -1 0 0
    outer loop
      vertex -6.75 -52 16
      vertex -6.75 -50 26.5
      vertex -6.75 -50 16
    endloop
  endfacet
  facet normal 1 0 0
    outer loop
      vertex -12 52 42
      vertex -12 50 42
      vertex -12 52 30
    endloop
  endfacet
  facet normal 1 0 0
    outer loop
      vertex -12 50 42
      vertex -12 50 30
      vertex -12 52 30
    endloop
  endfacet
  facet normal 0 0 1
    outer loop
      vertex -12 52 30
      vertex -12 50 30
      vertex 12 52 30
    endloop
  endfacet
  facet normal -1 0 0
    outer loop
      vertex 12 50 42
      vertex 12 52 42
      vertex 12 50 30
    endloop
  endfacet
  facet normal -1 0 0
    outer loop
      vertex 12 50 30
      vertex 12 52 42
      vertex 12 52 30
    endloop
  endfacet
  facet normal 0 0 1
    outer loop
      vertex -12 50 30
      vertex 12 50 30
      vertex 12 52 30
    endloop
  endfacet
  facet normal 1 0 0
    outer loop
      vertex 8.3 52 24.8
      vertex 8.3 52 27.2
      vertex 8.3 50 27.2
    endloop
  endfacet
  facet normal 1 0 0
    outer loop
      vertex 8.3 50 27.2
      vertex 8.3 50 24.8
      vertex 8.3 52 24.8
    endloop
  endfacet
  facet normal 0 0 -1
    outer loop
      vertex 8.3 50 27.2
      vertex 8.3 52 27.2
      vertex 24.7 50 27.2
    endloop
  endfacet
  facet normal 0 0 1
    outer loop
      vertex 8.3 52 24.8
      vertex 8.3 50 24.8
      vertex 24.7 52 24.8
    endloop
  endfacet
  facet normal 0 0 -1
    outer loop
      vertex 8.3 52 27.2
      vertex 24.7 52 27.2
      vertex 24.7 50 27.2
    endloop
  endfacet
  facet normal -1 0 0
    outer loop
      vertex 24.7 52 27.2
      vertex 24.7 50 24.8
      vertex 24.7 50 27.2
    endloop
  endfacet
  facet normal 0 0 1
    outer loop
      vertex 24.7 52 24.8
      vertex 8.3 50 24.8
      vertex 24.7 50 24.8
    endloop
  endfacet
  facet normal -1 0 0
    outer loop
      vertex 24.7 52 27.2
      vertex 24.7 52 24.8
      vertex 24.7 50 24.8
    endloop
  endfacet
endsolid OpenSCAD_Model
